Identificador,Producto,Cantidad,Precio Unitario,Total Pagado,Forma de pago,Lugar Compra,Fecha Compra
TXN_1961373,Café,2,2.0,4.0,Tarjeta Crédito,Para llevar,2023-09-08
TXN_4977031,Torta,4,3.0,12.0,Efectivo,Restaurante,2023-05-16
TXN_4271903,Galleta,4,1.0,ERROR,Tarjeta Crédito,Restaurante,2023-07-19
TXN_7034554,Ensalada,2,5.0,10.0,DESCONOCIDO,DESCONOCIDO,2023-04-27
TXN_3160411,Café,2,2.0,4.0,Nequi/Daviplata,Restaurante,2023-06-11
TXN_2602893,Granizado,5,4.0,20.0,Tarjeta Crédito,,2023-03-31
TXN_4433211,DESCONOCIDO,3,3.0,9.0,ERROR,Para llevar,2023-10-06
TXN_6699534,Sandwich,4,4.0,16.0,Efectivo,DESCONOCIDO,2023-10-28
TXN_4717867,,5,3.0,15.0,,Para llevar,2023-07-28
TXN_2064365,Sandwich,5,4.0,20.0,,Restaurante,2023-12-31
TXN_2548360,Ensalada,5,5.0,25.0,Efectivo,Para llevar,2023-11-07
TXN_3051279,Sandwich,2,4.0,8.0,Tarjeta Crédito,Para llevar,ERROR
TXN_7619095,Sandwich,2,4.0,8.0,Efectivo,Restaurante,2023-05-03
TXN_9437049,Galleta,5,1.0,5.0,,Para llevar,2023-06-01
TXN_8915701,ERROR,2,1.5,3.0,,Restaurante,2023-03-21
TXN_2847255,Ensalada,3,5.0,15.0,Tarjeta Crédito,Restaurante,2023-11-15
TXN_3765707,Sandwich,1,4.0,4.0,,,2023-06-10
TXN_6769710,Jugo,2,3.0,6.0,Efectivo,Restaurante,2023-02-24
TXN_8876618,Torta,5,3.0,15.0,Efectivo,ERROR,2023-03-25
TXN_3709394,Jugo,4,3.0,12.0,Efectivo,Para llevar,2023-01-15
TXN_3522028,Granizado,ERROR,4.0,20.0,Efectivo,Restaurante,2023-04-04
TXN_3567645,Granizado,4,4.0,16.0,Tarjeta Crédito,Para llevar,2023-03-30
TXN_5132361,Sandwich,3,4.0,12.0,Nequi/Daviplata,Para llevar,2023-12-01
TXN_2616390,Sandwich,2,4.0,8.0,,,2023-09-18
TXN_9400181,Sandwich,5,4.0,20.0,Efectivo,Restaurante,2023-06-03
TXN_7958992,Granizado,3,4.0,,DESCONOCIDO,DESCONOCIDO,2023-12-13
TXN_5183041,Galleta,5,1.0,5.0,Tarjeta Crédito,Restaurante,2023-04-20
TXN_5695074,Jugo,4,3.0,12.0,Tarjeta Crédito,Para llevar,2023-04-10
TXN_8467949,Granizado,5,4.0,20.0,Tarjeta Crédito,,2023-03-11
TXN_7640952,Torta,4,3.0,12.0,Nequi/Daviplata,Para llevar,ERROR
TXN_1736287,,5,2.0,10.0,Nequi/Daviplata,,2023-06-02
TXN_8927252,DESCONOCIDO,2,1.0,ERROR,Tarjeta Crédito,ERROR,2023-11-06
TXN_9677376,Granizado,4,4.0,16.0,,Restaurante,2023-08-15
TXN_7710508,DESCONOCIDO,5,1.0,5.0,Efectivo,,ERROR
TXN_8853997,Granizado,2,4.0,8.0,Nequi/Daviplata,Para llevar,2023-10-09
TXN_9130559,Sandwich,1,4.0,4.0,Tarjeta Crédito,DESCONOCIDO,2023-05-28
TXN_6855453,DESCONOCIDO,4,3.0,12.0,,Restaurante,2023-07-17
TXN_1080432,Ensalada,2,5.0,10.0,Tarjeta Crédito,Restaurante,2023-04-29
TXN_2655815,Granizado,4,4.0,16.0,,Para llevar,2023-06-08
TXN_6688524,Café,4,2.0,8.0,ERROR,,2023-06-29
TXN_2083138,Granizado,3,4.0,12.0,,Restaurante,2023-04-17
TXN_2427584,Sandwich,4,4.0,16.0,,Para llevar,2023-12-22
TXN_6650263,Te,2,1.5,DESCONOCIDO,,Para llevar,2023-01-10
TXN_9620080,Jugo,4,3.0,12.0,,Para llevar,2023-10-02
TXN_1491578,Galleta,2,1.0,2.0,,,2023-02-23
TXN_5455792,Ensalada,3,5.0,15.0,Efectivo,,2023-03-22
TXN_8078640,Jugo,4,3.0,12.0,Nequi/Daviplata,Restaurante,2023-11-03
TXN_9499313,Jugo,5,3.0,15.0,,,2023-03-02
TXN_8201146,Jugo,5,3.0,15.0,Efectivo,,2023-06-26
TXN_8230936,Torta,3,3.0,9.0,,ERROR,2023-05-02
TXN_7742742,Torta,5,3.0,15.0,,Para llevar,2023-09-05
TXN_6342161,Ensalada,5,5.0,25.0,ERROR,Para llevar,2023-01-08
TXN_8914892,DESCONOCIDO,5,5.0,25.0,Nequi/Daviplata,,2023-03-15
TXN_3363746,Granizado,3,4.0,12.0,Tarjeta Crédito,,2023-11-25
TXN_8614868,Granizado,5,4.0,20.0,Nequi/Daviplata,Para llevar,2023-12-05
TXN_5522862,Galleta,ERROR,1.0,2.0,Tarjeta Crédito,Para llevar,2023-03-19
TXN_3578141,Torta,5,,15.0,,Para llevar,2023-06-27
TXN_2080895,Torta,DESCONOCIDO,3.0,3.0,Nequi/Daviplata,Restaurante,2023-04-19
TXN_6421134,Sandwich,4,4.0,16.0,Efectivo,Para llevar,2023-11-03
TXN_8813311,Jugo,5,3.0,15.0,,Restaurante,2023-10-07
TXN_9023317,Ensalada,1,5.0,5.0,,,2023-09-30
TXN_8051289,,1,3.0,3.0,,Restaurante,2023-10-09
TXN_2537617,Sandwich,1,4.0,4.0,Efectivo,,2023-05-27
TXN_9099694,DESCONOCIDO,3,5.0,15.0,,Para llevar,2023-11-18
TXN_9230615,Granizado,4,4.0,16.0,Nequi/Daviplata,,2023-06-01
TXN_4987129,Sandwich,3,,,,Restaurante,2023-10-20
TXN_8501819,Jugo,,3.0,6.0,Efectivo,,2023-03-30
TXN_3068204,Galleta,1,1.0,1.0,Tarjeta Crédito,Para llevar,2023-10-03
TXN_8427104,Ensalada,2,ERROR,10.0,,Restaurante,2023-10-27
TXN_8471743,ERROR,5,3.0,15.0,Nequi/Daviplata,Restaurante,2023-04-06
TXN_2621580,Te,2,1.5,3.0,Efectivo,Restaurante,2023-03-22
TXN_4726376,Torta,2,3.0,6.0,Tarjeta Crédito,Restaurante,2023-01-31
TXN_6044979,,1,1.0,1.0,Efectivo,Restaurante,2023-12-08
TXN_4238417,Ensalada,2,5.0,10.0,,ERROR,2023-06-19
TXN_1900620,Granizado,2,4.0,8.0,Tarjeta Crédito,ERROR,2023-12-14
TXN_6420335,Café,1,2.0,2.0,Efectivo,Para llevar,2023-07-16
TXN_3858209,Sandwich,4,4.0,16.0,Efectivo,,2023-02-22
TXN_2091733,Ensalada,1,5.0,5.0,,Restaurante,
TXN_8735480,Te,5,1.5,7.5,Efectivo,,2023-06-02
TXN_3829165,Jugo,4,3.0,12.0,Efectivo,Restaurante,2023-06-15
TXN_3748616,Café,2,2.0,4.0,Tarjeta Crédito,Restaurante,2023-12-09
TXN_1993289,Sandwich,2,4.0,8.0,,Restaurante,2023-04-18
TXN_2123367,Galleta,2,1.0,2.0,,,2023-11-07
TXN_5266394,Torta,3,3.0,9.0,Efectivo,Restaurante,2023-10-28
TXN_5107946,Torta,4,3.0,12.0,Tarjeta Crédito,,2023-12-22
TXN_8035512,Te,3,,4.5,Efectivo,DESCONOCIDO,2023-10-29
TXN_8718498,Torta,5,3.0,15.0,Tarjeta Crédito,ERROR,2023-04-30
TXN_3955361,Galleta,5,1.0,5.0,,Para llevar,2023-04-02
TXN_9487821,ERROR,1,5.0,5.0,Nequi/Daviplata,Para llevar,2023-05-24
TXN_4132730,,5,1.0,5.0,,Restaurante,2023-03-12
TXN_8976658,Te,2,1.5,3.0,Tarjeta Crédito,Restaurante,2023-08-16
TXN_5455936,DESCONOCIDO,5,3.0,15.0,,Restaurante,2023-10-28
TXN_2725602,Jugo,5,3.0,15.0,Tarjeta Crédito,,2023-09-10
TXN_3011323,Café,3,2.0,6.0,Tarjeta Crédito,,2023-03-07
TXN_6289610,Jugo,3,3.0,DESCONOCIDO,Efectivo,Para llevar,2023-08-07
TXN_8268061,Ensalada,3,5.0,15.0,ERROR,Para llevar,2023-08-20
TXN_5220895,Ensalada,5,5.0,25.0,Efectivo,Restaurante,2023-06-10
TXN_3085509,Café,4,2.0,8.0,Nequi/Daviplata,Restaurante,2023-04-15
TXN_9999113,Jugo,4,3.0,12.0,Efectivo,Para llevar,2023-05-27
TXN_8779771,Café,4,2.0,8.0,Efectivo,Restaurante,2023-07-25
TXN_9517146,,5,5.0,25.0,Efectivo,Para llevar,2023-10-30
TXN_1621920,Ensalada,3,5.0,15.0,,Para llevar,2023-10-28
TXN_3808639,Jugo,2,3.0,6.0,Nequi/Daviplata,Para llevar,2023-12-15
TXN_7028009,Torta,4,3.0,12.0,,Para llevar,ERROR
TXN_7447872,Jugo,2,,6.0,,,
TXN_6955416,Ensalada,4,5.0,20.0,ERROR,Restaurante,2023-02-25
TXN_3775339,Galleta,3,1.0,3.0,Tarjeta Crédito,DESCONOCIDO,2023-04-03
TXN_9547091,Galleta,3,1.0,3.0,Tarjeta Crédito,,2023-10-08
TXN_4358673,Galleta,5,1.0,5.0,Nequi/Daviplata,Para llevar,2023-12-28
TXN_4174591,Te,4,1.5,6.0,Nequi/Daviplata,,2023-08-30
TXN_3398520,Sandwich,1,4.0,4.0,,Restaurante,2023-02-03
TXN_6171384,Granizado,2,4.0,8.0,Tarjeta Crédito,,2023-09-12
TXN_2530938,Granizado,5,4.0,20.0,,Para llevar,2023-04-27
TXN_3314971,Jugo,3,3.0,9.0,Nequi/Daviplata,,2023-05-04
TXN_3092382,Café,5,2.0,10.0,Nequi/Daviplata,,2023-02-21
TXN_1001832,Ensalada,2,5.0,10.0,Efectivo,Para llevar,DESCONOCIDO
TXN_1535311,Jugo,3,3.0,9.0,Efectivo,,2023-03-16
TXN_2148617,Jugo,ERROR,3.0,9.0,Nequi/Daviplata,DESCONOCIDO,2023-01-10
TXN_4633784,ERROR,5,,15.0,,Restaurante,2023-02-06
TXN_4368416,Ensalada,2,5.0,10.0,Tarjeta Crédito,Para llevar,2023-02-24
TXN_9790731,Torta,2,3.0,6.0,DESCONOCIDO,,2023-06-02
TXN_9339456,Café,3,2.0,6.0,,Para llevar,2023-03-29
TXN_5179020,Torta,2,3.0,6.0,,Para llevar,2023-06-18
TXN_6258471,Café,5,2.0,10.0,Nequi/Daviplata,Restaurante,2023-09-23
TXN_7945375,Jugo,3,3.0,9.0,,,2023-01-14
TXN_4685453,Te,4,1.5,6.0,Efectivo,Restaurante,2023-09-14
TXN_9646452,Jugo,5,3.0,15.0,Tarjeta Crédito,,2023-09-16
TXN_9096052,Granizado,4,4.0,16.0,Tarjeta Crédito,Para llevar,2023-12-28
TXN_5916991,Jugo,2,3.0,6.0,Nequi/Daviplata,Para llevar,2023-02-06
TXN_3407169,Sandwich,2,4.0,8.0,Efectivo,Restaurante,2023-03-11
TXN_2277042,Te,1,1.5,1.5,Efectivo,,2023-04-08
TXN_9273729,Te,1,1.5,1.5,,,2023-12-19
TXN_2181545,Jugo,4,3.0,12.0,Tarjeta Crédito,Para llevar,2023-07-14
TXN_1150033,Jugo,5,3.0,15.0,Efectivo,Restaurante,2023-04-18
TXN_1443912,Jugo,2,3.0,6.0,,,2023-06-08
TXN_8700451,Te,5,1.5,7.5,Tarjeta Crédito,Para llevar,2023-12-12
TXN_6380550,Café,5,2.0,10.0,Efectivo,Restaurante,2023-01-05
TXN_4885518,Ensalada,3,5.0,15.0,Tarjeta Crédito,Restaurante,2023-06-10
TXN_3972167,Sandwich,5,4.0,20.0,,Restaurante,2023-01-23
TXN_4878378,Te,1,1.5,1.5,Tarjeta Crédito,,2023-02-20
TXN_2484241,Torta,3,DESCONOCIDO,9.0,Nequi/Daviplata,,2023-07-19
TXN_2368126,Torta,5,3.0,15.0,,Restaurante,2023-12-06
TXN_7943008,Café,1,2.0,2.0,Tarjeta Crédito,,ERROR
TXN_8495063,Jugo,1,3.0,DESCONOCIDO,Efectivo,,2023-05-31
TXN_4811133,Ensalada,2,5.0,10.0,Efectivo,,2023-08-11
TXN_8729570,Te,5,1.5,7.5,DESCONOCIDO,Restaurante,2023-09-03
TXN_7623634,Torta,2,3.0,,Tarjeta Crédito,Restaurante,2023-07-11
TXN_9336980,Ensalada,4,DESCONOCIDO,20.0,Efectivo,Restaurante,2023-06-06
TXN_3424331,Torta,4,3.0,12.0,,,2023-01-18
TXN_5072031,Torta,2,3.0,6.0,Efectivo,Para llevar,2023-03-23
TXN_8687151,Ensalada,5,5.0,25.0,Efectivo,,2023-06-10
TXN_4031509,,4,,16.0,Tarjeta Crédito,Para llevar,2023-01-04
TXN_5265095,Café,1,2.0,2.0,ERROR,,2023-06-23
TXN_6541415,DESCONOCIDO,DESCONOCIDO,3.0,12.0,Efectivo,Restaurante,2023-11-25
TXN_4108138,Café,5,2.0,10.0,Efectivo,,2023-08-03
TXN_1909796,Granizado,2,4.0,8.0,,Para llevar,2023-07-12
TXN_1928241,Café,3,2.0,6.0,Efectivo,Restaurante,2023-04-30
TXN_4283157,Ensalada,5,5.0,25.0,Nequi/Daviplata,Restaurante,2023-11-25
TXN_8013032,Café,2,2.0,4.0,Tarjeta Crédito,,2023-03-07
TXN_8301424,Jugo,2,3.0,6.0,,ERROR,2023-06-27
TXN_1093800,Sandwich,3,4.0,12.0,Efectivo,Para llevar,
TXN_7965998,Jugo,1,DESCONOCIDO,3.0,Tarjeta Crédito,Restaurante,2023-11-02
TXN_9238666,Galleta,1,DESCONOCIDO,1.0,ERROR,Para llevar,2023-07-31
TXN_1631695,Te,2,1.5,3.0,,Restaurante,2023-09-19
TXN_1435086,Torta,5,,15.0,,ERROR,2023-02-09
TXN_3226832,DESCONOCIDO,5,4.0,20.0,Efectivo,DESCONOCIDO,2023-09-04
TXN_1648671,Sandwich,3,4.0,12.0,Efectivo,Para llevar,2023-05-21
TXN_4062737,Torta,3,3.0,9.0,Efectivo,Restaurante,2023-07-02
TXN_3494565,,2,4.0,8.0,ERROR,,2023-07-10
TXN_9249507,Galleta,4,1.0,4.0,Tarjeta Crédito,Restaurante,2023-11-21
TXN_4689500,Sandwich,4,4.0,16.0,,,2023-12-02
TXN_8989148,Te,2,1.5,,,,2023-11-25
TXN_8316826,Café,3,2.0,6.0,,Restaurante,2023-04-17
TXN_9836934,Galleta,3,1.0,3.0,Nequi/Daviplata,Restaurante,2023-03-13
TXN_8005489,Torta,3,3.0,9.0,,Restaurante,2023-08-12
TXN_6463132,Galleta,5,1.0,5.0,Tarjeta Crédito,Para llevar,
TXN_3925836,Galleta,3,1.0,3.0,Nequi/Daviplata,Restaurante,2023-02-16
TXN_1896955,Ensalada,ERROR,5.0,25.0,,Restaurante,2023-09-23
TXN_5075974,Granizado,ERROR,4.0,16.0,Nequi/Daviplata,,2023-04-11
TXN_3978874,Granizado,5,4.0,20.0,Tarjeta Crédito,Restaurante,2023-03-13
TXN_8955912,Sandwich,1,4.0,4.0,,,2023-11-07
TXN_1136554,Granizado,3,4.0,12.0,DESCONOCIDO,Para llevar,2023-03-26
TXN_8007337,Torta,2,3.0,6.0,Nequi/Daviplata,Para llevar,2023-11-01
TXN_8129834,Ensalada,1,5.0,5.0,Efectivo,,2023-07-22
TXN_3831848,DESCONOCIDO,1,4.0,4.0,Nequi/Daviplata,Para llevar,2023-11-03
TXN_5365809,Torta,3,3.0,9.0,Efectivo,Restaurante,2023-09-14
TXN_8166407,Granizado,2,,8.0,,,2023-07-26
TXN_6629480,Granizado,5,4.0,20.0,Tarjeta Crédito,Restaurante,2023-02-28
TXN_3833797,Café,4,2.0,8.0,DESCONOCIDO,Restaurante,2023-01-27
TXN_2643815,Galleta,DESCONOCIDO,1.0,3.0,ERROR,,2023-12-06
TXN_2996519,Torta,5,3.0,15.0,Efectivo,,2023-01-19
TXN_8810894,Granizado,1,4.0,4.0,,,2023-02-20
TXN_7412722,Jugo,4,3.0,12.0,Efectivo,Restaurante,2023-04-07
TXN_3937509,Granizado,2,4.0,8.0,,Restaurante,2023-03-20
TXN_6000201,Galleta,3,1.0,3.0,Efectivo,Para llevar,2023-02-16
TXN_1714274,Galleta,4,1.0,4.0,,Restaurante,2023-12-27
TXN_3800182,Te,2,ERROR,3.0,Efectivo,Restaurante,2023-10-26
TXN_5115080,,5,3.0,15.0,Tarjeta Crédito,,2023-02-18
TXN_9788956,Jugo,ERROR,3.0,12.0,ERROR,,2023-04-11
TXN_6311602,Jugo,3,3.0,9.0,Tarjeta Crédito,,2023-05-15
TXN_2950680,Café,2,2.0,4.0,Tarjeta Crédito,Para llevar,2023-12-10
TXN_6749847,Torta,2,3.0,6.0,Tarjeta Crédito,,2023-08-15
TXN_2143187,Granizado,1,4.0,4.0,,Restaurante,2023-04-21
TXN_8964522,,3,3.0,9.0,Tarjeta Crédito,Para llevar,2023-10-28
TXN_4088917,Café,3,2.0,6.0,Efectivo,Para llevar,2023-02-04
TXN_3779366,Galleta,1,1.0,1.0,Nequi/Daviplata,Restaurante,2023-04-15
TXN_7724048,Granizado,1,4.0,4.0,ERROR,Restaurante,2023-11-12
TXN_2698591,Te,5,1.5,7.5,,,2023-08-05
TXN_3171373,Granizado,3,4.0,12.0,Tarjeta Crédito,Restaurante,2023-05-10
TXN_4129248,Sandwich,2,4.0,8.0,Tarjeta Crédito,,ERROR
TXN_6498163,Granizado,5,4.0,20.0,,Restaurante,2023-07-15
TXN_6717827,ERROR,3,5.0,15.0,Nequi/Daviplata,,2023-11-15
TXN_9089898,Ensalada,3,ERROR,15.0,Tarjeta Crédito,,2023-01-11
TXN_8587583,Torta,1,ERROR,3.0,,,2023-10-01
TXN_8693704,Ensalada,ERROR,5.0,25.0,Efectivo,Restaurante,2023-05-04
TXN_3857960,Ensalada,4,5.0,20.0,Efectivo,Restaurante,2023-04-26
TXN_3499124,ERROR,4,4.0,16.0,Tarjeta Crédito,,2023-08-25
TXN_9250710,Ensalada,1,5.0,5.0,Efectivo,Restaurante,2023-05-28
TXN_7058377,Jugo,1,3.0,3.0,,Para llevar,2023-04-30
TXN_6766492,Ensalada,1,5.0,5.0,,ERROR,2023-01-14
TXN_9879996,Café,4,2.0,8.0,Nequi/Daviplata,Restaurante,2023-03-01
TXN_4291940,Torta,3,3.0,9.0,Tarjeta Crédito,Restaurante,2023-11-13
TXN_7433461,Galleta,2,1.0,2.0,Nequi/Daviplata,,2023-07-09
TXN_4068262,Ensalada,2,5.0,10.0,Tarjeta Crédito,,2023-05-13
TXN_5761073,Galleta,1,1.0,1.0,Efectivo,Restaurante,DESCONOCIDO
TXN_5047447,Ensalada,1,5.0,5.0,Nequi/Daviplata,Para llevar,2023-12-27
TXN_6623508,Galleta,5,1.0,5.0,Nequi/Daviplata,Para llevar,2023-05-18
TXN_2651216,DESCONOCIDO,3,4.0,12.0,,,2023-04-04
TXN_9350833,Torta,1,DESCONOCIDO,3.0,Efectivo,Para llevar,2023-01-17
TXN_8377564,Torta,5,3.0,15.0,,Restaurante,2023-07-14
TXN_7031118,Ensalada,1,5.0,5.0,Tarjeta Crédito,ERROR,2023-03-29
TXN_2230167,Torta,4,3.0,12.0,Nequi/Daviplata,Para llevar,2023-09-22
TXN_6446616,Te,3,1.5,4.5,ERROR,,2023-09-30
TXN_1721827,Torta,4,3.0,12.0,Nequi/Daviplata,ERROR,2023-08-22
TXN_6334895,Granizado,1,4.0,4.0,Tarjeta Crédito,ERROR,2023-07-27
TXN_7077119,ERROR,1,4.0,4.0,Nequi/Daviplata,Restaurante,2023-12-30
TXN_8562645,Ensalada,ERROR,5.0,DESCONOCIDO,,Restaurante,2023-05-18
TXN_4700144,Café,4,2.0,8.0,,Restaurante,2023-12-21
TXN_5526852,Sandwich,5,4.0,,Nequi/Daviplata,Restaurante,2023-09-28
TXN_6846228,Ensalada,3,,15.0,,Restaurante,2023-11-16
TXN_8570890,Jugo,4,3.0,12.0,,,2023-04-14
TXN_3205009,ERROR,2,1.5,3.0,Efectivo,Restaurante,2023-01-03
TXN_3786188,Te,3,1.5,4.5,Tarjeta Crédito,Restaurante,2023-10-20
TXN_4530804,Café,4,2.0,8.0,,,2023-01-12
TXN_9642066,Sandwich,3,4.0,12.0,Tarjeta Crédito,Restaurante,2023-08-31
TXN_7328294,Jugo,2,3.0,6.0,Efectivo,,2023-07-07
TXN_1908636,Te,2,1.5,3.0,,DESCONOCIDO,
TXN_9238066,,5,1.5,7.5,Nequi/Daviplata,Restaurante,2023-09-15
TXN_5415901,Torta,2,3.0,6.0,Nequi/Daviplata,,2023-10-21
TXN_6714420,ERROR,2,3.0,6.0,Tarjeta Crédito,Para llevar,2023-03-30
TXN_6616971,Jugo,2,3.0,6.0,Nequi/Daviplata,Para llevar,2023-09-02
TXN_7803615,Ensalada,3,5.0,15.0,Efectivo,Restaurante,2023-12-13
TXN_7549542,Galleta,5,1.0,5.0,,Para llevar,
TXN_3544789,Te,4,1.5,ERROR,DESCONOCIDO,Restaurante,2023-07-14
TXN_1583597,Ensalada,1,5.0,5.0,Efectivo,Restaurante,2023-05-10
TXN_8472308,Galleta,2,1.0,2.0,Nequi/Daviplata,Para llevar,2023-08-19
TXN_1967565,Granizado,5,4.0,20.0,Tarjeta Crédito,Para llevar,2023-03-31
TXN_2029497,Sandwich,2,4.0,8.0,Efectivo,Para llevar,2023-01-06
TXN_8929774,ERROR,3,3.0,9.0,Efectivo,,2023-10-02
TXN_5003018,Galleta,4,1.0,DESCONOCIDO,Nequi/Daviplata,,DESCONOCIDO
TXN_7852990,Sandwich,5,4.0,20.0,Nequi/Daviplata,Para llevar,2023-07-10
TXN_2534066,Ensalada,2,5.0,10.0,Efectivo,,2023-10-13
TXN_2059647,Te,1,1.5,1.5,Nequi/Daviplata,Restaurante,2023-05-29
TXN_2485183,Granizado,5,4.0,20.0,Efectivo,Restaurante,2023-07-07
TXN_7374846,Sandwich,1,4.0,4.0,Tarjeta Crédito,DESCONOCIDO,2023-05-29
TXN_9401522,Sandwich,4,4.0,16.0,Nequi/Daviplata,Restaurante,2023-11-16
TXN_8250651,Sandwich,4,4.0,16.0,Nequi/Daviplata,Restaurante,2023-03-13
TXN_7191245,Torta,4,3.0,12.0,,Para llevar,2023-05-22
TXN_8982764,Torta,5,3.0,15.0,Nequi/Daviplata,Para llevar,2023-11-23
TXN_8669422,,4,3.0,12.0,Efectivo,Para llevar,2023-10-15
TXN_1153869,Granizado,5,4.0,20.0,Tarjeta Crédito,Para llevar,2023-11-03
TXN_5043774,Sandwich,3,4.0,12.0,Efectivo,,2023-06-08
TXN_1746320,Ensalada,1,5.0,5.0,Efectivo,,2023-11-14
TXN_1077129,Galleta,1,1.0,1.0,,Restaurante,2023-09-12
TXN_4865338,Sandwich,DESCONOCIDO,4.0,16.0,,Restaurante,2023-11-26
TXN_5616583,Granizado,1,4.0,4.0,,,2023-10-13
TXN_2078474,Galleta,2,1.0,2.0,,Para llevar,2023-11-03
TXN_2130245,Granizado,5,4.0,20.0,Tarjeta Crédito,,2023-11-13
TXN_3229409,Jugo,DESCONOCIDO,3.0,DESCONOCIDO,Efectivo,Para llevar,2023-04-15
TXN_9076216,Torta,1,3.0,3.0,Efectivo,,2023-12-17
TXN_6371987,Te,5,1.5,ERROR,DESCONOCIDO,Para llevar,2023-03-13
TXN_9913877,ERROR,2,2.0,4.0,Tarjeta Crédito,,2023-05-09
TXN_2084377,Granizado,1,4.0,4.0,Tarjeta Crédito,ERROR,2023-10-22
TXN_1842675,ERROR,4,1.0,4.0,Tarjeta Crédito,Para llevar,2023-06-23
TXN_8605813,Galleta,1,1.0,1.0,,,2023-06-30
TXN_9755352,Sandwich,5,4.0,20.0,,Restaurante,2023-05-13
TXN_7550498,Jugo,5,3.0,15.0,,Restaurante,ERROR
TXN_2305908,Café,DESCONOCIDO,2.0,8.0,Efectivo,,2023-04-25
TXN_6953697,DESCONOCIDO,3,4.0,12.0,,Para llevar,2023-05-27
TXN_3495950,,4,ERROR,6.0,Tarjeta Crédito,Restaurante,2023-02-19
TXN_7557340,Te,5,1.5,7.5,Tarjeta Crédito,Restaurante,2023-12-11
TXN_1157817,Granizado,1,4.0,4.0,Nequi/Daviplata,Restaurante,2023-04-25
TXN_2020318,Te,3,1.5,4.5,Nequi/Daviplata,Restaurante,2023-10-12
TXN_8692094,Café,5,2.0,10.0,,Para llevar,2023-08-30
TXN_5307411,Torta,3,3.0,ERROR,Nequi/Daviplata,Para llevar,2023-10-21
TXN_9703120,Café,3,2.0,6.0,Tarjeta Crédito,,2023-11-02
TXN_1289133,Jugo,1,3.0,3.0,Efectivo,DESCONOCIDO,2023-09-19
TXN_2031459,Torta,3,3.0,9.0,Efectivo,Para llevar,2023-07-04
TXN_1333682,Granizado,1,4.0,4.0,Nequi/Daviplata,,2023-01-28
TXN_2256622,Galleta,2,,2.0,Efectivo,Restaurante,2023-10-04
TXN_1623966,Te,2,1.5,3.0,Efectivo,Para llevar,DESCONOCIDO
TXN_4912930,Granizado,3,4.0,12.0,Tarjeta Crédito,Restaurante,2023-02-26
TXN_4942692,Café,2,2.0,4.0,,Para llevar,2023-01-15
TXN_3723007,Te,3,1.5,4.5,Nequi/Daviplata,Restaurante,2023-05-18
TXN_7922392,Sandwich,3,4.0,12.0,,,2023-05-03
TXN_7498727,Ensalada,3,5.0,15.0,Efectivo,,2023-11-06
TXN_1222338,Galleta,1,1.0,1.0,,Restaurante,2023-10-11
TXN_6878866,Granizado,3,4.0,12.0,Tarjeta Crédito,,2023-02-25
TXN_1260335,Galleta,4,1.0,4.0,Nequi/Daviplata,Restaurante,
TXN_9223242,Granizado,2,4.0,8.0,,,2023-09-10
TXN_6244211,Granizado,2,4.0,8.0,,,2023-08-11
TXN_5446858,,1,1.0,1.0,Efectivo,Restaurante,2023-11-07
TXN_4612864,Te,3,1.5,4.5,,,2023-02-14
TXN_5411381,Galleta,ERROR,1.0,1.0,,,2023-04-28
TXN_3047598,Galleta,1,1.0,1.0,,,2023-09-06
TXN_5754317,Café,2,,4.0,Tarjeta Crédito,Para llevar,2023-01-10
TXN_7496926,Sandwich,3,4.0,12.0,ERROR,Restaurante,2023-04-23
TXN_1726858,Granizado,3,4.0,12.0,Efectivo,Restaurante,
TXN_7559388,Ensalada,4,5.0,20.0,Nequi/Daviplata,Para llevar,2023-02-26
TXN_8540499,Galleta,3,1.0,3.0,Efectivo,Restaurante,2023-01-22
TXN_4225756,Galleta,3,1.0,3.0,,Restaurante,2023-03-10
TXN_6795640,Galleta,4,1.0,4.0,Nequi/Daviplata,Para llevar,2023-01-28
TXN_6702428,Café,5,2.0,10.0,Efectivo,Para llevar,2023-08-11
TXN_8955259,ERROR,2,4.0,8.0,Tarjeta Crédito,,2023-11-18
TXN_4639319,Café,5,2.0,10.0,Efectivo,,2023-01-09
TXN_5997803,Café,5,2.0,10.0,,Restaurante,2023-12-03
TXN_1340956,ERROR,4,2.0,8.0,,,2023-10-26
TXN_1259671,Sandwich,DESCONOCIDO,4.0,12.0,Nequi/Daviplata,Restaurante,2023-10-08
TXN_8319993,Jugo,1,3.0,3.0,Nequi/Daviplata,,2023-08-06
TXN_8894157,Sandwich,4,4.0,16.0,Tarjeta Crédito,,ERROR
TXN_5523450,Ensalada,5,5.0,25.0,Tarjeta Crédito,Para llevar,2023-07-02
TXN_7838964,Sandwich,3,4.0,12.0,Tarjeta Crédito,Restaurante,2023-06-15
TXN_2773987,Granizado,5,4.0,20.0,ERROR,,2023-01-11
TXN_1158829,Te,1,DESCONOCIDO,1.5,Tarjeta Crédito,,2023-10-02
TXN_2523298,,4,,6.0,ERROR,Restaurante,2023-03-25
TXN_8685737,Granizado,2,4.0,8.0,,Restaurante,2023-11-02
TXN_5634135,Galleta,2,DESCONOCIDO,2.0,,ERROR,2023-01-27
TXN_1524626,Granizado,2,4.0,8.0,Nequi/Daviplata,,2023-12-29
TXN_7275407,Granizado,2,4.0,8.0,Nequi/Daviplata,Restaurante,2023-10-20
TXN_2889622,Jugo,4,3.0,12.0,Tarjeta Crédito,,2023-11-01
TXN_6849113,Galleta,ERROR,1.0,1.0,Tarjeta Crédito,,2023-07-14
TXN_2265316,Galleta,,1.0,3.0,Tarjeta Crédito,Restaurante,2023-12-29
TXN_9472241,Ensalada,3,5.0,15.0,Efectivo,Para llevar,2023-06-30
TXN_7345414,Ensalada,1,,5.0,,DESCONOCIDO,2023-02-15
TXN_4473352,Torta,1,3.0,3.0,DESCONOCIDO,Restaurante,2023-11-16
TXN_2814363,Te,2,1.5,3.0,,,2023-07-02
TXN_1846004,Jugo,3,3.0,9.0,Efectivo,Restaurante,2023-05-21
TXN_7140471,Torta,1,3.0,3.0,Tarjeta Crédito,,2023-05-25
TXN_3119542,Granizado,1,4.0,4.0,Tarjeta Crédito,,2023-10-31
TXN_7773968,Sandwich,5,4.0,20.0,Nequi/Daviplata,Para llevar,2023-02-24
TXN_9081088,Te,2,1.5,3.0,Efectivo,Para llevar,2023-02-27
TXN_8559167,Sandwich,5,4.0,DESCONOCIDO,DESCONOCIDO,Para llevar,2023-12-09
TXN_1130191,Granizado,2,4.0,8.0,Efectivo,Restaurante,2023-04-06
TXN_5215451,Sandwich,5,4.0,20.0,Nequi/Daviplata,,2023-11-02
TXN_1040764,Café,3,2.0,6.0,Efectivo,Para llevar,2023-07-27
TXN_5457133,Jugo,5,3.0,15.0,ERROR,Restaurante,2023-03-03
TXN_8365478,,3,4.0,12.0,Efectivo,Para llevar,2023-02-06
TXN_2100697,Café,3,2.0,6.0,Nequi/Daviplata,Para llevar,2023-09-19
TXN_7676968,Granizado,4,4.0,16.0,DESCONOCIDO,Restaurante,2023-02-21
TXN_5726998,Torta,3,3.0,9.0,Tarjeta Crédito,,2023-08-12
TXN_4134594,Sandwich,3,4.0,12.0,Nequi/Daviplata,Restaurante,2023-09-27
TXN_5079340,Galleta,4,1.0,4.0,Efectivo,Restaurante,2023-08-18
TXN_8276635,,4,4.0,16.0,Nequi/Daviplata,Para llevar,2023-12-16
TXN_1380601,Te,4,1.5,6.0,Nequi/Daviplata,Restaurante,2023-03-11
TXN_3959152,Jugo,1,3.0,3.0,,Restaurante,2023-05-21
TXN_7776739,Te,2,1.5,3.0,,Para llevar,2023-02-23
TXN_7569615,ERROR,2,3.0,6.0,Efectivo,Para llevar,2023-06-07
TXN_8703771,Torta,5,3.0,15.0,,Restaurante,2023-05-12
TXN_2052395,Granizado,3,4.0,12.0,Tarjeta Crédito,Restaurante,2023-07-06
TXN_9421441,,2,4.0,8.0,Efectivo,,2023-06-20
TXN_9065402,DESCONOCIDO,1,5.0,5.0,Efectivo,Para llevar,2023-12-22
TXN_3638955,Galleta,2,,2.0,Efectivo,Para llevar,2023-09-02
TXN_2635532,ERROR,4,4.0,16.0,Efectivo,Para llevar,2023-01-14
TXN_8256593,Ensalada,2,5.0,10.0,Nequi/Daviplata,Para llevar,2023-08-09
TXN_9271457,Torta,3,3.0,9.0,Nequi/Daviplata,Restaurante,2023-02-27
TXN_5392603,Café,1,2.0,2.0,Efectivo,Restaurante,2023-05-14
TXN_6319728,Café,,2.0,4.0,Tarjeta Crédito,Restaurante,2023-07-18
TXN_9263299,Galleta,2,1.0,2.0,Tarjeta Crédito,Para llevar,2023-10-08
TXN_2301505,Torta,5,3.0,15.0,Nequi/Daviplata,,2023-03-21
TXN_5895177,Torta,5,3.0,15.0,,,2023-08-16
TXN_8751516,Te,3,1.5,4.5,Efectivo,Para llevar,
TXN_8147357,Te,5,1.5,7.5,,Para llevar,2023-04-20
TXN_1436343,Galleta,1,1.0,1.0,Tarjeta Crédito,Restaurante,2023-11-26
TXN_2214698,Ensalada,4,5.0,20.0,Tarjeta Crédito,,2023-10-10
TXN_7480234,Ensalada,1,5.0,5.0,Efectivo,Para llevar,2023-05-10
TXN_3283097,ERROR,5,2.0,10.0,Efectivo,Para llevar,2023-02-28
TXN_2633602,DESCONOCIDO,2,3.0,6.0,Nequi/Daviplata,Restaurante,2023-02-02
TXN_3093219,Jugo,5,3.0,DESCONOCIDO,Efectivo,,2023-01-28
TXN_3515730,,1,1.0,1.0,Tarjeta Crédito,,2023-08-14
TXN_3665733,Café,5,2.0,10.0,Efectivo,Para llevar,DESCONOCIDO
TXN_4010658,Te,5,1.5,7.5,,,2023-09-26
TXN_1454467,Jugo,3,3.0,9.0,Efectivo,Restaurante,2023-03-15
TXN_2598728,Torta,2,3.0,6.0,Tarjeta Crédito,,2023-01-13
TXN_3390285,Te,2,1.5,3.0,,Para llevar,2023-02-06
TXN_8224079,Galleta,5,1.0,5.0,Efectivo,Restaurante,2023-10-16
TXN_1916339,Torta,1,3.0,3.0,Efectivo,Restaurante,2023-07-15
TXN_8611035,Sandwich,5,4.0,20.0,Nequi/Daviplata,Restaurante,2023-05-28
TXN_3595735,Te,4,1.5,6.0,Nequi/Daviplata,Para llevar,2023-03-26
TXN_4884822,Galleta,1,1.0,1.0,Tarjeta Crédito,,2023-04-23
TXN_3668051,Torta,1,3.0,3.0,DESCONOCIDO,DESCONOCIDO,2023-11-17
TXN_6169633,Ensalada,4,5.0,20.0,Tarjeta Crédito,Para llevar,2023-12-20
TXN_3884811,Café,4,2.0,8.0,Tarjeta Crédito,,2023-06-10
TXN_7050740,ERROR,1,3.0,3.0,Efectivo,Para llevar,2023-07-12
TXN_1234097,Galleta,4,,4.0,Efectivo,,2023-12-04
TXN_4518102,Te,5,1.5,7.5,Tarjeta Crédito,Restaurante,2023-02-08
TXN_5939055,Café,3,2.0,DESCONOCIDO,ERROR,Para llevar,2023-10-21
TXN_7809183,ERROR,4,1.0,4.0,Nequi/Daviplata,Para llevar,2023-09-08
TXN_6071202,ERROR,1,1.0,1.0,Efectivo,Restaurante,2023-06-07
TXN_8158496,Te,4,1.5,6.0,Efectivo,,2023-06-19
TXN_2726848,Torta,5,3.0,ERROR,Tarjeta Crédito,,2023-09-11
TXN_3666858,Torta,4,3.0,12.0,Tarjeta Crédito,Restaurante,2023-12-27
TXN_5499915,Galleta,2,1.0,2.0,Nequi/Daviplata,Para llevar,2023-02-01
TXN_4660753,Jugo,,3.0,3.0,Tarjeta Crédito,Para llevar,2023-10-04
TXN_8089522,Sandwich,4,ERROR,16.0,Efectivo,Para llevar,2023-02-12
TXN_1564754,Ensalada,3,5.0,15.0,Nequi/Daviplata,Restaurante,2023-03-14
TXN_1824506,Torta,1,3.0,3.0,Efectivo,Restaurante,2023-03-02
TXN_3229758,Café,4,2.0,8.0,Efectivo,Para llevar,DESCONOCIDO
TXN_3677592,Sandwich,2,4.0,8.0,Efectivo,,2023-05-29
TXN_1002457,Galleta,5,1.0,5.0,Nequi/Daviplata,Para llevar,2023-09-29
TXN_8056263,Granizado,5,4.0,20.0,,Restaurante,2023-04-20
TXN_4732351,Sandwich,1,4.0,4.0,Nequi/Daviplata,Restaurante,2023-04-22
TXN_8049191,Torta,3,3.0,9.0,Tarjeta Crédito,ERROR,2023-07-31
TXN_4980036,Torta,2,3.0,6.0,Efectivo,Para llevar,2023-01-05
TXN_3022839,Café,5,2.0,10.0,Nequi/Daviplata,Para llevar,2023-08-25
TXN_7701070,Café,5,2.0,10.0,Tarjeta Crédito,Para llevar,2023-07-28
TXN_8048037,Sandwich,2,4.0,8.0,Nequi/Daviplata,Para llevar,2023-03-31
TXN_4619029,Sandwich,3,4.0,12.0,Tarjeta Crédito,Restaurante,
TXN_4444463,Torta,4,3.0,12.0,ERROR,,2023-05-16
TXN_1887522,Sandwich,4,4.0,16.0,Efectivo,Restaurante,2023-02-20
TXN_6908953,Te,1,1.5,1.5,,Restaurante,2023-12-08
TXN_4759769,Sandwich,1,4.0,4.0,,Restaurante,2023-08-03
TXN_2254479,Te,2,1.5,3.0,,Para llevar,2023-08-03
TXN_7555408,Ensalada,2,5.0,10.0,DESCONOCIDO,Restaurante,2023-06-06
TXN_6857943,Torta,5,3.0,15.0,,Para llevar,2023-01-08
TXN_4796350,ERROR,ERROR,4.0,12.0,,Para llevar,DESCONOCIDO
TXN_9552845,Sandwich,3,4.0,12.0,Efectivo,ERROR,2023-02-18
TXN_6769465,Jugo,5,3.0,15.0,Nequi/Daviplata,Restaurante,2023-06-13
TXN_7438831,Café,5,ERROR,10.0,ERROR,,2023-12-24
TXN_3871837,Te,DESCONOCIDO,1.5,4.5,Nequi/Daviplata,Para llevar,2023-12-15
TXN_3656762,Sandwich,2,4.0,8.0,,Para llevar,2023-07-31
TXN_4980282,Torta,1,3.0,3.0,Nequi/Daviplata,Restaurante,2023-10-22
TXN_3580786,Te,1,ERROR,1.5,DESCONOCIDO,Restaurante,2023-03-28
TXN_4355728,,4,3.0,12.0,Tarjeta Crédito,,2023-03-06
TXN_2508476,Granizado,5,4.0,20.0,Efectivo,ERROR,2023-04-14
TXN_1325631,Torta,4,DESCONOCIDO,12.0,Tarjeta Crédito,Restaurante,2023-02-11
TXN_8209125,Galleta,3,1.0,3.0,Tarjeta Crédito,Para llevar,2023-01-30
TXN_1751164,Ensalada,2,5.0,10.0,Efectivo,,2023-09-11
TXN_3730415,Torta,4,3.0,12.0,Tarjeta Crédito,Para llevar,2023-04-09
TXN_4134253,Te,4,1.5,6.0,Efectivo,Restaurante,2023-10-07
TXN_3256497,Café,2,2.0,4.0,Efectivo,DESCONOCIDO,2023-08-20
TXN_8763180,Granizado,1,4.0,,,Para llevar,2023-04-16
TXN_3219175,Sandwich,5,4.0,20.0,,ERROR,2023-02-23
TXN_6234872,Granizado,1,4.0,ERROR,,ERROR,2023-12-23
TXN_7919440,Te,4,1.5,6.0,Efectivo,DESCONOCIDO,2023-08-19
TXN_7558641,Café,1,2.0,2.0,Nequi/Daviplata,Restaurante,2023-12-22
TXN_9940220,Jugo,2,3.0,6.0,,Para llevar,2023-03-05
TXN_8805984,Jugo,2,3.0,6.0,Tarjeta Crédito,Para llevar,
TXN_2130483,Te,4,1.5,6.0,Efectivo,,2023-11-25
TXN_1972584,Sandwich,5,4.0,20.0,Nequi/Daviplata,,2023-07-10
TXN_3150792,Café,5,2.0,,Efectivo,,2023-07-02
TXN_2980008,Torta,3,3.0,9.0,Nequi/Daviplata,,2023-11-17
TXN_5511805,Jugo,1,3.0,DESCONOCIDO,,Para llevar,2023-06-03
TXN_7292548,Galleta,4,1.0,4.0,Nequi/Daviplata,,2023-03-24
TXN_2169664,Granizado,1,4.0,4.0,Efectivo,,2023-07-23
TXN_3234877,Café,4,2.0,8.0,Efectivo,Para llevar,2023-07-29
TXN_6368719,Torta,4,3.0,12.0,Tarjeta Crédito,Para llevar,2023-01-03
TXN_8852585,Sandwich,4,4.0,16.0,Tarjeta Crédito,Para llevar,2023-01-05
TXN_9201010,Ensalada,1,5.0,5.0,Tarjeta Crédito,Para llevar,2023-03-15
TXN_7817014,Galleta,1,1.0,1.0,Nequi/Daviplata,Para llevar,ERROR
TXN_2873990,Sandwich,2,4.0,8.0,,,2023-03-12
TXN_3088796,Sandwich,4,4.0,16.0,Tarjeta Crédito,,2023-08-16
TXN_3414935,Café,4,2.0,8.0,,Restaurante,2023-08-03
TXN_3607652,Ensalada,4,5.0,20.0,Nequi/Daviplata,Restaurante,2023-06-05
TXN_8502094,Jugo,5,3.0,15.0,Tarjeta Crédito,Restaurante,2023-03-21
TXN_9068244,Sandwich,5,4.0,20.0,Nequi/Daviplata,Para llevar,2023-10-19
TXN_2696664,Galleta,5,1.0,5.0,,Restaurante,2023-01-07
TXN_7661609,ERROR,1,3.0,3.0,,Restaurante,2023-11-29
TXN_7633490,Galleta,1,1.0,1.0,Efectivo,Para llevar,2023-10-27
TXN_9292230,Te,4,1.5,6.0,Tarjeta Crédito,Restaurante,2023-07-14
TXN_1664665,ERROR,3,3.0,9.0,Tarjeta Crédito,Restaurante,2023-05-21
TXN_5081978,Torta,1,3.0,3.0,,Restaurante,2023-10-19
TXN_7314409,Granizado,5,4.0,20.0,Tarjeta Crédito,,2023-08-06
TXN_4573576,,2,3.0,6.0,Efectivo,Restaurante,2023-07-05
TXN_5645919,Café,3,ERROR,6.0,Tarjeta Crédito,,2023-01-17
TXN_8006668,Te,4,1.5,6.0,Tarjeta Crédito,Restaurante,2023-12-22
TXN_8818168,Jugo,4,,12.0,Nequi/Daviplata,,2023-07-20
TXN_4369043,Jugo,2,3.0,6.0,Efectivo,,2023-03-25
TXN_3560062,Galleta,1,1.0,1.0,Efectivo,Restaurante,2023-03-20
TXN_4769307,Te,5,1.5,7.5,Nequi/Daviplata,,2023-12-24
TXN_7270652,Sandwich,1,4.0,4.0,,Para llevar,2023-05-14
TXN_4991815,Torta,5,3.0,15.0,Efectivo,,2023-11-06
TXN_6360132,Sandwich,4,4.0,16.0,Efectivo,Para llevar,2023-09-16
TXN_8199829,Torta,2,3.0,6.0,Tarjeta Crédito,,2023-07-29
TXN_9166449,ERROR,4,1.0,4.0,,Para llevar,2023-07-31
TXN_7864939,Sandwich,3,4.0,12.0,Nequi/Daviplata,Restaurante,2023-08-19
TXN_2640701,Ensalada,3,5.0,15.0,,Para llevar,2023-05-07
TXN_3740963,Ensalada,2,5.0,10.0,Nequi/Daviplata,Para llevar,2023-01-22
TXN_8101633,Sandwich,2,4.0,8.0,,Restaurante,2023-08-10
TXN_6063966,Jugo,2,3.0,6.0,Nequi/Daviplata,Para llevar,2023-10-24
TXN_3779640,Te,1,1.5,1.5,Nequi/Daviplata,Restaurante,2023-05-16
TXN_8278833,Torta,3,3.0,9.0,,,2023-02-26
TXN_8778598,Sandwich,3,4.0,12.0,Efectivo,,2023-09-02
TXN_7550103,Torta,5,3.0,15.0,,Para llevar,2023-01-19
TXN_3664656,Galleta,5,1.0,5.0,,Para llevar,2023-08-13
TXN_7296560,Jugo,2,3.0,6.0,,,2023-10-20
TXN_8136881,Ensalada,3,5.0,15.0,Efectivo,Restaurante,2023-08-28
TXN_3981449,Granizado,2,4.0,8.0,Efectivo,Restaurante,2023-06-21
TXN_5427506,Torta,DESCONOCIDO,3.0,9.0,Efectivo,Para llevar,2023-09-15
TXN_2641386,Sandwich,3,4.0,12.0,DESCONOCIDO,Para llevar,2023-03-25
TXN_1485417,Galleta,3,1.0,3.0,Efectivo,Restaurante,ERROR
TXN_4033802,Te,3,1.5,4.5,Efectivo,Para llevar,2023-03-02
TXN_7752124,ERROR,3,4.0,12.0,Tarjeta Crédito,DESCONOCIDO,2023-12-09
TXN_9762324,Torta,2,3.0,6.0,Efectivo,Restaurante,ERROR
TXN_1628509,Granizado,5,4.0,20.0,,Para llevar,DESCONOCIDO
TXN_8259257,Te,DESCONOCIDO,1.5,3.0,,Restaurante,2023-12-13
TXN_4183823,Sandwich,4,4.0,16.0,Tarjeta Crédito,ERROR,2023-03-28
TXN_2239041,ERROR,4,1.5,6.0,,Restaurante,2023-10-24
TXN_4696439,Galleta,1,1.0,1.0,Efectivo,Restaurante,2023-05-27
TXN_8826983,Granizado,5,4.0,20.0,Efectivo,Restaurante,2023-01-14
TXN_8267034,Jugo,2,3.0,6.0,,Para llevar,2023-06-20
TXN_1959334,Café,3,2.0,6.0,,,2023-06-29
TXN_6842808,Te,2,1.5,3.0,,DESCONOCIDO,2023-10-22
TXN_2947822,Torta,4,3.0,12.0,Nequi/Daviplata,Restaurante,2023-10-27
TXN_5531712,,2,1.5,3.0,Efectivo,DESCONOCIDO,2023-01-09
TXN_2148838,Sandwich,2,4.0,8.0,Tarjeta Crédito,,2023-08-05
TXN_1330506,Galleta,3,1.0,3.0,Nequi/Daviplata,DESCONOCIDO,2023-11-10
TXN_5898743,Jugo,4,3.0,ERROR,,Para llevar,DESCONOCIDO
TXN_8957369,Ensalada,4,5.0,20.0,Nequi/Daviplata,,2023-10-18
TXN_9340653,Granizado,1,4.0,4.0,Nequi/Daviplata,,2023-10-19
TXN_2493446,Sandwich,1,4.0,4.0,Efectivo,Para llevar,2023-05-19
TXN_4538354,Jugo,3,3.0,9.0,Efectivo,Para llevar,2023-04-21
TXN_7098730,Torta,2,3.0,6.0,Nequi/Daviplata,,2023-11-10
TXN_7533411,Galleta,,1.0,1.0,Nequi/Daviplata,Restaurante,2023-11-09
TXN_2690314,Te,5,1.5,7.5,Efectivo,Restaurante,2023-08-10
TXN_8171171,Café,1,2.0,2.0,,Para llevar,2023-05-13
TXN_3791639,,4,3.0,12.0,Nequi/Daviplata,,ERROR
TXN_2968827,Ensalada,5,5.0,25.0,Nequi/Daviplata,Para llevar,2023-09-14
TXN_4546375,ERROR,1,5.0,5.0,Tarjeta Crédito,,2023-02-20
TXN_1387401,Galleta,4,1.0,4.0,Efectivo,Restaurante,2023-10-19
TXN_6727029,Te,2,1.5,3.0,,Para llevar,2023-07-07
TXN_3917193,Jugo,5,3.0,15.0,Tarjeta Crédito,Para llevar,2023-11-17
TXN_8518516,Sandwich,4,4.0,16.0,,,2023-08-16
TXN_2062854,Sandwich,4,4.0,16.0,Nequi/Daviplata,Para llevar,2023-12-01
TXN_4075863,Granizado,3,4.0,ERROR,Efectivo,Para llevar,2023-05-21
TXN_5624860,Te,3,1.5,4.5,Tarjeta Crédito,Para llevar,2023-08-22
TXN_4621665,Granizado,5,,20.0,,,2023-01-17
TXN_6669417,Ensalada,5,5.0,25.0,,Para llevar,2023-01-03
TXN_7837381,Sandwich,5,4.0,20.0,,Para llevar,2023-07-17
TXN_1725926,Jugo,5,3.0,15.0,Tarjeta Crédito,,2023-12-23
TXN_3403173,Ensalada,1,5.0,5.0,,ERROR,2023-06-24
TXN_4186681,ERROR,4,,6.0,Nequi/Daviplata,,2023-05-24
TXN_4152036,ERROR,,3.0,6.0,Efectivo,,DESCONOCIDO
TXN_4059912,ERROR,3,4.0,12.0,,,2023-04-21
TXN_3381656,Torta,5,3.0,15.0,Efectivo,Para llevar,2023-10-26
TXN_9956154,Torta,4,3.0,12.0,,Restaurante,2023-05-11
TXN_7110444,ERROR,4,5.0,20.0,Efectivo,,2023-12-07
TXN_6250692,Sandwich,1,4.0,4.0,DESCONOCIDO,,2023-09-01
TXN_1183995,Ensalada,5,5.0,25.0,Nequi/Daviplata,Para llevar,2023-03-28
TXN_9452225,Te,1,1.5,1.5,ERROR,Restaurante,2023-02-26
TXN_9113574,Café,4,2.0,8.0,,Restaurante,2023-01-04
TXN_5813015,Galleta,5,1.0,5.0,Nequi/Daviplata,DESCONOCIDO,2023-10-07
TXN_3213035,Granizado,4,4.0,16.0,,Restaurante,2023-05-21
TXN_3789752,Jugo,3,ERROR,9.0,Nequi/Daviplata,Para llevar,2023-12-16
TXN_7578769,Sandwich,5,4.0,20.0,Nequi/Daviplata,Para llevar,2023-01-30
TXN_3515664,Café,2,2.0,4.0,Efectivo,Para llevar,2023-09-25
TXN_6209258,Jugo,1,3.0,3.0,Tarjeta Crédito,,2023-03-06
TXN_8594004,Galleta,4,1.0,4.0,Tarjeta Crédito,,2023-02-25
TXN_6422433,Sandwich,5,4.0,20.0,Nequi/Daviplata,Para llevar,2023-05-09
TXN_2865033,Café,2,2.0,,Efectivo,,2023-08-03
TXN_5547519,Ensalada,4,5.0,20.0,,Restaurante,2023-05-13
TXN_2392263,Ensalada,5,5.0,25.0,,Para llevar,2023-02-08
TXN_3810451,Jugo,4,3.0,12.0,,ERROR,ERROR
TXN_4669664,Galleta,1,1.0,1.0,Nequi/Daviplata,Restaurante,2023-12-21
TXN_9470612,Torta,3,3.0,9.0,,Para llevar,2023-04-30
TXN_7507962,Granizado,4,DESCONOCIDO,16.0,DESCONOCIDO,,2023-06-22
TXN_1109715,Torta,1,ERROR,3.0,DESCONOCIDO,Restaurante,2023-07-15
TXN_8320245,Te,3,1.5,4.5,,Para llevar,2023-04-09
TXN_5904646,Granizado,1,4.0,4.0,ERROR,ERROR,2023-03-26
TXN_4498526,Granizado,3,4.0,12.0,Tarjeta Crédito,,2023-06-20
TXN_2744907,Ensalada,2,5.0,10.0,Nequi/Daviplata,,DESCONOCIDO
TXN_5209585,Te,2,1.5,3.0,,Para llevar,2023-08-12
TXN_2213556,Café,1,2.0,2.0,Efectivo,Restaurante,2023-05-30
TXN_3826038,Ensalada,1,5.0,5.0,Efectivo,Para llevar,2023-10-20
TXN_7596587,Te,3,1.5,4.5,Tarjeta Crédito,,2023-02-08
TXN_7380277,Sandwich,4,4.0,16.0,Nequi/Daviplata,Para llevar,2023-04-24
TXN_1353479,Granizado,4,4.0,16.0,Efectivo,,2023-09-20
TXN_6054137,Jugo,3,3.0,9.0,,Restaurante,2023-05-09
TXN_7609853,Sandwich,,4.0,4.0,Nequi/Daviplata,Restaurante,2023-04-22
TXN_9266394,Galleta,2,1.0,2.0,Tarjeta Crédito,Restaurante,2023-07-12
TXN_5448157,DESCONOCIDO,3,1.0,3.0,Tarjeta Crédito,ERROR,2023-01-11
TXN_8298311,Te,2,1.5,3.0,Nequi/Daviplata,Restaurante,
TXN_6744866,Te,4,1.5,6.0,,Para llevar,DESCONOCIDO
TXN_6152588,Café,3,2.0,6.0,Efectivo,Para llevar,2023-11-21
TXN_6569656,DESCONOCIDO,5,1.0,5.0,Efectivo,,2023-02-28
TXN_2156206,Granizado,2,4.0,8.0,,,2023-02-04
TXN_3142258,Ensalada,4,5.0,ERROR,,Para llevar,2023-11-03
TXN_5739806,Granizado,3,4.0,12.0,Tarjeta Crédito,Restaurante,2023-09-18
TXN_9228978,Café,5,2.0,10.0,Nequi/Daviplata,Restaurante,2023-02-09
TXN_5897205,Galleta,1,1.0,1.0,,Restaurante,2023-06-10
TXN_1556652,Torta,5,3.0,15.0,Nequi/Daviplata,ERROR,2023-04-06
TXN_8608765,Ensalada,4,5.0,20.0,Tarjeta Crédito,,2023-09-02
TXN_8764825,Granizado,3,4.0,12.0,Efectivo,,
TXN_7353972,DESCONOCIDO,4,3.0,12.0,Efectivo,Restaurante,2023-02-02
TXN_1124753,Ensalada,4,5.0,20.0,Nequi/Daviplata,Restaurante,2023-10-19
TXN_9410981,Galleta,2,1.0,2.0,,Para llevar,2023-02-07
TXN_9349962,,4,4.0,16.0,,Restaurante,DESCONOCIDO
TXN_7611120,Jugo,2,3.0,6.0,Efectivo,Para llevar,2023-03-30
TXN_2106959,Sandwich,5,4.0,20.0,Nequi/Daviplata,DESCONOCIDO,2023-09-05
TXN_2237115,Café,1,2.0,2.0,,Para llevar,2023-01-13
TXN_6836137,Torta,4,3.0,12.0,,Restaurante,2023-08-30
TXN_6316959,Te,2,1.5,3.0,Efectivo,Restaurante,2023-11-10
TXN_2265984,Galleta,5,1.0,5.0,Tarjeta Crédito,Para llevar,2023-10-18
TXN_6352917,Ensalada,5,5.0,DESCONOCIDO,Efectivo,DESCONOCIDO,2023-05-05
TXN_9564123,Torta,4,3.0,12.0,Tarjeta Crédito,,2023-03-23
TXN_3946544,Torta,5,3.0,15.0,Tarjeta Crédito,,
TXN_1123138,Ensalada,1,5.0,5.0,Efectivo,Restaurante,2023-02-10
TXN_9212503,Ensalada,2,5.0,10.0,Nequi/Daviplata,Para llevar,2023-10-08
TXN_1921262,Sandwich,,4.0,8.0,ERROR,ERROR,2023-11-24
TXN_1259824,Galleta,,1.0,5.0,Nequi/Daviplata,Para llevar,2023-04-29
TXN_6868049,Jugo,5,3.0,15.0,Nequi/Daviplata,,DESCONOCIDO
TXN_2806243,Ensalada,4,5.0,20.0,Nequi/Daviplata,Para llevar,2023-01-14
TXN_9759896,Te,4,1.5,6.0,,DESCONOCIDO,2023-12-02
TXN_7560807,Ensalada,2,5.0,10.0,Tarjeta Crédito,,2023-04-16
TXN_3286932,Galleta,1,1.0,1.0,Nequi/Daviplata,Para llevar,2023-07-11
TXN_3481470,Ensalada,4,5.0,20.0,Tarjeta Crédito,Restaurante,2023-12-24
TXN_9907327,Ensalada,ERROR,5.0,10.0,Tarjeta Crédito,ERROR,2023-10-07
TXN_3469469,Galleta,1,1.0,1.0,Nequi/Daviplata,Restaurante,2023-10-25
TXN_2681833,DESCONOCIDO,3,1.0,3.0,Nequi/Daviplata,Restaurante,2023-10-05
TXN_3179966,Te,2,1.5,3.0,Nequi/Daviplata,,2023-05-27
TXN_9289174,Torta,ERROR,,12.0,Nequi/Daviplata,Restaurante,2023-12-30
TXN_3629351,Torta,1,3.0,3.0,Nequi/Daviplata,,2023-07-21
TXN_3142836,Torta,2,3.0,6.0,Efectivo,,2023-11-01
TXN_4998786,Torta,5,3.0,15.0,Tarjeta Crédito,Para llevar,2023-10-25
TXN_7228816,Ensalada,1,ERROR,5.0,,Restaurante,2023-04-21
TXN_6904590,Café,4,2.0,8.0,Tarjeta Crédito,,2023-02-19
TXN_2126408,Galleta,3,1.0,3.0,Efectivo,Para llevar,2023-10-19
TXN_8664315,Ensalada,2,5.0,10.0,Efectivo,,2023-08-14
TXN_8958593,Jugo,5,3.0,15.0,Nequi/Daviplata,Restaurante,2023-07-08
TXN_2383598,Sandwich,2,4.0,8.0,Nequi/Daviplata,Restaurante,2023-09-19
TXN_2211685,Granizado,1,4.0,4.0,Tarjeta Crédito,Restaurante,2023-06-06
TXN_1503602,Te,5,1.5,7.5,Nequi/Daviplata,,2023-12-16
TXN_2962976,Jugo,DESCONOCIDO,3.0,ERROR,,,2023-03-17
TXN_8716752,Jugo,1,3.0,3.0,,Restaurante,2023-12-05
TXN_4266787,Jugo,4,,12.0,Tarjeta Crédito,Para llevar,2023-01-12
TXN_5933480,Sandwich,3,4.0,12.0,Nequi/Daviplata,Restaurante,2023-09-04
TXN_8255965,Jugo,,3.0,6.0,,Restaurante,2023-11-16
TXN_4364091,Granizado,1,4.0,4.0,ERROR,Para llevar,2023-04-14
TXN_9203920,,4,3.0,12.0,,Para llevar,2023-11-01
TXN_8964812,Ensalada,4,,20.0,Nequi/Daviplata,,2023-10-14
TXN_6721531,Te,4,1.5,6.0,,Restaurante,2023-03-06
TXN_5447508,Sandwich,3,4.0,12.0,Nequi/Daviplata,Para llevar,2023-06-28
TXN_5686113,Sandwich,5,4.0,20.0,Nequi/Daviplata,Restaurante,2023-09-09
TXN_9239779,Ensalada,1,5.0,5.0,Efectivo,DESCONOCIDO,2023-01-09
TXN_9265319,Ensalada,3,5.0,15.0,Efectivo,,2023-11-15
TXN_9265313,Torta,3,3.0,9.0,,Restaurante,2023-10-01
TXN_3397609,Granizado,2,4.0,8.0,Nequi/Daviplata,Restaurante,2023-07-22
TXN_9347203,Sandwich,5,4.0,20.0,Efectivo,Restaurante,2023-04-15
TXN_2132186,Ensalada,1,5.0,5.0,Tarjeta Crédito,,2023-02-01
TXN_3383926,Torta,3,3.0,9.0,Efectivo,Para llevar,2023-07-08
TXN_6905718,Ensalada,5,5.0,25.0,Tarjeta Crédito,Restaurante,2023-02-20
TXN_3130548,Galleta,4,1.0,4.0,,Para llevar,2023-08-21
TXN_9356512,Ensalada,,5.0,15.0,Tarjeta Crédito,,2023-06-06
TXN_7993951,Te,2,1.5,3.0,Nequi/Daviplata,Para llevar,2023-12-14
TXN_6362093,,3,2.0,6.0,,,2023-03-19
TXN_4876440,Galleta,3,1.0,3.0,,Para llevar,2023-07-01
TXN_9323513,Torta,3,3.0,9.0,,Para llevar,2023-05-04
TXN_9097641,Torta,4,3.0,12.0,Efectivo,Para llevar,2023-12-16
TXN_1775884,Jugo,4,3.0,12.0,Efectivo,,2023-10-08
TXN_8536115,Torta,1,3.0,3.0,Tarjeta Crédito,Para llevar,2023-07-11
TXN_8032010,Te,1,1.5,1.5,Efectivo,,2023-06-14
TXN_2915281,Galleta,1,1.0,1.0,Nequi/Daviplata,Restaurante,2023-07-01
TXN_3468006,Granizado,3,4.0,12.0,Tarjeta Crédito,Para llevar,2023-07-28
TXN_7604541,Jugo,4,3.0,12.0,Tarjeta Crédito,Restaurante,2023-04-16
TXN_7806146,Torta,3,ERROR,9.0,Nequi/Daviplata,Restaurante,2023-01-30
TXN_9238689,Torta,1,3.0,3.0,Nequi/Daviplata,Restaurante,2023-03-09
TXN_2601689,Ensalada,4,5.0,20.0,Nequi/Daviplata,Para llevar,2023-01-14
TXN_6428182,Torta,5,3.0,15.0,Efectivo,Restaurante,2023-11-10
TXN_6830557,Café,3,2.0,6.0,Nequi/Daviplata,Para llevar,2023-11-08
TXN_6371264,Granizado,5,4.0,20.0,Efectivo,Para llevar,2023-02-27
TXN_4663299,DESCONOCIDO,4,4.0,16.0,Nequi/Daviplata,Restaurante,2023-12-26
TXN_9236713,Galleta,5,1.0,5.0,Efectivo,Restaurante,2023-09-13
TXN_1079239,Granizado,1,,4.0,,Para llevar,2023-02-08
TXN_4690833,Torta,1,3.0,3.0,Efectivo,Para llevar,2023-05-23
TXN_7946489,Jugo,1,3.0,3.0,Efectivo,Para llevar,2023-09-11
TXN_8661288,Ensalada,2,5.0,10.0,Nequi/Daviplata,Para llevar,2023-01-27
TXN_7187207,Café,5,2.0,10.0,Efectivo,,2023-02-18
TXN_4679409,ERROR,,2.0,2.0,,Restaurante,2023-03-25
TXN_2866147,Jugo,2,3.0,6.0,DESCONOCIDO,Para llevar,2023-08-28
TXN_5637677,DESCONOCIDO,2,3.0,6.0,Nequi/Daviplata,Para llevar,2023-08-24
TXN_7444541,Ensalada,2,5.0,10.0,Efectivo,,2023-11-29
TXN_6046604,Galleta,5,1.0,5.0,Tarjeta Crédito,,2023-06-29
TXN_6111710,Ensalada,3,5.0,15.0,Tarjeta Crédito,Restaurante,2023-06-18
TXN_5476465,Torta,,3.0,12.0,Efectivo,Restaurante,2023-06-23
TXN_1773873,Ensalada,5,5.0,25.0,Tarjeta Crédito,Para llevar,2023-06-10
TXN_7688650,Te,2,1.5,3.0,,,2023-10-26
TXN_4570711,Sandwich,4,4.0,16.0,Tarjeta Crédito,Restaurante,2023-12-11
TXN_5242469,Café,4,2.0,8.0,Tarjeta Crédito,Para llevar,2023-04-01
TXN_2977414,Torta,4,3.0,ERROR,DESCONOCIDO,,2023-06-09
TXN_8938144,Café,2,2.0,4.0,Tarjeta Crédito,,2023-01-27
TXN_6434414,,1,2.0,,Nequi/Daviplata,Para llevar,2023-03-10
TXN_1655100,Torta,4,3.0,12.0,Tarjeta Crédito,Para llevar,2023-12-20
TXN_1526864,Granizado,3,4.0,12.0,Nequi/Daviplata,Restaurante,2023-01-27
TXN_1279428,Ensalada,1,5.0,5.0,Nequi/Daviplata,,2023-03-02
TXN_9866728,Jugo,1,3.0,3.0,Efectivo,Restaurante,2023-10-26
TXN_1706201,Café,3,2.0,6.0,Tarjeta Crédito,Restaurante,2023-08-23
TXN_2498488,Granizado,2,4.0,8.0,Nequi/Daviplata,Para llevar,2023-12-06
TXN_5387067,Ensalada,3,5.0,15.0,Tarjeta Crédito,DESCONOCIDO,2023-06-11
TXN_4431179,Sandwich,3,4.0,12.0,Nequi/Daviplata,Para llevar,2023-08-13
TXN_5051924,Te,5,1.5,7.5,,,2023-05-23
TXN_9033890,Ensalada,1,5.0,5.0,,Para llevar,2023-08-05
TXN_1777959,Te,5,1.5,7.5,,Para llevar,2023-10-18
TXN_3574059,Torta,1,3.0,3.0,,,2023-01-18
TXN_8386792,Café,DESCONOCIDO,2.0,6.0,,Restaurante,2023-10-05
TXN_2108894,Sandwich,4,4.0,16.0,Tarjeta Crédito,Restaurante,2023-10-30
TXN_6347472,Te,1,1.5,1.5,Nequi/Daviplata,Restaurante,2023-03-22
TXN_8699110,Ensalada,3,5.0,15.0,,Para llevar,2023-10-11
TXN_7188412,Sandwich,1,4.0,4.0,,Para llevar,2023-08-08
TXN_6178152,DESCONOCIDO,5,1.5,7.5,,ERROR,2023-12-26
TXN_3477767,Galleta,3,,3.0,Nequi/Daviplata,,DESCONOCIDO
TXN_8345723,Sandwich,1,4.0,4.0,Nequi/Daviplata,Para llevar,2023-08-27
TXN_9989415,Granizado,5,DESCONOCIDO,20.0,Tarjeta Crédito,Para llevar,2023-05-26
TXN_4476634,Te,2,1.5,3.0,Tarjeta Crédito,,2023-06-16
TXN_1932897,Galleta,1,1.0,1.0,ERROR,Para llevar,DESCONOCIDO
TXN_2178964,Te,4,1.5,6.0,Efectivo,Para llevar,2023-12-25
TXN_5213542,DESCONOCIDO,ERROR,2.0,6.0,Tarjeta Crédito,Restaurante,2023-08-21
TXN_7889745,Sandwich,4,4.0,16.0,,,2023-01-25
TXN_7020671,Café,1,2.0,2.0,,ERROR,2023-09-01
TXN_8297135,DESCONOCIDO,2,4.0,DESCONOCIDO,ERROR,,2023-09-16
TXN_6581437,Café,5,2.0,10.0,Nequi/Daviplata,Para llevar,2023-10-23
TXN_1347965,Galleta,5,1.0,5.0,DESCONOCIDO,Restaurante,2023-02-19
TXN_6128621,Ensalada,3,5.0,15.0,Nequi/Daviplata,Restaurante,2023-11-10
TXN_5758199,Café,4,2.0,8.0,Tarjeta Crédito,,2023-06-11
TXN_3145041,Te,5,1.5,7.5,,DESCONOCIDO,2023-09-23
TXN_9960577,Sandwich,1,4.0,4.0,Efectivo,,2023-06-24
TXN_1349738,Sandwich,3,4.0,ERROR,Efectivo,ERROR,2023-03-26
TXN_4512118,Café,2,2.0,4.0,Nequi/Daviplata,Para llevar,2023-04-20
TXN_5763254,Café,3,DESCONOCIDO,6.0,Nequi/Daviplata,Para llevar,2023-09-15
TXN_8167279,Ensalada,5,5.0,25.0,,Restaurante,DESCONOCIDO
TXN_8696094,Sandwich,DESCONOCIDO,4.0,,,Para llevar,2023-05-14
TXN_8114990,Jugo,1,3.0,3.0,,DESCONOCIDO,2023-02-27
TXN_4961655,Jugo,5,3.0,15.0,Efectivo,Para llevar,2023-05-06
TXN_5595352,Jugo,1,3.0,3.0,Efectivo,Restaurante,2023-02-20
TXN_2070818,Granizado,5,4.0,20.0,DESCONOCIDO,Para llevar,2023-06-05
TXN_1090854,Galleta,DESCONOCIDO,1.0,3.0,Tarjeta Crédito,Restaurante,2023-01-07
TXN_2004851,Ensalada,5,5.0,25.0,Tarjeta Crédito,,
TXN_1869814,Te,1,1.5,1.5,Nequi/Daviplata,Para llevar,2023-05-24
TXN_8296518,DESCONOCIDO,2,4.0,8.0,Tarjeta Crédito,Restaurante,2023-02-08
TXN_6910915,Te,4,1.5,6.0,Nequi/Daviplata,Para llevar,2023-05-06
TXN_3183527,Café,3,2.0,6.0,Nequi/Daviplata,,2023-10-26
TXN_6916047,Café,2,2.0,,Nequi/Daviplata,Restaurante,ERROR
TXN_5787508,ERROR,3,DESCONOCIDO,9.0,Tarjeta Crédito,Para llevar,2023-07-23
TXN_2611960,Sandwich,3,4.0,12.0,Tarjeta Crédito,,2023-09-11
TXN_7923140,Café,2,2.0,4.0,Nequi/Daviplata,,2023-04-02
TXN_5229169,Jugo,2,3.0,6.0,Tarjeta Crédito,Para llevar,2023-09-08
TXN_1018880,Granizado,5,4.0,20.0,Nequi/Daviplata,,2023-07-15
TXN_4074732,Ensalada,3,DESCONOCIDO,15.0,Tarjeta Crédito,DESCONOCIDO,2023-04-09
TXN_9409728,Te,2,1.5,3.0,,Restaurante,2023-03-06
TXN_5840223,Te,4,ERROR,6.0,Efectivo,,2023-12-20
TXN_5576265,Granizado,4,4.0,16.0,Tarjeta Crédito,Para llevar,2023-04-08
TXN_7399897,,4,3.0,12.0,,Para llevar,2023-11-14
TXN_5098938,Te,5,1.5,7.5,,,2023-05-06
TXN_6119823,Te,2,1.5,3.0,,Para llevar,2023-06-13
TXN_7308222,Ensalada,2,ERROR,10.0,,Para llevar,2023-03-09
TXN_5408625,Galleta,5,1.0,5.0,Efectivo,ERROR,2023-08-14
TXN_5969754,Te,4,1.5,6.0,,Para llevar,2023-01-29
TXN_5740553,Ensalada,5,5.0,25.0,,Restaurante,2023-08-29
TXN_4809497,Te,4,1.5,6.0,Efectivo,Restaurante,
TXN_2392934,DESCONOCIDO,2,2.0,4.0,,Restaurante,2023-11-25
TXN_5728991,Ensalada,ERROR,5.0,10.0,,,2023-01-01
TXN_7608816,,3,3.0,9.0,Nequi/Daviplata,Restaurante,2023-11-07
TXN_1046394,Granizado,1,4.0,4.0,Efectivo,Restaurante,2023-04-29
TXN_3228823,,5,1.5,7.5,,,2023-01-06
TXN_2269396,Café,3,2.0,6.0,Nequi/Daviplata,Restaurante,2023-10-26
TXN_9263967,Galleta,3,1.0,3.0,Tarjeta Crédito,Restaurante,2023-09-14
TXN_6540946,Jugo,4,3.0,12.0,Nequi/Daviplata,,2023-10-08
TXN_2914088,Ensalada,5,5.0,25.0,Efectivo,Restaurante,2023-03-22
TXN_6571898,Jugo,3,3.0,9.0,Nequi/Daviplata,Para llevar,2023-02-02
TXN_7109358,Ensalada,,5.0,25.0,Nequi/Daviplata,,2023-05-02
TXN_4498370,Granizado,4,4.0,16.0,ERROR,,2023-07-24
TXN_4015710,Jugo,4,DESCONOCIDO,12.0,Efectivo,DESCONOCIDO,2023-05-18
TXN_4600048,Galleta,ERROR,1.0,2.0,Efectivo,,2023-10-30
TXN_2108486,Jugo,4,3.0,12.0,Nequi/Daviplata,Para llevar,2023-12-28
TXN_7019782,Granizado,ERROR,4.0,20.0,,,2023-10-16
TXN_5228270,Jugo,3,3.0,9.0,,Para llevar,2023-04-12
TXN_4387303,Galleta,1,1.0,1.0,,,2023-06-27
TXN_4637016,Ensalada,3,5.0,15.0,Tarjeta Crédito,Restaurante,
TXN_7786214,Granizado,1,ERROR,4.0,Tarjeta Crédito,,2023-11-25
TXN_9587884,Te,2,1.5,3.0,,,2023-01-05
TXN_4625910,Jugo,1,3.0,3.0,,,2023-01-17
TXN_8250731,Galleta,2,1.0,2.0,Efectivo,,2023-08-24
TXN_3605929,Granizado,2,4.0,8.0,Tarjeta Crédito,,2023-04-26
TXN_4953450,Galleta,4,1.0,ERROR,ERROR,Restaurante,2023-03-10
TXN_5315441,Granizado,5,4.0,20.0,Nequi/Daviplata,Restaurante,2023-10-31
TXN_9196322,Galleta,4,1.0,4.0,Nequi/Daviplata,Restaurante,2023-08-12
TXN_4009547,Jugo,4,3.0,12.0,Tarjeta Crédito,,2023-05-13
TXN_3394710,Sandwich,,4.0,4.0,Nequi/Daviplata,Restaurante,2023-10-22
TXN_8354174,ERROR,3,2.0,,Tarjeta Crédito,ERROR,2023-12-29
TXN_5931292,ERROR,2,4.0,8.0,Tarjeta Crédito,Restaurante,2023-12-18
TXN_2109416,Sandwich,1,4.0,4.0,,Restaurante,2023-09-21
TXN_8776606,DESCONOCIDO,4,5.0,20.0,Nequi/Daviplata,Para llevar,2023-07-24
TXN_1063366,Jugo,3,3.0,9.0,,DESCONOCIDO,2023-03-20
TXN_2393500,Jugo,1,ERROR,3.0,Tarjeta Crédito,Restaurante,2023-12-15
TXN_9738758,Café,1,2.0,ERROR,Efectivo,Restaurante,2023-12-31
TXN_7838465,Sandwich,3,4.0,12.0,Tarjeta Crédito,Para llevar,2023-06-15
TXN_2447261,Galleta,3,1.0,3.0,Tarjeta Crédito,Para llevar,2023-10-15
TXN_6609947,ERROR,3,3.0,9.0,Nequi/Daviplata,Restaurante,2023-05-29
TXN_9036453,,1,4.0,4.0,Nequi/Daviplata,Para llevar,2023-02-08
TXN_2611990,Galleta,ERROR,1.0,3.0,Nequi/Daviplata,Para llevar,2023-10-25
TXN_1460963,Café,3,2.0,6.0,Efectivo,Restaurante,2023-02-10
TXN_1713128,Granizado,3,4.0,12.0,Tarjeta Crédito,,2023-05-01
TXN_4501168,ERROR,1,1.5,1.5,,Restaurante,2023-06-28
TXN_2840323,Te,4,1.5,6.0,Tarjeta Crédito,ERROR,2023-05-07
TXN_6691767,Ensalada,2,5.0,10.0,Efectivo,Para llevar,2023-02-05
TXN_7280191,Café,3,2.0,6.0,ERROR,Para llevar,2023-08-23
TXN_6932070,Te,4,1.5,6.0,Tarjeta Crédito,Restaurante,2023-06-10
TXN_3502743,,5,4.0,20.0,,,2023-02-28
TXN_2815335,Jugo,5,3.0,15.0,Efectivo,,2023-03-30
TXN_4916272,Te,3,1.5,4.5,ERROR,,2023-03-03
TXN_7940202,,1,,4.0,Nequi/Daviplata,,2023-07-23
TXN_5489408,Galleta,1,1.0,1.0,DESCONOCIDO,Restaurante,2023-05-02
TXN_4640977,Galleta,3,1.0,3.0,Tarjeta Crédito,Restaurante,2023-02-11
TXN_8563346,DESCONOCIDO,3,2.0,6.0,Tarjeta Crédito,,2023-10-24
TXN_3172751,Jugo,5,3.0,15.0,Tarjeta Crédito,,ERROR
TXN_7896721,Torta,3,3.0,9.0,Tarjeta Crédito,Para llevar,2023-04-22
TXN_8973563,Café,1,2.0,2.0,,,2023-10-08
TXN_4827371,Ensalada,2,5.0,10.0,,Para llevar,2023-06-20
TXN_1559313,Granizado,2,4.0,8.0,Tarjeta Crédito,,2023-12-02
TXN_7384923,Sandwich,2,4.0,DESCONOCIDO,,Para llevar,2023-01-24
TXN_7906197,Sandwich,5,4.0,20.0,Tarjeta Crédito,Restaurante,2023-01-02
TXN_9018535,Galleta,2,,2.0,Nequi/Daviplata,Para llevar,2023-05-05
TXN_9103318,Sandwich,2,4.0,8.0,,ERROR,2023-11-13
TXN_8066743,Te,3,1.5,4.5,Efectivo,Para llevar,2023-11-13
TXN_9658677,Torta,ERROR,3.0,12.0,Efectivo,Para llevar,DESCONOCIDO
TXN_8647575,Te,DESCONOCIDO,1.5,3.0,Efectivo,,2023-02-08
TXN_6376175,Jugo,4,DESCONOCIDO,12.0,Nequi/Daviplata,Para llevar,2023-02-24
TXN_9840274,Sandwich,5,4.0,20.0,,Para llevar,2023-02-25
TXN_4912458,Torta,4,3.0,12.0,ERROR,Para llevar,2023-06-12
TXN_7982985,Galleta,1,1.0,1.0,Tarjeta Crédito,,2023-01-27
TXN_2855581,Café,4,2.0,8.0,Tarjeta Crédito,DESCONOCIDO,2023-10-23
TXN_7585348,Torta,3,3.0,9.0,Tarjeta Crédito,Para llevar,2023-03-16
TXN_8249251,Torta,ERROR,3.0,9.0,ERROR,Restaurante,2023-01-01
TXN_4005014,Sandwich,1,4.0,4.0,Nequi/Daviplata,Para llevar,2023-07-10
TXN_3106215,Granizado,3,4.0,ERROR,ERROR,Para llevar,2023-04-15
TXN_4478185,Torta,2,3.0,6.0,Efectivo,Restaurante,2023-08-25
TXN_7815651,Ensalada,1,ERROR,5.0,Efectivo,Restaurante,2023-01-16
TXN_3461209,Jugo,4,3.0,12.0,Tarjeta Crédito,Restaurante,2023-04-26
TXN_9498325,Ensalada,1,5.0,5.0,,,2023-04-04
TXN_1026827,Galleta,4,1.0,4.0,Nequi/Daviplata,Restaurante,2023-01-02
TXN_4479052,Ensalada,DESCONOCIDO,5.0,20.0,Nequi/Daviplata,Restaurante,2023-12-05
TXN_7269513,Ensalada,3,5.0,15.0,Efectivo,,2023-05-12
TXN_5134545,Te,5,1.5,7.5,Nequi/Daviplata,,2023-10-17
TXN_7997144,Jugo,4,3.0,12.0,Tarjeta Crédito,,2023-02-25
TXN_7315198,Ensalada,2,DESCONOCIDO,10.0,,DESCONOCIDO,2023-09-23
TXN_4339682,Ensalada,5,5.0,25.0,,Restaurante,2023-03-04
TXN_3363831,Jugo,3,3.0,9.0,Nequi/Daviplata,,2023-05-10
TXN_5369555,Jugo,4,3.0,12.0,Efectivo,Para llevar,2023-02-24
TXN_6208034,Torta,1,3.0,3.0,Nequi/Daviplata,,2023-08-29
TXN_8187656,Te,4,1.5,6.0,Tarjeta Crédito,Para llevar,2023-05-01
TXN_6463415,Café,3,2.0,6.0,Nequi/Daviplata,Restaurante,2023-04-12
TXN_1461895,Jugo,5,3.0,15.0,ERROR,,2023-06-17
TXN_3197752,Granizado,2,4.0,8.0,,,2023-03-10
TXN_3112175,Café,4,2.0,8.0,Efectivo,,2023-03-16
TXN_6439579,Te,5,1.5,7.5,Tarjeta Crédito,,2023-03-23
TXN_4944121,DESCONOCIDO,2,2.0,4.0,DESCONOCIDO,DESCONOCIDO,2023-05-29
TXN_5590805,Torta,1,3.0,3.0,,Para llevar,2023-01-25
TXN_4634772,Jugo,3,3.0,9.0,Tarjeta Crédito,Restaurante,2023-01-12
TXN_3519066,Torta,1,3.0,3.0,,Para llevar,2023-11-08
TXN_8034156,Sandwich,1,4.0,4.0,Efectivo,Restaurante,2023-07-22
TXN_2163229,Galleta,4,1.0,4.0,Efectivo,Para llevar,2023-12-21
TXN_4109764,Jugo,3,3.0,ERROR,Tarjeta Crédito,DESCONOCIDO,2023-07-12
TXN_1343750,Galleta,2,1.0,2.0,Nequi/Daviplata,Para llevar,2023-02-15
TXN_6387964,Te,5,1.5,7.5,Nequi/Daviplata,,2023-08-07
TXN_2743397,Torta,2,3.0,6.0,Nequi/Daviplata,,2023-10-03
TXN_8022689,Te,1,1.5,1.5,Efectivo,Para llevar,2023-06-15
TXN_9392028,Ensalada,5,ERROR,25.0,Tarjeta Crédito,Restaurante,2023-01-13
TXN_3547825,Galleta,3,1.0,3.0,,Para llevar,2023-09-04
TXN_9101792,Café,5,2.0,10.0,Efectivo,,2023-06-13
TXN_3463928,,4,1.5,6.0,Tarjeta Crédito,Restaurante,2023-06-07
TXN_8503406,Granizado,2,4.0,8.0,Nequi/Daviplata,DESCONOCIDO,2023-02-15
TXN_1992966,Granizado,5,4.0,20.0,,Restaurante,2023-08-09
TXN_2179458,,1,3.0,3.0,Efectivo,Restaurante,2023-10-23
TXN_5648512,DESCONOCIDO,4,3.0,12.0,,Para llevar,2023-01-30
TXN_8689416,Jugo,5,3.0,15.0,ERROR,,2023-03-19
TXN_1964555,Granizado,2,4.0,8.0,Nequi/Daviplata,,2023-04-11
TXN_9402247,Ensalada,3,DESCONOCIDO,15.0,Nequi/Daviplata,ERROR,ERROR
TXN_8868960,Ensalada,5,5.0,25.0,,,DESCONOCIDO
TXN_1794862,Torta,2,3.0,6.0,Efectivo,,2023-07-16
TXN_5780615,Granizado,3,4.0,ERROR,Efectivo,,2023-12-24
TXN_2416816,Granizado,5,4.0,20.0,Nequi/Daviplata,Restaurante,2023-10-19
TXN_8005682,Café,2,2.0,4.0,Tarjeta Crédito,,2023-03-16
TXN_1778707,Ensalada,5,5.0,25.0,Tarjeta Crédito,Para llevar,2023-03-26
TXN_9959813,Sandwich,4,4.0,16.0,Nequi/Daviplata,,2023-09-05
TXN_7675823,Te,5,1.5,7.5,,ERROR,DESCONOCIDO
TXN_3110343,Te,DESCONOCIDO,1.5,7.5,Nequi/Daviplata,Para llevar,2023-06-24
TXN_7913451,Sandwich,5,4.0,20.0,Tarjeta Crédito,,2023-12-05
TXN_1901729,Torta,2,3.0,6.0,,Para llevar,2023-03-18
TXN_5934059,Jugo,,3.0,12.0,,DESCONOCIDO,2023-09-26
TXN_8717428,Ensalada,3,5.0,15.0,Nequi/Daviplata,,DESCONOCIDO
TXN_2098878,Jugo,2,3.0,6.0,,Para llevar,2023-08-19
TXN_9536472,Jugo,5,3.0,15.0,,,2023-11-12
TXN_6696913,Torta,4,3.0,12.0,,,2023-10-22
TXN_9561832,,3,4.0,12.0,Nequi/Daviplata,ERROR,2023-10-29
TXN_8888153,Café,5,2.0,10.0,,ERROR,2023-12-16
TXN_3790025,ERROR,1,4.0,4.0,Efectivo,,2023-10-07
TXN_2820693,Ensalada,3,DESCONOCIDO,15.0,Efectivo,Para llevar,2023-05-05
TXN_5661147,Torta,1,3.0,3.0,,Para llevar,2023-11-06
TXN_3746260,Granizado,5,4.0,20.0,Nequi/Daviplata,Para llevar,2023-08-26
TXN_7805035,Granizado,3,4.0,12.0,,Restaurante,2023-05-18
TXN_2058243,Granizado,5,4.0,20.0,,Para llevar,2023-03-19
TXN_5710748,Ensalada,1,5.0,5.0,,,2023-10-31
TXN_3725837,Café,5,2.0,10.0,Efectivo,Restaurante,2023-10-22
TXN_5132327,Granizado,ERROR,4.0,20.0,Efectivo,,2023-01-25
TXN_1575608,Sandwich,,,20.0,ERROR,Para llevar,2023-01-05
TXN_4594922,Ensalada,2,5.0,10.0,Tarjeta Crédito,Para llevar,2023-06-19
TXN_5163686,Ensalada,5,5.0,25.0,Tarjeta Crédito,Restaurante,2023-05-29
TXN_5445318,Galleta,1,1.0,1.0,Nequi/Daviplata,,2023-02-16
TXN_2391446,Sandwich,3,4.0,12.0,,Restaurante,2023-12-06
TXN_2826603,Ensalada,2,5.0,10.0,Nequi/Daviplata,Para llevar,2023-06-22
TXN_3489940,ERROR,3,1.0,3.0,Tarjeta Crédito,,2023-12-15
TXN_2526667,ERROR,3,3.0,9.0,Nequi/Daviplata,Restaurante,2023-06-10
TXN_3760598,Torta,3,3.0,9.0,Nequi/Daviplata,Restaurante,2023-10-24
TXN_7679707,Te,1,1.5,1.5,Tarjeta Crédito,Restaurante,2023-07-22
TXN_3831364,Te,1,1.5,1.5,Nequi/Daviplata,DESCONOCIDO,2023-03-03
TXN_5038513,Galleta,2,DESCONOCIDO,2.0,Nequi/Daviplata,Para llevar,2023-10-24
TXN_5007619,Torta,5,3.0,15.0,Tarjeta Crédito,Restaurante,2023-07-05
TXN_5124870,Te,1,1.5,1.5,Nequi/Daviplata,,2023-08-11
TXN_8229546,Granizado,2,4.0,8.0,Efectivo,,2023-10-16
TXN_3173923,Galleta,2,1.0,2.0,Nequi/Daviplata,,2023-06-29
TXN_8460786,Café,1,2.0,2.0,Efectivo,ERROR,2023-05-17
TXN_7078232,ERROR,5,3.0,15.0,Nequi/Daviplata,Para llevar,2023-11-21
TXN_7833800,Café,2,2.0,4.0,,Para llevar,
TXN_9625287,Jugo,2,3.0,6.0,Efectivo,Restaurante,2023-07-08
TXN_3135132,Sandwich,4,4.0,16.0,Tarjeta Crédito,Para llevar,
TXN_4779440,Galleta,1,1.0,1.0,,,2023-07-12
TXN_7337979,Café,1,2.0,2.0,Nequi/Daviplata,Restaurante,2023-05-27
TXN_1713098,Granizado,4,4.0,16.0,ERROR,,2023-11-22
TXN_5325729,Café,5,2.0,10.0,Nequi/Daviplata,,2023-05-04
TXN_5630457,Granizado,1,4.0,4.0,Tarjeta Crédito,Para llevar,2023-03-01
TXN_4167859,Café,5,2.0,10.0,,Para llevar,2023-08-17
TXN_4487966,Jugo,3,3.0,9.0,Efectivo,Restaurante,2023-08-10
TXN_1122140,Sandwich,4,4.0,16.0,Efectivo,,2023-06-19
TXN_7484682,Jugo,1,3.0,3.0,Efectivo,,2023-12-28
TXN_5182042,Sandwich,4,4.0,16.0,,Para llevar,2023-02-25
TXN_4040989,Sandwich,1,4.0,4.0,,,2023-03-02
TXN_2190793,DESCONOCIDO,4,1.0,4.0,Tarjeta Crédito,Para llevar,2023-07-29
TXN_3663712,Te,4,1.5,6.0,Nequi/Daviplata,Para llevar,2023-09-22
TXN_9140598,Jugo,1,3.0,3.0,Nequi/Daviplata,Para llevar,2023-07-10
TXN_5657259,,2,1.5,3.0,,Restaurante,2023-03-03
TXN_4316299,Te,2,1.5,3.0,Tarjeta Crédito,Restaurante,DESCONOCIDO
TXN_5601300,Café,2,2.0,4.0,Nequi/Daviplata,,2023-02-24
TXN_9904662,Granizado,1,4.0,4.0,,Restaurante,2023-11-19
TXN_3696194,Ensalada,2,5.0,10.0,Tarjeta Crédito,Restaurante,2023-11-27
TXN_2964638,Ensalada,2,5.0,10.0,Nequi/Daviplata,Restaurante,2023-09-28
TXN_8336656,Ensalada,5,5.0,25.0,Efectivo,Para llevar,2023-12-02
TXN_2024121,Jugo,5,3.0,DESCONOCIDO,Nequi/Daviplata,Restaurante,2023-11-06
TXN_6287890,Te,5,1.5,7.5,Tarjeta Crédito,Para llevar,2023-02-07
TXN_4712887,Te,5,1.5,7.5,Tarjeta Crédito,ERROR,2023-01-04
TXN_4336892,Galleta,2,1.0,2.0,,Restaurante,2023-06-04
TXN_5447694,Granizado,1,4.0,ERROR,Nequi/Daviplata,Restaurante,2023-11-18
TXN_2492058,Granizado,5,4.0,20.0,Efectivo,,2023-09-22
TXN_3439712,Jugo,4,3.0,12.0,,Restaurante,2023-04-04
TXN_5350401,Sandwich,2,4.0,8.0,Nequi/Daviplata,Restaurante,2023-10-28
TXN_8999006,Granizado,1,4.0,,Efectivo,,2023-02-07
TXN_8514689,Jugo,5,3.0,15.0,,,2023-04-15
TXN_1866028,Te,5,1.5,7.5,Tarjeta Crédito,Para llevar,2023-06-12
TXN_8379141,Ensalada,1,5.0,5.0,ERROR,Restaurante,2023-10-01
TXN_9152264,Torta,1,3.0,3.0,Nequi/Daviplata,Para llevar,2023-03-15
TXN_2287941,ERROR,1,1.0,1.0,,ERROR,2023-09-22
TXN_3794585,Sandwich,1,4.0,4.0,Tarjeta Crédito,Restaurante,2023-02-10
TXN_3856427,Jugo,4,3.0,ERROR,ERROR,Restaurante,2023-03-25
TXN_9890874,Sandwich,5,4.0,20.0,Efectivo,Restaurante,2023-09-02
TXN_3945716,Te,2,1.5,3.0,,,2023-09-17
TXN_6254003,,2,5.0,10.0,,,2023-11-02
TXN_3101575,Café,DESCONOCIDO,2.0,4.0,,Para llevar,2023-12-03
TXN_4874685,Granizado,DESCONOCIDO,4.0,4.0,Tarjeta Crédito,Restaurante,DESCONOCIDO
TXN_6269119,,2,3.0,6.0,Nequi/Daviplata,Para llevar,2023-07-19
TXN_6024625,Café,5,2.0,10.0,Nequi/Daviplata,Para llevar,2023-09-13
TXN_7470910,Ensalada,2,5.0,10.0,Efectivo,Restaurante,2023-11-22
TXN_9911345,Galleta,DESCONOCIDO,1.0,1.0,Nequi/Daviplata,DESCONOCIDO,2023-04-14
TXN_1116119,Granizado,4,4.0,16.0,Nequi/Daviplata,Restaurante,2023-08-07
TXN_3471223,Café,1,2.0,2.0,Nequi/Daviplata,Restaurante,2023-10-08
TXN_4491072,Granizado,4,4.0,16.0,Tarjeta Crédito,,2023-12-03
TXN_2053993,Te,2,1.5,3.0,,Para llevar,2023-09-21
TXN_9086709,Torta,1,ERROR,3.0,,Restaurante,2023-05-04
TXN_1646009,ERROR,4,5.0,20.0,Tarjeta Crédito,,2023-10-11
TXN_8692653,Jugo,ERROR,3.0,6.0,Efectivo,Para llevar,2023-11-01
TXN_5021925,Te,4,1.5,6.0,Efectivo,Restaurante,2023-05-07
TXN_1104849,DESCONOCIDO,4,4.0,16.0,Nequi/Daviplata,Para llevar,2023-07-05
TXN_6358073,Sandwich,3,4.0,12.0,,,
TXN_7764154,Ensalada,2,5.0,10.0,Tarjeta Crédito,Para llevar,2023-12-09
TXN_5410185,,3,3.0,9.0,,Restaurante,2023-02-22
TXN_5651348,,3,5.0,,Efectivo,Para llevar,2023-11-04
TXN_2178735,Jugo,3,3.0,9.0,Tarjeta Crédito,Para llevar,2023-07-24
TXN_4125165,Café,5,2.0,10.0,Efectivo,,2023-04-16
TXN_5014959,Galleta,2,1.0,2.0,Tarjeta Crédito,Restaurante,2023-11-28
TXN_8811565,Jugo,5,3.0,15.0,Tarjeta Crédito,,2023-10-01
TXN_9868382,Café,2,2.0,4.0,Nequi/Daviplata,,2023-06-02
TXN_2924611,Jugo,3,3.0,9.0,Efectivo,,2023-04-19
TXN_7063124,Torta,1,,3.0,,Para llevar,2023-04-10
TXN_2291079,Café,,2.0,2.0,Efectivo,,2023-10-07
TXN_5348445,Ensalada,5,5.0,25.0,Nequi/Daviplata,Restaurante,2023-11-15
TXN_8920751,Te,2,1.5,3.0,,,2023-04-20
TXN_7215985,Te,4,1.5,6.0,Tarjeta Crédito,Restaurante,2023-08-07
TXN_7448296,Galleta,1,1.0,1.0,Tarjeta Crédito,Restaurante,2023-11-15
TXN_2625324,Café,1,2.0,2.0,,DESCONOCIDO,2023-09-02
TXN_3542902,Granizado,1,4.0,4.0,ERROR,Restaurante,2023-06-10
TXN_1494608,Te,3,1.5,4.5,Tarjeta Crédito,Restaurante,2023-05-07
TXN_7615147,Sandwich,4,4.0,16.0,Efectivo,Restaurante,2023-05-19
TXN_7225428,Te,ERROR,,3.0,Tarjeta Crédito,Para llevar,2023-03-07
TXN_3426892,Ensalada,4,5.0,20.0,Tarjeta Crédito,,2023-05-23
TXN_5892508,Granizado,1,4.0,4.0,Tarjeta Crédito,Para llevar,2023-03-21
TXN_5546684,Café,1,2.0,2.0,Tarjeta Crédito,Restaurante,2023-10-02
TXN_6846047,Ensalada,,5.0,5.0,Nequi/Daviplata,ERROR,2023-04-02
TXN_5373527,Sandwich,2,4.0,8.0,,ERROR,2023-06-26
TXN_6402128,Sandwich,4,4.0,16.0,Nequi/Daviplata,Restaurante,2023-11-09
TXN_5009706,Sandwich,2,4.0,8.0,Nequi/Daviplata,Restaurante,2023-09-20
TXN_7223120,Jugo,1,3.0,3.0,,,2023-03-13
TXN_1991104,Jugo,2,ERROR,6.0,Nequi/Daviplata,Para llevar,2023-11-29
TXN_3380698,Café,3,2.0,6.0,Tarjeta Crédito,Para llevar,2023-12-15
TXN_9084554,,4,4.0,16.0,Tarjeta Crédito,Restaurante,2023-06-08
TXN_2996948,Granizado,3,4.0,DESCONOCIDO,,DESCONOCIDO,2023-06-25
TXN_1148945,Café,1,2.0,2.0,,DESCONOCIDO,2023-09-05
TXN_2078577,Te,4,1.5,6.0,Tarjeta Crédito,,2023-01-31
TXN_4007285,Sandwich,5,4.0,20.0,Nequi/Daviplata,,2023-01-16
TXN_2336708,ERROR,2,3.0,6.0,Efectivo,Restaurante,2023-06-16
TXN_1512118,Ensalada,4,5.0,20.0,Efectivo,Restaurante,2023-03-01
TXN_6077816,Torta,3,3.0,9.0,Tarjeta Crédito,DESCONOCIDO,2023-09-26
TXN_5136936,Torta,3,3.0,9.0,Efectivo,,2023-08-24
TXN_8623443,,3,5.0,15.0,Tarjeta Crédito,Restaurante,2023-09-04
TXN_5654490,Te,4,1.5,6.0,Tarjeta Crédito,,2023-05-22
TXN_4033888,Sandwich,2,4.0,8.0,Efectivo,Restaurante,2023-02-04
TXN_4591512,Te,2,1.5,3.0,,,2023-08-11
TXN_6886495,Galleta,4,1.0,4.0,Efectivo,,2023-08-07
TXN_9218683,Torta,2,3.0,6.0,Nequi/Daviplata,Restaurante,ERROR
TXN_2153529,Galleta,1,1.0,1.0,Tarjeta Crédito,DESCONOCIDO,2023-09-11
TXN_7880148,Torta,3,3.0,9.0,Tarjeta Crédito,Para llevar,2023-12-12
TXN_3688181,Torta,1,3.0,3.0,,Para llevar,2023-08-23
TXN_2482129,Jugo,1,3.0,3.0,Efectivo,ERROR,2023-12-12
TXN_4187420,Torta,3,3.0,9.0,Nequi/Daviplata,Restaurante,2023-01-31
TXN_4146452,Granizado,1,4.0,4.0,,Para llevar,2023-05-31
TXN_9553579,Torta,2,3.0,6.0,Tarjeta Crédito,Restaurante,2023-10-03
TXN_3854285,Ensalada,3,5.0,15.0,Efectivo,Para llevar,2023-07-18
TXN_5614488,Sandwich,1,4.0,4.0,Tarjeta Crédito,Para llevar,2023-07-22
TXN_6187083,Torta,5,3.0,15.0,DESCONOCIDO,Restaurante,2023-06-02
TXN_1521486,Ensalada,4,5.0,20.0,,ERROR,2023-01-28
TXN_6868182,DESCONOCIDO,5,4.0,20.0,Tarjeta Crédito,DESCONOCIDO,2023-01-02
TXN_6035534,Ensalada,4,5.0,20.0,Tarjeta Crédito,Restaurante,2023-12-18
TXN_8781128,Sandwich,5,4.0,20.0,Nequi/Daviplata,Para llevar,ERROR
TXN_7670743,Ensalada,4,5.0,20.0,,Restaurante,2023-04-28
TXN_7201724,Ensalada,1,5.0,5.0,Efectivo,Para llevar,2023-03-20
TXN_2881199,Granizado,ERROR,4.0,4.0,Nequi/Daviplata,,2023-03-05
TXN_3616362,Granizado,5,4.0,DESCONOCIDO,Nequi/Daviplata,Restaurante,2023-12-02
TXN_6113876,Torta,3,3.0,9.0,Efectivo,Restaurante,2023-03-01
TXN_6007079,ERROR,2,1.0,2.0,Tarjeta Crédito,Restaurante,2023-10-09
TXN_3163383,Te,2,1.5,3.0,ERROR,Restaurante,2023-10-24
TXN_1413304,DESCONOCIDO,5,5.0,25.0,,Para llevar,2023-03-17
TXN_4907812,Sandwich,DESCONOCIDO,4.0,8.0,Nequi/Daviplata,Restaurante,2023-08-11
TXN_7894514,Torta,1,3.0,3.0,,,2023-09-25
TXN_6450138,Torta,1,3.0,3.0,Tarjeta Crédito,Para llevar,2023-04-13
TXN_9874588,Sandwich,2,4.0,8.0,DESCONOCIDO,Para llevar,2023-06-04
TXN_6732989,Ensalada,2,5.0,10.0,Tarjeta Crédito,,2023-04-29
TXN_5442610,Jugo,2,3.0,6.0,ERROR,Para llevar,2023-12-10
TXN_2155368,ERROR,2,1.0,2.0,Nequi/Daviplata,Para llevar,2023-02-06
TXN_5236892,ERROR,1,3.0,3.0,Nequi/Daviplata,Para llevar,2023-03-09
TXN_9328595,Te,2,1.5,3.0,Efectivo,,2023-10-24
TXN_1324930,Sandwich,5,4.0,DESCONOCIDO,Tarjeta Crédito,Para llevar,2023-01-11
TXN_6148397,Te,4,1.5,6.0,,Restaurante,2023-03-20
TXN_8298711,Café,3,2.0,6.0,,Para llevar,2023-01-26
TXN_7085875,Jugo,3,3.0,9.0,Nequi/Daviplata,Restaurante,2023-08-23
TXN_3857768,Café,2,2.0,4.0,Tarjeta Crédito,,2023-01-04
TXN_5474440,Torta,2,3.0,6.0,Tarjeta Crédito,,2023-11-08
TXN_6057379,Ensalada,5,5.0,25.0,Tarjeta Crédito,Para llevar,2023-03-18
TXN_4637070,Te,3,1.5,4.5,Tarjeta Crédito,,2023-06-13
TXN_9313535,Galleta,1,1.0,1.0,Nequi/Daviplata,Para llevar,2023-06-04
TXN_8161873,DESCONOCIDO,1,1.5,1.5,Nequi/Daviplata,,2023-02-08
TXN_5441196,Te,,1.5,1.5,Efectivo,,2023-05-24
TXN_9626053,Ensalada,1,5.0,5.0,Efectivo,Para llevar,2023-08-11
TXN_7026504,ERROR,5,4.0,20.0,,,2023-03-29
TXN_4114843,Sandwich,ERROR,4.0,8.0,Efectivo,,2023-05-17
TXN_6622954,Granizado,2,4.0,8.0,,Restaurante,2023-01-13
TXN_5509088,Sandwich,3,4.0,12.0,Nequi/Daviplata,,2023-08-28
TXN_5583534,Galleta,2,1.0,2.0,Efectivo,Para llevar,2023-10-31
TXN_1438257,Ensalada,4,5.0,20.0,Tarjeta Crédito,Para llevar,2023-06-13
TXN_6428593,Te,5,1.5,ERROR,,,2023-09-06
TXN_4257830,Galleta,5,1.0,5.0,DESCONOCIDO,Restaurante,2023-08-04
TXN_8780340,Torta,5,3.0,15.0,Tarjeta Crédito,,2023-08-29
TXN_5801294,Ensalada,1,5.0,5.0,ERROR,,2023-10-20
TXN_4315988,DESCONOCIDO,2,5.0,10.0,Efectivo,Para llevar,2023-04-12
TXN_3963927,Sandwich,4,4.0,16.0,Tarjeta Crédito,Restaurante,2023-01-03
TXN_2906443,Torta,4,3.0,12.0,,,2023-08-14
TXN_2660295,Galleta,3,1.0,3.0,,DESCONOCIDO,2023-12-06
TXN_7023528,Te,5,1.5,7.5,Efectivo,Restaurante,2023-10-28
TXN_5419862,Jugo,5,3.0,15.0,Nequi/Daviplata,,2023-05-29
TXN_9124680,Galleta,2,1.0,2.0,Efectivo,Para llevar,2023-10-03
TXN_7853635,Ensalada,3,5.0,15.0,Nequi/Daviplata,Para llevar,2023-02-16
TXN_2009893,Granizado,3,4.0,12.0,ERROR,,2023-12-06
TXN_3516263,Torta,2,3.0,6.0,Nequi/Daviplata,Restaurante,2023-09-23
TXN_1591640,Torta,2,3.0,6.0,Efectivo,Restaurante,2023-05-26
TXN_9358958,Granizado,1,4.0,4.0,,Para llevar,2023-05-08
TXN_3008336,,5,4.0,20.0,Tarjeta Crédito,,2023-07-27
TXN_7401710,Sandwich,5,4.0,20.0,Efectivo,DESCONOCIDO,2023-10-24
TXN_2176727,Te,1,1.5,1.5,,Para llevar,2023-07-26
TXN_5595717,Jugo,2,3.0,6.0,,,2023-06-16
TXN_1697018,Jugo,4,3.0,12.0,Nequi/Daviplata,Restaurante,2023-07-02
TXN_1910957,Te,5,1.5,7.5,,Para llevar,2023-07-25
TXN_2667225,Ensalada,2,5.0,10.0,Efectivo,Restaurante,2023-11-21
TXN_3152531,Café,3,2.0,6.0,Tarjeta Crédito,DESCONOCIDO,2023-11-24
TXN_8605958,Sandwich,,4.0,20.0,Efectivo,,2023-06-09
TXN_5033045,Ensalada,3,5.0,15.0,Nequi/Daviplata,,2023-04-21
TXN_7527249,Te,3,1.5,4.5,DESCONOCIDO,Para llevar,2023-03-29
TXN_9159212,Granizado,3,4.0,12.0,Nequi/Daviplata,Para llevar,2023-01-12
TXN_6881523,Jugo,5,3.0,15.0,,Para llevar,2023-02-24
TXN_9725369,Café,DESCONOCIDO,2.0,6.0,,Para llevar,2023-02-10
TXN_3282436,Ensalada,5,5.0,25.0,Tarjeta Crédito,Restaurante,2023-12-14
TXN_4206256,Granizado,3,4.0,12.0,,ERROR,2023-10-10
TXN_8465274,Torta,3,3.0,9.0,Nequi/Daviplata,Para llevar,2023-02-01
TXN_1286779,Granizado,ERROR,4.0,16.0,Tarjeta Crédito,,2023-04-13
TXN_7216922,Jugo,5,3.0,15.0,DESCONOCIDO,,2023-06-26
TXN_8330446,Granizado,3,4.0,12.0,Tarjeta Crédito,Restaurante,2023-08-06
TXN_1282260,Sandwich,5,4.0,20.0,Nequi/Daviplata,DESCONOCIDO,2023-07-21
TXN_9582716,Torta,2,3.0,6.0,DESCONOCIDO,DESCONOCIDO,ERROR
TXN_9769410,Ensalada,1,5.0,5.0,Efectivo,Restaurante,2023-07-22
TXN_7482583,Te,5,1.5,7.5,Tarjeta Crédito,,
TXN_3865224,Café,3,2.0,6.0,,,2023-07-25
TXN_8135614,Jugo,2,DESCONOCIDO,6.0,Nequi/Daviplata,,2023-01-28
TXN_9603131,Granizado,5,4.0,20.0,ERROR,DESCONOCIDO,2023-08-19
TXN_1437083,Granizado,2,4.0,8.0,Tarjeta Crédito,Restaurante,2023-03-15
TXN_2955040,ERROR,5,3.0,15.0,,,2023-03-21
TXN_2413626,Torta,1,3.0,3.0,Tarjeta Crédito,Para llevar,2023-11-06
TXN_1568657,Café,2,DESCONOCIDO,4.0,Efectivo,,
TXN_3392848,Torta,2,3.0,6.0,Efectivo,Restaurante,2023-04-03
TXN_7027905,Sandwich,1,4.0,4.0,Tarjeta Crédito,Restaurante,2023-07-17
TXN_8808034,Granizado,2,4.0,8.0,Efectivo,Restaurante,2023-08-09
TXN_1663113,Granizado,4,4.0,16.0,Tarjeta Crédito,Para llevar,2023-12-24
TXN_1544070,Café,5,2.0,10.0,DESCONOCIDO,Para llevar,2023-09-05
TXN_6189334,Sandwich,1,4.0,4.0,Efectivo,Restaurante,2023-01-12
TXN_3412490,Torta,2,3.0,6.0,Efectivo,Restaurante,DESCONOCIDO
TXN_1852586,Torta,5,3.0,15.0,,Restaurante,DESCONOCIDO
TXN_3803732,Ensalada,4,,20.0,Nequi/Daviplata,,2023-01-08
TXN_3410971,Granizado,1,4.0,4.0,,Para llevar,2023-01-02
TXN_6467618,Te,3,1.5,4.5,,Para llevar,2023-10-12
TXN_6908287,Galleta,1,1.0,1.0,Efectivo,Restaurante,2023-08-04
TXN_2726700,DESCONOCIDO,,1.5,3.0,Nequi/Daviplata,,2023-04-10
TXN_1803889,Ensalada,4,5.0,20.0,,,2023-06-23
TXN_6829707,Sandwich,1,4.0,4.0,Efectivo,Para llevar,2023-08-17
TXN_7303706,Café,2,2.0,4.0,Efectivo,Restaurante,2023-12-14
TXN_1730647,Jugo,5,3.0,15.0,Nequi/Daviplata,Restaurante,2023-01-18
TXN_9691018,Sandwich,2,4.0,8.0,Nequi/Daviplata,DESCONOCIDO,2023-07-21
TXN_5480564,Ensalada,3,ERROR,15.0,Nequi/Daviplata,,2023-05-28
TXN_4090904,,DESCONOCIDO,1.5,7.5,Nequi/Daviplata,Restaurante,2023-08-04
TXN_9138791,Torta,1,3.0,,Nequi/Daviplata,Restaurante,2023-03-22
TXN_2367947,Granizado,5,4.0,20.0,,Para llevar,2023-05-13
TXN_4936135,Café,4,2.0,8.0,Efectivo,Restaurante,2023-12-08
TXN_5311015,Granizado,3,4.0,12.0,ERROR,,2023-05-11
TXN_2473090,DESCONOCIDO,2,,3.0,Tarjeta Crédito,Restaurante,2023-03-03
TXN_8808631,Sandwich,5,ERROR,20.0,ERROR,Para llevar,2023-03-26
TXN_8703212,ERROR,2,2.0,4.0,Tarjeta Crédito,Para llevar,2023-04-17
TXN_7732920,Sandwich,5,4.0,20.0,Efectivo,,2023-02-11
TXN_4496665,Sandwich,2,4.0,8.0,Nequi/Daviplata,Para llevar,2023-12-10
TXN_5041555,DESCONOCIDO,4,1.5,6.0,Nequi/Daviplata,,2023-08-26
TXN_6816094,Te,4,1.5,6.0,,Restaurante,2023-12-30
TXN_8209794,Café,5,2.0,10.0,Tarjeta Crédito,Para llevar,2023-10-25
TXN_4135454,Sandwich,4,4.0,16.0,,Restaurante,2023-07-23
TXN_3942164,Café,4,2.0,8.0,Tarjeta Crédito,,
TXN_2761542,Galleta,4,1.0,4.0,,,2023-10-15
TXN_7948095,Ensalada,5,5.0,DESCONOCIDO,,Para llevar,2023-07-18
TXN_3330687,Torta,5,3.0,15.0,Efectivo,Restaurante,2023-12-26
TXN_9822317,DESCONOCIDO,3,1.5,4.5,Efectivo,Restaurante,2023-09-25
TXN_6243479,Sandwich,5,4.0,20.0,,,2023-09-18
TXN_9296807,Café,3,2.0,6.0,Tarjeta Crédito,,2023-12-20
TXN_7626939,Café,DESCONOCIDO,2.0,10.0,,,ERROR
TXN_5354746,Café,4,2.0,8.0,Nequi/Daviplata,Para llevar,2023-03-06
TXN_1235969,Galleta,1,1.0,1.0,Nequi/Daviplata,,2023-07-08
TXN_4240796,Jugo,4,3.0,12.0,,,2023-03-28
TXN_3736798,Café,4,2.0,8.0,Nequi/Daviplata,Restaurante,2023-07-01
TXN_9102030,Granizado,4,4.0,16.0,Nequi/Daviplata,Restaurante,ERROR
TXN_8118419,Torta,3,3.0,9.0,,DESCONOCIDO,2023-12-03
TXN_3089814,Torta,5,3.0,15.0,Nequi/Daviplata,,2023-03-25
TXN_6719521,Ensalada,5,5.0,25.0,Efectivo,Restaurante,2023-08-03
TXN_6530795,Galleta,1,1.0,1.0,Tarjeta Crédito,,2023-04-30
TXN_4176373,Galleta,3,1.0,3.0,Efectivo,,2023-03-28
TXN_7230500,Jugo,3,3.0,9.0,Tarjeta Crédito,,2023-12-12
TXN_7094898,Ensalada,4,5.0,20.0,,Para llevar,2023-06-20
TXN_2400518,Jugo,3,3.0,9.0,Tarjeta Crédito,,2023-02-04
TXN_5349288,Café,4,2.0,8.0,Nequi/Daviplata,,2023-11-20
TXN_6806290,Ensalada,3,5.0,15.0,DESCONOCIDO,,2023-05-02
TXN_6191123,,2,1.0,ERROR,Nequi/Daviplata,Para llevar,2023-03-01
TXN_5386752,Ensalada,4,5.0,20.0,Nequi/Daviplata,Restaurante,2023-12-07
TXN_1022523,Ensalada,4,5.0,20.0,Efectivo,Restaurante,2023-11-25
TXN_3125997,Jugo,4,3.0,12.0,,,2023-10-19
TXN_9906002,Granizado,DESCONOCIDO,4.0,12.0,Nequi/Daviplata,Restaurante,2023-07-13
TXN_6202015,Galleta,2,1.0,2.0,Tarjeta Crédito,Para llevar,2023-08-22
TXN_6928137,Torta,3,3.0,9.0,Nequi/Daviplata,Restaurante,2023-10-11
TXN_3003809,Café,4,2.0,8.0,Efectivo,,2023-04-21
TXN_5913013,Galleta,2,1.0,2.0,Tarjeta Crédito,Para llevar,2023-11-29
TXN_7433269,Te,1,1.5,1.5,Efectivo,Restaurante,2023-05-18
TXN_3103972,Torta,1,3.0,3.0,ERROR,,2023-03-01
TXN_9081115,Jugo,3,3.0,ERROR,,,2023-12-04
TXN_1054915,,5,1.0,5.0,,Restaurante,2023-01-22
TXN_2633600,Ensalada,5,5.0,DESCONOCIDO,Efectivo,Para llevar,2023-11-28
TXN_4631695,Galleta,5,1.0,5.0,DESCONOCIDO,Restaurante,2023-11-18
TXN_3121271,Granizado,2,4.0,8.0,Tarjeta Crédito,,2023-08-13
TXN_4613883,Te,1,1.5,1.5,Efectivo,,2023-05-21
TXN_2766651,Torta,ERROR,3.0,9.0,,,2023-05-11
TXN_2166064,Café,4,2.0,8.0,,Restaurante,2023-02-08
TXN_4617771,Granizado,4,4.0,16.0,Nequi/Daviplata,Para llevar,2023-09-10
TXN_9444461,Sandwich,2,4.0,8.0,,ERROR,2023-05-28
TXN_4723978,ERROR,2,1.0,2.0,,,2023-04-20
TXN_1741325,Te,2,1.5,3.0,Tarjeta Crédito,Restaurante,2023-03-31
TXN_9370294,Torta,2,3.0,6.0,Tarjeta Crédito,,2023-04-23
TXN_9983356,Sandwich,2,4.0,8.0,Nequi/Daviplata,Para llevar,2023-09-20
TXN_8964527,Sandwich,4,4.0,16.0,Nequi/Daviplata,Para llevar,2023-02-22
TXN_7696120,Galleta,1,,1.0,DESCONOCIDO,Restaurante,
TXN_3331437,,1,2.0,2.0,Efectivo,Para llevar,2023-02-26
TXN_6313325,Galleta,5,1.0,5.0,ERROR,,2023-07-07
TXN_9497634,Jugo,3,3.0,9.0,Efectivo,,2023-07-20
TXN_9408993,Sandwich,1,4.0,4.0,Nequi/Daviplata,Restaurante,2023-08-19
TXN_7810285,Torta,4,3.0,12.0,Efectivo,Para llevar,2023-10-25
TXN_5322809,Torta,2,3.0,6.0,,ERROR,2023-04-30
TXN_1961595,Granizado,5,4.0,20.0,Nequi/Daviplata,Restaurante,2023-07-02
TXN_1200795,Sandwich,1,4.0,4.0,,Restaurante,2023-08-18
TXN_8958073,Granizado,1,4.0,4.0,,,2023-03-31
TXN_4114503,Ensalada,5,5.0,25.0,,Para llevar,2023-11-07
TXN_4179561,Galleta,2,1.0,2.0,Nequi/Daviplata,Restaurante,2023-11-12
TXN_5669113,Sandwich,2,4.0,DESCONOCIDO,,Para llevar,2023-03-19
TXN_7574828,Café,2,2.0,4.0,,Restaurante,2023-09-24
TXN_9056301,Galleta,2,1.0,2.0,Tarjeta Crédito,Para llevar,2023-03-02
TXN_8530924,Sandwich,2,4.0,8.0,Tarjeta Crédito,ERROR,2023-08-05
TXN_1505947,DESCONOCIDO,3,1.0,3.0,Efectivo,,2023-11-21
TXN_2114258,,1,1.0,1.0,Nequi/Daviplata,Restaurante,2023-12-04
TXN_5965422,Café,2,2.0,4.0,Tarjeta Crédito,,2023-06-20
TXN_6910030,Café,4,2.0,8.0,Nequi/Daviplata,Para llevar,2023-07-09
TXN_3713626,Sandwich,2,4.0,8.0,Efectivo,,2023-12-24
TXN_5753095,Sandwich,4,4.0,16.0,,,2023-06-25
TXN_5538503,Granizado,2,4.0,8.0,,Restaurante,2023-09-05
TXN_7609781,Granizado,3,4.0,12.0,Efectivo,Restaurante,2023-03-13
TXN_8398059,Torta,1,3.0,3.0,Efectivo,Para llevar,2023-10-15
TXN_3755379,Galleta,2,ERROR,2.0,Nequi/Daviplata,Restaurante,2023-11-19
TXN_6565955,,3,2.0,6.0,Nequi/Daviplata,Restaurante,2023-12-29
TXN_1792573,Granizado,5,4.0,20.0,Efectivo,Para llevar,2023-12-07
TXN_4812472,Torta,2,3.0,6.0,Efectivo,,2023-09-16
TXN_2923987,DESCONOCIDO,4,2.0,8.0,Efectivo,Para llevar,2023-03-28
TXN_1789644,Café,4,2.0,8.0,Tarjeta Crédito,Restaurante,ERROR
TXN_5050993,Galleta,4,1.0,4.0,,ERROR,2023-02-06
TXN_9991225,Torta,5,3.0,15.0,Tarjeta Crédito,Para llevar,2023-02-03
TXN_8734476,Te,1,1.5,1.5,Efectivo,Para llevar,2023-09-12
TXN_6471962,Sandwich,4,4.0,16.0,Efectivo,Para llevar,2023-09-21
TXN_1981602,Sandwich,4,4.0,16.0,Efectivo,,2023-09-04
TXN_4792702,Sandwich,1,4.0,4.0,Efectivo,Para llevar,2023-06-28
TXN_3572190,Café,5,2.0,10.0,Tarjeta Crédito,Para llevar,2023-03-05
TXN_6791398,Café,1,2.0,2.0,Tarjeta Crédito,Para llevar,2023-12-17
TXN_8361255,Torta,3,3.0,9.0,Efectivo,Para llevar,2023-07-29
TXN_1096690,Granizado,5,4.0,ERROR,Tarjeta Crédito,,2023-10-09
TXN_1371554,Sandwich,2,4.0,,,,2023-05-19
TXN_5080213,DESCONOCIDO,1,2.0,,Nequi/Daviplata,,2023-07-18
TXN_5102956,Torta,5,3.0,15.0,,,
TXN_5858988,Jugo,1,ERROR,3.0,Tarjeta Crédito,Para llevar,2023-06-24
TXN_1476066,Granizado,2,4.0,8.0,ERROR,Para llevar,2023-10-19
TXN_6078834,Granizado,1,4.0,4.0,Nequi/Daviplata,Para llevar,2023-04-28
TXN_7812601,Te,2,1.5,3.0,Tarjeta Crédito,,2023-11-15
TXN_8186625,Galleta,1,1.0,1.0,Nequi/Daviplata,Para llevar,2023-07-21
TXN_3713976,Jugo,2,3.0,6.0,,Para llevar,2023-11-06
TXN_2946829,Galleta,2,1.0,2.0,Nequi/Daviplata,Para llevar,2023-02-08
TXN_8645889,Ensalada,4,,20.0,Efectivo,,
TXN_8750849,Torta,2,3.0,6.0,Tarjeta Crédito,Para llevar,2023-03-03
TXN_2889344,Sandwich,3,4.0,12.0,,Restaurante,2023-05-21
TXN_4067814,Te,5,1.5,7.5,Efectivo,,2023-12-20
TXN_2018654,Ensalada,1,ERROR,5.0,,,2023-10-23
TXN_1973716,Ensalada,4,5.0,20.0,Tarjeta Crédito,Restaurante,2023-01-21
TXN_1105589,Café,5,2.0,10.0,Efectivo,Para llevar,2023-07-04
TXN_3727374,Torta,2,3.0,6.0,,Restaurante,2023-04-10
TXN_9155299,Jugo,3,3.0,9.0,,Para llevar,2023-02-09
TXN_1346936,Galleta,5,1.0,5.0,ERROR,,2023-10-10
TXN_2089778,Torta,1,3.0,3.0,,Restaurante,2023-06-12
TXN_4896948,Torta,,3.0,12.0,DESCONOCIDO,,2023-10-11
TXN_5375349,Café,1,2.0,2.0,,Para llevar,2023-11-13
TXN_6206171,Torta,1,3.0,3.0,Nequi/Daviplata,,2023-03-19
TXN_9256387,Te,5,1.5,7.5,,,2023-05-31
TXN_6915192,Café,4,2.0,8.0,DESCONOCIDO,Restaurante,2023-12-09
TXN_8908224,Café,4,2.0,8.0,,,2023-08-21
TXN_4988665,Torta,1,3.0,3.0,Nequi/Daviplata,Para llevar,2023-12-16
TXN_7740907,Granizado,5,4.0,DESCONOCIDO,,Restaurante,2023-02-11
TXN_9596100,,4,3.0,12.0,Efectivo,Para llevar,2023-05-04
TXN_5019407,Jugo,4,3.0,12.0,Tarjeta Crédito,,2023-04-17
TXN_2482363,Te,3,1.5,4.5,Efectivo,DESCONOCIDO,2023-08-06
TXN_5412834,Granizado,4,4.0,16.0,Efectivo,Para llevar,2023-07-13
TXN_1389258,Ensalada,1,5.0,5.0,Efectivo,Para llevar,2023-12-31
TXN_3223187,Café,2,2.0,4.0,Tarjeta Crédito,,2023-08-21
TXN_9288207,Torta,4,3.0,12.0,,Para llevar,2023-05-16
TXN_8300706,Ensalada,2,5.0,10.0,Nequi/Daviplata,DESCONOCIDO,2023-12-23
TXN_8076559,Torta,5,3.0,15.0,Efectivo,Para llevar,2023-11-02
TXN_2749266,Sandwich,ERROR,4.0,12.0,,Para llevar,2023-02-06
TXN_4310310,Torta,3,3.0,9.0,Efectivo,Para llevar,2023-03-08
TXN_5301689,Torta,5,3.0,15.0,,Restaurante,2023-04-11
TXN_9971927,Granizado,3,4.0,12.0,,Para llevar,2023-08-07
TXN_9143440,Café,4,2.0,8.0,Nequi/Daviplata,,2023-03-31
TXN_6359777,,5,4.0,20.0,,,2023-01-13
TXN_2916209,Torta,2,3.0,6.0,ERROR,Restaurante,2023-04-15
TXN_6411716,Torta,4,3.0,12.0,Tarjeta Crédito,Restaurante,2023-02-25
TXN_7759607,Sandwich,1,4.0,4.0,Nequi/Daviplata,,2023-08-11
TXN_8441057,Torta,4,3.0,12.0,Tarjeta Crédito,,2023-11-04
TXN_8283691,Jugo,3,3.0,9.0,,,2023-01-25
TXN_1154979,Café,3,2.0,6.0,Tarjeta Crédito,Restaurante,2023-12-11
TXN_4258949,Torta,2,3.0,6.0,,,2023-03-07
TXN_6129205,Sandwich,5,4.0,20.0,Efectivo,Restaurante,2023-07-20
TXN_3444519,Galleta,4,1.0,4.0,,Para llevar,2023-03-10
TXN_6813508,Ensalada,1,5.0,5.0,Efectivo,,2023-10-26
TXN_5540986,Torta,3,3.0,9.0,,DESCONOCIDO,2023-05-12
TXN_4832513,Galleta,5,1.0,5.0,Tarjeta Crédito,Restaurante,2023-06-05
TXN_6202035,Te,2,1.5,3.0,,Restaurante,2023-09-06
TXN_4108120,Café,2,2.0,4.0,,Restaurante,2023-06-14
TXN_8466519,DESCONOCIDO,1,1.0,1.0,,Para llevar,2023-08-31
TXN_5379385,Café,5,2.0,10.0,Tarjeta Crédito,,2023-02-21
TXN_6782228,Café,4,2.0,8.0,Tarjeta Crédito,,2023-08-18
TXN_7268366,Jugo,5,3.0,15.0,,Restaurante,2023-12-14
TXN_1180969,Galleta,1,1.0,ERROR,Nequi/Daviplata,Restaurante,2023-01-06
TXN_3815345,,5,1.0,5.0,Efectivo,Restaurante,2023-09-16
TXN_7453213,Café,DESCONOCIDO,2.0,6.0,,Restaurante,2023-10-27
TXN_9469533,Galleta,4,ERROR,4.0,Efectivo,,2023-05-22
TXN_6492919,Jugo,3,3.0,9.0,Nequi/Daviplata,,2023-09-24
TXN_4356223,Ensalada,3,5.0,15.0,Nequi/Daviplata,Para llevar,2023-11-23
TXN_7515082,Café,2,2.0,4.0,,Restaurante,2023-10-21
TXN_7216161,Te,4,1.5,6.0,Tarjeta Crédito,DESCONOCIDO,2023-07-06
TXN_2426782,Café,2,DESCONOCIDO,4.0,Tarjeta Crédito,Restaurante,2023-11-04
TXN_3484520,Jugo,3,3.0,9.0,Tarjeta Crédito,,2023-08-15
TXN_2806515,Granizado,4,4.0,DESCONOCIDO,,Restaurante,2023-12-31
TXN_7198128,Torta,2,3.0,ERROR,,Restaurante,2023-09-07
TXN_6717061,Ensalada,3,5.0,15.0,Tarjeta Crédito,,2023-08-07
TXN_3562350,Café,2,2.0,4.0,ERROR,,2023-02-04
TXN_1987977,DESCONOCIDO,2,4.0,8.0,,,2023-11-16
TXN_4250492,Ensalada,5,DESCONOCIDO,25.0,,Para llevar,2023-09-29
TXN_2471972,Galleta,1,1.0,1.0,Efectivo,Para llevar,2023-04-08
TXN_3060152,Jugo,5,3.0,15.0,Nequi/Daviplata,,2023-02-07
TXN_4651514,Te,2,1.5,ERROR,Nequi/Daviplata,Restaurante,2023-03-28
TXN_6555617,Ensalada,2,5.0,10.0,Nequi/Daviplata,Para llevar,2023-12-27
TXN_7033977,Sandwich,4,4.0,16.0,,Para llevar,2023-05-04
TXN_6899834,Torta,3,3.0,9.0,Tarjeta Crédito,Para llevar,2023-01-27
TXN_5031214,ERROR,5,DESCONOCIDO,5.0,,Para llevar,2023-07-29
TXN_3427950,Granizado,5,4.0,20.0,,Restaurante,2023-02-23
TXN_8817239,ERROR,5,4.0,20.0,Efectivo,Restaurante,2023-01-29
TXN_8543211,Jugo,3,3.0,9.0,,Para llevar,2023-11-30
TXN_7538570,Granizado,4,4.0,16.0,Tarjeta Crédito,Para llevar,2023-04-18
TXN_8789116,Ensalada,5,5.0,25.0,Nequi/Daviplata,Para llevar,2023-01-13
TXN_8930109,Galleta,5,1.0,5.0,Nequi/Daviplata,Para llevar,2023-05-17
TXN_9799798,Café,5,2.0,10.0,Tarjeta Crédito,Para llevar,2023-05-23
TXN_8551432,DESCONOCIDO,,1.5,6.0,,Para llevar,2023-01-12
TXN_8831813,Granizado,5,4.0,20.0,,,2023-11-23
TXN_5067373,Galleta,3,1.0,3.0,Efectivo,ERROR,2023-10-18
TXN_5755839,Sandwich,3,4.0,12.0,Tarjeta Crédito,DESCONOCIDO,2023-12-19
TXN_1681153,Jugo,3,3.0,9.0,Efectivo,Para llevar,2023-02-09
TXN_4255503,Café,3,2.0,6.0,Nequi/Daviplata,Para llevar,2023-11-19
TXN_6086709,ERROR,5,3.0,15.0,,ERROR,2023-07-07
TXN_2385697,Café,1,2.0,2.0,Efectivo,Para llevar,2023-09-10
TXN_9151321,Sandwich,4,4.0,16.0,Efectivo,Restaurante,2023-01-05
TXN_7369807,Café,4,2.0,8.0,,Restaurante,2023-02-22
TXN_1602799,Torta,4,3.0,12.0,Nequi/Daviplata,Para llevar,2023-03-23
TXN_3336502,Sandwich,3,4.0,12.0,Tarjeta Crédito,,2023-05-04
TXN_9579181,Sandwich,1,4.0,4.0,Nequi/Daviplata,Restaurante,2023-05-24
TXN_7391267,Torta,3,DESCONOCIDO,9.0,Nequi/Daviplata,Restaurante,2023-12-07
TXN_1388606,Torta,3,3.0,9.0,Nequi/Daviplata,Para llevar,2023-08-31
TXN_2336857,Torta,3,3.0,9.0,Efectivo,Restaurante,2023-08-02
TXN_9526867,Galleta,2,1.0,2.0,Nequi/Daviplata,Para llevar,2023-10-21
TXN_4427348,Torta,5,3.0,15.0,Efectivo,DESCONOCIDO,2023-12-22
TXN_5901180,Galleta,3,1.0,3.0,Nequi/Daviplata,,2023-12-20
TXN_4932018,,4,4.0,16.0,Nequi/Daviplata,Para llevar,2023-08-23
TXN_3224921,Sandwich,5,4.0,20.0,,Restaurante,2023-04-06
TXN_5792655,Jugo,1,3.0,3.0,Nequi/Daviplata,Para llevar,2023-12-21
TXN_5566652,Jugo,5,3.0,15.0,Tarjeta Crédito,,2023-09-16
TXN_7782538,Jugo,2,3.0,6.0,Nequi/Daviplata,Para llevar,2023-08-15
TXN_7478389,Galleta,5,1.0,5.0,Nequi/Daviplata,,2023-10-13
TXN_6108428,Torta,3,3.0,9.0,Nequi/Daviplata,,2023-05-08
TXN_3615483,Sandwich,2,4.0,8.0,Nequi/Daviplata,,2023-09-08
TXN_6404763,Sandwich,5,4.0,20.0,Nequi/Daviplata,Para llevar,2023-11-13
TXN_6060764,Granizado,3,,12.0,,Restaurante,ERROR
TXN_2269497,Café,5,2.0,10.0,ERROR,,2023-08-14
TXN_8205107,DESCONOCIDO,4,4.0,16.0,,Para llevar,2023-04-19
TXN_5290522,ERROR,2,2.0,4.0,Tarjeta Crédito,Para llevar,2023-02-16
TXN_8396271,ERROR,2,,2.0,,,2023-09-12
TXN_5153686,Café,5,2.0,10.0,,Para llevar,2023-04-05
TXN_5237569,Te,3,,4.5,,,
TXN_4915908,Sandwich,5,4.0,20.0,Tarjeta Crédito,Restaurante,2023-06-06
TXN_7146613,Granizado,1,4.0,4.0,Efectivo,ERROR,2023-08-01
TXN_8219519,Te,5,1.5,7.5,,,2023-11-29
TXN_7867311,Granizado,2,4.0,8.0,,,2023-07-17
TXN_4798534,,5,5.0,25.0,Nequi/Daviplata,Para llevar,2023-07-23
TXN_9844703,DESCONOCIDO,2,1.5,3.0,,,2023-05-18
TXN_4147073,,4,3.0,12.0,Efectivo,Para llevar,2023-06-16
TXN_4203585,Torta,2,3.0,6.0,,,2023-09-03
TXN_7222483,Sandwich,5,4.0,20.0,,Para llevar,2023-05-02
TXN_9996968,Sandwich,1,ERROR,4.0,Efectivo,Restaurante,2023-10-14
TXN_4472156,Galleta,1,1.0,1.0,,Restaurante,2023-11-03
TXN_9121852,Galleta,1,1.0,1.0,Tarjeta Crédito,,ERROR
TXN_7043825,Jugo,2,3.0,6.0,Efectivo,Para llevar,2023-02-07
TXN_2195630,Sandwich,5,ERROR,20.0,Tarjeta Crédito,Para llevar,2023-03-09
TXN_2539318,Sandwich,4,4.0,16.0,Nequi/Daviplata,DESCONOCIDO,2023-01-15
TXN_5788769,Jugo,1,3.0,3.0,Efectivo,Restaurante,2023-07-19
TXN_3628056,Torta,4,ERROR,12.0,Efectivo,Restaurante,2023-07-09
TXN_5735731,Granizado,2,DESCONOCIDO,8.0,Tarjeta Crédito,,2023-01-22
TXN_2424930,Te,5,1.5,7.5,Nequi/Daviplata,,2023-01-20
TXN_5856820,Te,2,1.5,3.0,Tarjeta Crédito,Para llevar,2023-07-18
TXN_3753993,Sandwich,5,4.0,20.0,Tarjeta Crédito,,2023-04-01
TXN_3001647,,1,5.0,5.0,,,2023-07-01
TXN_9354616,Te,4,1.5,6.0,Nequi/Daviplata,Para llevar,2023-01-27
TXN_3749365,Galleta,3,1.0,3.0,Efectivo,,2023-01-19
TXN_6900785,Jugo,1,3.0,3.0,,Para llevar,2023-09-25
TXN_5775113,Ensalada,1,5.0,5.0,Nequi/Daviplata,,2023-10-23
TXN_5268203,Torta,1,3.0,3.0,Tarjeta Crédito,Para llevar,2023-03-04
TXN_3483570,Sandwich,2,4.0,8.0,ERROR,Para llevar,2023-03-21
TXN_7406393,ERROR,5,1.5,7.5,Tarjeta Crédito,Para llevar,2023-06-18
TXN_5226635,Galleta,4,1.0,4.0,Tarjeta Crédito,Para llevar,2023-02-01
TXN_5469063,Café,2,2.0,4.0,,Para llevar,2023-02-24
TXN_9278992,Granizado,4,4.0,16.0,Efectivo,Para llevar,2023-12-15
TXN_4369292,Torta,1,3.0,3.0,Tarjeta Crédito,Para llevar,2023-10-09
TXN_6011884,Te,5,1.5,7.5,DESCONOCIDO,,2023-12-25
TXN_2952715,Granizado,3,4.0,12.0,Efectivo,Restaurante,ERROR
TXN_3912727,Te,5,1.5,7.5,Nequi/Daviplata,Para llevar,2023-04-13
TXN_1951569,Ensalada,2,5.0,10.0,Nequi/Daviplata,,2023-02-27
TXN_6983139,Ensalada,2,5.0,10.0,Tarjeta Crédito,Para llevar,2023-12-18
TXN_6787560,Torta,3,3.0,9.0,,,2023-07-13
TXN_5977414,Torta,2,3.0,6.0,Tarjeta Crédito,Restaurante,2023-08-06
TXN_8517379,ERROR,4,3.0,12.0,Nequi/Daviplata,Para llevar,2023-09-23
TXN_5485384,Sandwich,5,4.0,20.0,,,2023-03-04
TXN_9285663,Galleta,4,1.0,4.0,,ERROR,2023-11-18
TXN_9074075,Jugo,5,3.0,15.0,Tarjeta Crédito,ERROR,2023-08-14
TXN_8050034,Galleta,4,1.0,4.0,,Restaurante,2023-07-29
TXN_8842223,Sandwich,5,,20.0,Nequi/Daviplata,Restaurante,2023-01-01
TXN_5121322,Sandwich,3,4.0,12.0,DESCONOCIDO,Restaurante,2023-12-17
TXN_3091582,Sandwich,5,4.0,20.0,,,2023-11-28
TXN_8550184,Jugo,3,3.0,9.0,Nequi/Daviplata,Para llevar,2023-04-05
TXN_7604352,Café,,2.0,6.0,,Para llevar,2023-12-19
TXN_6899248,ERROR,5,3.0,15.0,,,2023-12-13
TXN_2773491,Ensalada,5,5.0,25.0,Efectivo,,2023-11-14
TXN_3071617,DESCONOCIDO,4,1.0,4.0,Tarjeta Crédito,,2023-12-15
TXN_3712466,Torta,5,3.0,DESCONOCIDO,Nequi/Daviplata,ERROR,2023-04-10
TXN_3670298,,4,1.0,4.0,Tarjeta Crédito,Para llevar,2023-02-04
TXN_4901854,Galleta,5,1.0,5.0,ERROR,,2023-04-23
TXN_7590801,Te,DESCONOCIDO,DESCONOCIDO,6.0,Efectivo,Para llevar,ERROR
TXN_6962242,Jugo,1,3.0,3.0,Nequi/Daviplata,Para llevar,2023-06-30
TXN_5780931,Te,4,1.5,6.0,Nequi/Daviplata,ERROR,2023-10-06
TXN_4563679,Café,4,2.0,8.0,,Restaurante,2023-09-11
TXN_6290642,Café,4,2.0,,DESCONOCIDO,Para llevar,2023-12-23
TXN_6177865,Jugo,5,3.0,15.0,Nequi/Daviplata,ERROR,2023-01-30
TXN_8115752,Granizado,2,4.0,8.0,Nequi/Daviplata,ERROR,2023-06-27
TXN_9253398,Sandwich,2,4.0,8.0,,Para llevar,2023-12-14
TXN_3116227,Torta,1,3.0,3.0,Nequi/Daviplata,,2023-05-30
TXN_2494138,Galleta,3,1.0,3.0,Efectivo,,2023-01-10
TXN_4889269,Torta,2,3.0,DESCONOCIDO,Efectivo,DESCONOCIDO,2023-02-19
TXN_9503369,Galleta,DESCONOCIDO,1.0,1.0,,Para llevar,
TXN_6105240,Jugo,5,3.0,DESCONOCIDO,,Restaurante,2023-11-27
TXN_8808162,Granizado,4,4.0,16.0,Nequi/Daviplata,ERROR,2023-05-07
TXN_4548466,Te,4,1.5,6.0,Tarjeta Crédito,Para llevar,2023-11-30
TXN_3195257,,,5.0,5.0,Efectivo,,2023-10-09
TXN_9835676,Galleta,2,1.0,2.0,Nequi/Daviplata,,2023-03-30
TXN_9728454,Jugo,4,3.0,ERROR,Nequi/Daviplata,Para llevar,2023-01-03
TXN_5907854,Jugo,3,3.0,9.0,,Restaurante,2023-11-11
TXN_8685846,Te,5,1.5,7.5,Tarjeta Crédito,,2023-12-27
TXN_1726774,Ensalada,3,5.0,15.0,,,2023-11-16
TXN_2594430,Café,1,2.0,2.0,ERROR,,2023-05-18
TXN_5750278,Ensalada,ERROR,5.0,15.0,Efectivo,Para llevar,2023-06-08
TXN_6714931,Jugo,3,3.0,9.0,,,2023-07-02
TXN_5537740,Torta,,3.0,9.0,Tarjeta Crédito,Para llevar,2023-04-30
TXN_9433769,Torta,4,ERROR,12.0,Nequi/Daviplata,,2023-08-13
TXN_5944206,Galleta,5,1.0,5.0,Nequi/Daviplata,Para llevar,2023-05-12
TXN_9212178,Jugo,1,3.0,3.0,Tarjeta Crédito,Para llevar,2023-11-18
TXN_2915856,Te,1,1.5,1.5,,Restaurante,2023-06-19
TXN_4376214,Ensalada,5,5.0,25.0,,ERROR,2023-04-26
TXN_9201212,Granizado,4,4.0,16.0,Nequi/Daviplata,Para llevar,2023-06-08
TXN_7752454,Torta,3,3.0,9.0,,,ERROR
TXN_7055260,Sandwich,4,4.0,16.0,Nequi/Daviplata,Restaurante,2023-06-20
TXN_4773465,Café,5,2.0,ERROR,Nequi/Daviplata,Para llevar,2023-11-28
TXN_9087344,Te,5,1.5,DESCONOCIDO,Efectivo,DESCONOCIDO,2023-07-29
TXN_1757340,Torta,2,3.0,6.0,Tarjeta Crédito,Restaurante,2023-12-29
TXN_9975321,Ensalada,2,5.0,10.0,Nequi/Daviplata,ERROR,2023-03-25
TXN_8148137,Te,1,1.5,1.5,,Restaurante,DESCONOCIDO
TXN_1681216,Torta,3,3.0,9.0,DESCONOCIDO,,2023-03-23
TXN_3835043,Jugo,2,3.0,6.0,Efectivo,,2023-12-29
TXN_8366002,Sandwich,2,4.0,8.0,Tarjeta Crédito,,2023-12-26
TXN_9390740,Torta,2,3.0,6.0,Efectivo,Restaurante,2023-12-06
TXN_4928254,Torta,1,3.0,3.0,Tarjeta Crédito,DESCONOCIDO,2023-12-22
TXN_5191642,Ensalada,ERROR,5.0,25.0,Efectivo,ERROR,2023-04-15
TXN_9117434,Torta,1,3.0,3.0,DESCONOCIDO,Restaurante,2023-07-18
TXN_2820788,DESCONOCIDO,5,1.0,5.0,ERROR,,2023-09-25
TXN_3593060,Granizado,DESCONOCIDO,,16.0,Efectivo,,2023-03-05
TXN_7531745,Torta,2,3.0,6.0,Efectivo,,2023-06-23
TXN_1082421,Ensalada,1,5.0,5.0,Nequi/Daviplata,Restaurante,2023-12-19
TXN_2148444,Jugo,2,3.0,6.0,Efectivo,,2023-11-27
TXN_5402385,ERROR,2,3.0,6.0,Efectivo,Restaurante,2023-06-18
TXN_1494502,Ensalada,5,5.0,25.0,Nequi/Daviplata,ERROR,ERROR
TXN_9277146,Torta,5,3.0,15.0,Tarjeta Crédito,,2023-07-11
TXN_9333347,Granizado,5,4.0,20.0,Efectivo,DESCONOCIDO,2023-09-10
TXN_9127105,Jugo,3,3.0,9.0,Efectivo,,2023-03-04
TXN_1417724,Sandwich,2,4.0,8.0,Nequi/Daviplata,,2023-06-07
TXN_6451377,Ensalada,5,5.0,25.0,Tarjeta Crédito,Para llevar,2023-03-19
TXN_2142961,Café,5,2.0,10.0,Tarjeta Crédito,Para llevar,2023-09-21
TXN_5927884,Café,4,2.0,8.0,,ERROR,2023-12-21
TXN_8588335,Ensalada,4,5.0,20.0,Tarjeta Crédito,,2023-09-04
TXN_6738350,Jugo,2,3.0,6.0,Nequi/Daviplata,,2023-11-02
TXN_5575561,Te,4,1.5,6.0,Nequi/Daviplata,Para llevar,2023-02-13
TXN_1007347,Ensalada,4,5.0,20.0,Nequi/Daviplata,Restaurante,2023-08-28
TXN_8933459,Jugo,1,3.0,3.0,,,2023-12-31
TXN_3678091,Jugo,ERROR,3.0,9.0,Efectivo,,2023-09-07
TXN_7692628,Te,2,1.5,3.0,Efectivo,,2023-05-01
TXN_6731518,Galleta,1,1.0,1.0,Nequi/Daviplata,Para llevar,2023-12-04
TXN_3455702,Ensalada,1,5.0,5.0,Efectivo,Para llevar,2023-03-23
TXN_7794561,Jugo,4,3.0,12.0,Tarjeta Crédito,Restaurante,2023-05-18
TXN_8908193,Granizado,5,4.0,20.0,Efectivo,DESCONOCIDO,2023-04-02
TXN_7688625,Café,1,2.0,2.0,Tarjeta Crédito,Restaurante,2023-12-15
TXN_7012065,Café,3,2.0,6.0,ERROR,,2023-08-05
TXN_4323570,ERROR,1,1.0,1.0,Efectivo,DESCONOCIDO,2023-03-04
TXN_8831924,Café,3,2.0,6.0,Nequi/Daviplata,Restaurante,2023-07-12
TXN_2865104,Torta,5,3.0,15.0,,Restaurante,2023-03-12
TXN_1360998,Galleta,2,1.0,2.0,Efectivo,Para llevar,2023-07-30
TXN_4125921,Jugo,5,3.0,15.0,Tarjeta Crédito,,2023-01-26
TXN_4657842,ERROR,ERROR,1.0,5.0,Efectivo,Para llevar,2023-09-29
TXN_8149585,Jugo,1,3.0,3.0,Tarjeta Crédito,ERROR,2023-02-21
TXN_9047278,Te,4,1.5,6.0,Tarjeta Crédito,Para llevar,2023-06-20
TXN_8666003,Granizado,4,4.0,16.0,,Para llevar,2023-06-09
TXN_7606512,Galleta,5,1.0,5.0,Efectivo,,2023-12-03
TXN_1819615,Café,4,2.0,8.0,,,2023-06-03
TXN_1931404,Torta,5,3.0,15.0,ERROR,Restaurante,2023-10-01
TXN_4516901,Te,2,1.5,3.0,Tarjeta Crédito,Restaurante,2023-09-05
TXN_6817795,Te,1,1.5,1.5,Efectivo,Para llevar,2023-09-12
TXN_4643515,,1,4.0,4.0,Nequi/Daviplata,Restaurante,2023-10-03
TXN_9762385,Te,3,1.5,4.5,,,2023-05-19
TXN_6809170,Granizado,4,4.0,16.0,Efectivo,Para llevar,2023-08-10
TXN_7365744,Galleta,4,1.0,4.0,Efectivo,Restaurante,2023-08-20
TXN_9847116,Ensalada,3,5.0,15.0,Efectivo,Para llevar,2023-07-28
TXN_8356338,Ensalada,5,5.0,25.0,Tarjeta Crédito,Restaurante,2023-08-06
TXN_4413506,Jugo,4,3.0,12.0,Nequi/Daviplata,Restaurante,2023-10-29
TXN_1057209,DESCONOCIDO,5,1.0,5.0,Tarjeta Crédito,Restaurante,2023-09-17
TXN_9534685,Ensalada,1,5.0,5.0,DESCONOCIDO,Para llevar,2023-04-27
TXN_4893692,Ensalada,2,5.0,10.0,,,2023-01-02
TXN_5680629,Torta,2,3.0,6.0,,Para llevar,2023-04-30
TXN_2494194,Ensalada,5,5.0,25.0,Nequi/Daviplata,,2023-02-11
TXN_4549825,Ensalada,2,5.0,10.0,Nequi/Daviplata,,
TXN_4737392,Sandwich,2,4.0,8.0,Efectivo,Restaurante,2023-02-17
TXN_9538738,Café,4,2.0,8.0,Efectivo,Restaurante,2023-09-25
TXN_1854102,Café,2,2.0,4.0,Nequi/Daviplata,Para llevar,2023-07-18
TXN_3109692,Jugo,4,3.0,,Tarjeta Crédito,Restaurante,2023-06-21
TXN_5395229,Café,5,2.0,10.0,Efectivo,,2023-11-29
TXN_8918902,Café,5,2.0,10.0,,,2023-05-22
TXN_8837375,Sandwich,2,4.0,8.0,Nequi/Daviplata,Para llevar,2023-11-21
TXN_3952218,Ensalada,5,5.0,DESCONOCIDO,,,2023-04-07
TXN_3225552,Ensalada,1,5.0,5.0,,Restaurante,2023-05-16
TXN_7950226,Te,1,1.5,1.5,Nequi/Daviplata,Restaurante,2023-10-13
TXN_9086541,Ensalada,3,5.0,15.0,Efectivo,Restaurante,2023-02-15
TXN_1817596,Te,2,1.5,3.0,DESCONOCIDO,Restaurante,2023-11-04
TXN_7644786,Galleta,3,1.0,,Tarjeta Crédito,Para llevar,2023-01-20
TXN_8017969,Jugo,1,3.0,3.0,Efectivo,Para llevar,2023-03-26
TXN_6667388,Torta,3,3.0,9.0,Efectivo,Restaurante,2023-08-14
TXN_3488611,Te,1,1.5,,Efectivo,,2023-02-13
TXN_3165950,DESCONOCIDO,1,2.0,2.0,Nequi/Daviplata,,ERROR
TXN_3109334,Granizado,3,4.0,12.0,,Restaurante,2023-04-06
TXN_9425645,Torta,3,3.0,9.0,Tarjeta Crédito,Para llevar,2023-03-19
TXN_2461238,Café,1,2.0,2.0,,Para llevar,2023-01-29
TXN_4692976,Jugo,1,3.0,3.0,Nequi/Daviplata,DESCONOCIDO,2023-11-06
TXN_6747376,Granizado,3,4.0,12.0,Nequi/Daviplata,Restaurante,2023-11-20
TXN_3689335,Jugo,1,3.0,3.0,,Para llevar,2023-12-11
TXN_9662568,Te,5,1.5,7.5,Efectivo,ERROR,2023-10-30
TXN_9817681,DESCONOCIDO,4,1.5,6.0,,Para llevar,
TXN_5470087,Ensalada,2,5.0,10.0,,Para llevar,2023-10-11
TXN_3717372,Jugo,2,3.0,6.0,Tarjeta Crédito,ERROR,2023-02-15
TXN_6727985,Ensalada,5,5.0,,Tarjeta Crédito,Restaurante,2023-06-16
TXN_1755661,Ensalada,5,5.0,25.0,,Restaurante,2023-07-14
TXN_9899571,ERROR,2,5.0,10.0,Tarjeta Crédito,Para llevar,2023-02-18
TXN_5692316,Granizado,1,4.0,4.0,Nequi/Daviplata,DESCONOCIDO,2023-06-22
TXN_2062269,Jugo,4,3.0,12.0,Nequi/Daviplata,Para llevar,2023-09-08
TXN_2160316,Sandwich,1,4.0,4.0,,Restaurante,2023-10-24
TXN_4220743,Sandwich,4,4.0,16.0,,Restaurante,2023-10-22
TXN_2726843,Sandwich,1,4.0,4.0,,Restaurante,2023-05-31
TXN_9969283,Sandwich,3,4.0,12.0,Nequi/Daviplata,,2023-10-26
TXN_8540115,,2,1.5,3.0,DESCONOCIDO,,2023-06-26
TXN_8313892,Ensalada,3,5.0,15.0,Tarjeta Crédito,Para llevar,2023-11-29
TXN_3131761,Granizado,1,4.0,4.0,,Para llevar,2023-10-18
TXN_1243964,,3,1.5,4.5,,Para llevar,2023-12-01
TXN_1856112,Ensalada,3,5.0,15.0,Tarjeta Crédito,,2023-06-08
TXN_4532651,Café,2,2.0,4.0,,Restaurante,2023-09-13
TXN_4083736,Café,1,2.0,2.0,ERROR,Restaurante,2023-08-21
TXN_4493176,Te,3,1.5,4.5,,,2023-10-14
TXN_6712994,Café,3,2.0,6.0,Efectivo,Para llevar,2023-10-02
TXN_1840566,Café,4,2.0,8.0,,ERROR,2023-01-05
TXN_6257776,Jugo,5,3.0,15.0,Efectivo,Restaurante,2023-10-28
TXN_9039165,Sandwich,4,4.0,16.0,,Para llevar,2023-03-10
TXN_7056051,Torta,2,3.0,6.0,,,DESCONOCIDO
TXN_3869150,Galleta,3,1.0,3.0,Efectivo,,2023-03-26
TXN_3604156,Café,,2.0,10.0,Tarjeta Crédito,Para llevar,2023-11-08
TXN_2018236,Café,5,2.0,10.0,Efectivo,,2023-04-19
TXN_4430176,Sandwich,4,DESCONOCIDO,16.0,Tarjeta Crédito,Para llevar,2023-08-27
TXN_6073195,Sandwich,3,4.0,12.0,Tarjeta Crédito,Para llevar,2023-09-13
TXN_5245399,,5,DESCONOCIDO,10.0,,,2023-12-25
TXN_4178872,Te,1,1.5,1.5,Tarjeta Crédito,,2023-01-25
TXN_8836650,Granizado,5,4.0,20.0,,ERROR,2023-05-22
TXN_5882584,Torta,5,3.0,15.0,,Restaurante,2023-09-16
TXN_4291132,Torta,2,3.0,6.0,Tarjeta Crédito,Para llevar,2023-08-07
TXN_1622123,Galleta,2,1.0,2.0,Efectivo,Para llevar,2023-01-05
TXN_2878078,Torta,2,3.0,6.0,Nequi/Daviplata,Para llevar,2023-12-15
TXN_7134579,Galleta,5,1.0,5.0,Nequi/Daviplata,Para llevar,2023-06-06
TXN_6921057,Sandwich,4,4.0,16.0,Nequi/Daviplata,Para llevar,2023-07-10
TXN_2335088,Ensalada,4,5.0,20.0,Efectivo,Restaurante,2023-10-27
TXN_9778859,Galleta,3,1.0,3.0,Efectivo,Para llevar,2023-06-05
TXN_3850274,Jugo,5,3.0,15.0,,,2023-09-08
TXN_4428448,Galleta,4,1.0,4.0,,,2023-02-04
TXN_1062822,Jugo,DESCONOCIDO,3.0,6.0,Tarjeta Crédito,,2023-06-28
TXN_6386662,Ensalada,5,5.0,25.0,Tarjeta Crédito,Para llevar,2023-12-04
TXN_5491825,Torta,4,3.0,12.0,Efectivo,Restaurante,2023-06-09
TXN_5330930,Torta,1,3.0,3.0,,Restaurante,2023-07-12
TXN_5580933,Granizado,3,4.0,,Efectivo,Para llevar,2023-10-19
TXN_3326110,Café,2,2.0,4.0,Tarjeta Crédito,Para llevar,2023-08-13
TXN_5455079,Ensalada,2,5.0,10.0,Efectivo,Restaurante,2023-11-30
TXN_5526475,Te,4,1.5,6.0,Efectivo,Restaurante,2023-05-06
TXN_3800253,Torta,2,3.0,6.0,Efectivo,Para llevar,2023-01-15
TXN_2091128,Torta,1,3.0,3.0,Tarjeta Crédito,DESCONOCIDO,DESCONOCIDO
TXN_9169782,Jugo,5,3.0,15.0,Tarjeta Crédito,,2023-09-18
TXN_4639621,Café,2,ERROR,4.0,,Restaurante,2023-10-12
TXN_4432823,,5,4.0,20.0,,Restaurante,2023-02-10
TXN_8138157,,2,4.0,8.0,Efectivo,Para llevar,2023-05-07
TXN_4134478,Jugo,2,3.0,6.0,Tarjeta Crédito,Para llevar,2023-06-25
TXN_6298532,Granizado,4,4.0,16.0,Nequi/Daviplata,,
TXN_4997327,Café,2,2.0,4.0,,Restaurante,2023-03-19
TXN_9522899,Granizado,5,4.0,DESCONOCIDO,Tarjeta Crédito,Para llevar,ERROR
TXN_4049949,Galleta,1,1.0,1.0,,Para llevar,2023-11-06
TXN_7296498,Ensalada,5,5.0,25.0,Tarjeta Crédito,Para llevar,2023-05-19
TXN_4706042,Ensalada,5,5.0,25.0,,Restaurante,2023-12-01
TXN_2488987,Te,5,1.5,7.5,Efectivo,Restaurante,2023-06-12
TXN_6708156,Te,5,1.5,7.5,Tarjeta Crédito,,2023-11-26
TXN_7616002,Te,2,1.5,3.0,,Restaurante,2023-11-08
TXN_1865735,Granizado,2,4.0,8.0,Nequi/Daviplata,Restaurante,2023-09-22
TXN_5396450,Jugo,3,3.0,9.0,Nequi/Daviplata,,2023-12-09
TXN_5881757,Sandwich,3,4.0,12.0,Tarjeta Crédito,,2023-08-15
TXN_3404479,ERROR,4,4.0,16.0,Tarjeta Crédito,,2023-08-23
TXN_5342589,Te,2,1.5,3.0,Nequi/Daviplata,ERROR,2023-04-06
TXN_1987212,Granizado,5,4.0,ERROR,Tarjeta Crédito,Para llevar,2023-04-07
TXN_5303275,Galleta,4,1.0,4.0,Efectivo,Para llevar,2023-09-18
TXN_9193760,Ensalada,5,5.0,25.0,ERROR,,2023-01-20
TXN_8541074,Ensalada,4,5.0,20.0,,Restaurante,2023-11-08
TXN_1075183,Te,2,1.5,3.0,Tarjeta Crédito,,2023-01-09
TXN_9316158,Sandwich,5,4.0,20.0,Efectivo,Restaurante,2023-10-31
TXN_8207244,Te,5,1.5,7.5,Efectivo,Para llevar,2023-05-04
TXN_2346001,DESCONOCIDO,2,5.0,10.0,Nequi/Daviplata,Para llevar,2023-08-21
TXN_2814866,Granizado,1,4.0,4.0,Nequi/Daviplata,Restaurante,2023-07-29
TXN_8454044,Café,5,2.0,10.0,Tarjeta Crédito,,2023-05-27
TXN_8321092,,2,3.0,6.0,Tarjeta Crédito,,2023-09-28
TXN_2560137,Torta,1,3.0,3.0,Efectivo,Para llevar,2023-10-13
TXN_7350571,Granizado,1,4.0,4.0,Tarjeta Crédito,Restaurante,2023-02-19
TXN_3915802,Café,3,2.0,6.0,Efectivo,Para llevar,2023-12-16
TXN_5019143,Café,5,2.0,10.0,Efectivo,,2023-02-21
TXN_1785371,Café,1,2.0,2.0,DESCONOCIDO,Para llevar,2023-01-16
TXN_6441650,Torta,5,3.0,15.0,DESCONOCIDO,Para llevar,2023-09-06
TXN_2493262,Galleta,2,1.0,2.0,Tarjeta Crédito,Para llevar,2023-01-03
TXN_3257591,Sandwich,1,4.0,4.0,Tarjeta Crédito,Restaurante,DESCONOCIDO
TXN_6038791,Jugo,2,3.0,6.0,Nequi/Daviplata,Restaurante,2023-03-06
TXN_1335337,Te,3,1.5,4.5,Tarjeta Crédito,Restaurante,2023-09-06
TXN_2275914,Sandwich,2,4.0,8.0,DESCONOCIDO,Para llevar,2023-10-24
TXN_6258276,Sandwich,5,4.0,20.0,Tarjeta Crédito,DESCONOCIDO,2023-01-29
TXN_2340312,Torta,4,3.0,12.0,DESCONOCIDO,Para llevar,2023-07-30
TXN_6066433,Te,2,1.5,,Efectivo,,2023-06-17
TXN_1872922,Sandwich,5,4.0,20.0,,Restaurante,2023-07-16
TXN_7730388,Galleta,5,1.0,5.0,Nequi/Daviplata,Restaurante,2023-09-09
TXN_3330377,ERROR,5,2.0,10.0,,,2023-05-08
TXN_3147198,Granizado,2,4.0,8.0,Nequi/Daviplata,,2023-02-04
TXN_6363897,Ensalada,5,5.0,25.0,Tarjeta Crédito,Para llevar,2023-11-26
TXN_1893222,Granizado,5,4.0,20.0,Tarjeta Crédito,Restaurante,2023-12-20
TXN_9262803,Jugo,5,3.0,15.0,Nequi/Daviplata,,2023-10-04
TXN_9491912,Te,4,1.5,6.0,Efectivo,Restaurante,ERROR
TXN_6992164,Sandwich,2,4.0,8.0,Efectivo,Para llevar,ERROR
TXN_6577035,Granizado,2,4.0,8.0,,Restaurante,2023-05-20
TXN_9970966,Café,5,2.0,10.0,,Restaurante,2023-09-09
TXN_5624179,Galleta,1,1.0,1.0,Efectivo,Para llevar,2023-10-26
TXN_3450160,Torta,4,3.0,12.0,Tarjeta Crédito,Restaurante,2023-10-23
TXN_4075432,Sandwich,5,4.0,20.0,Efectivo,Restaurante,2023-09-12
TXN_2023802,Torta,2,3.0,6.0,Efectivo,Restaurante,2023-02-28
TXN_5130399,Galleta,3,1.0,,,,2023-10-21
TXN_6745832,Café,2,2.0,4.0,Tarjeta Crédito,DESCONOCIDO,2023-10-02
TXN_7560989,Sandwich,3,4.0,12.0,Nequi/Daviplata,,2023-06-16
TXN_9367492,Te,2,,,Efectivo,Restaurante,2023-06-19
TXN_3115258,Ensalada,1,5.0,5.0,,Para llevar,2023-12-06
TXN_8182245,Sandwich,5,4.0,20.0,Nequi/Daviplata,Para llevar,2023-10-24
TXN_3970335,Jugo,5,3.0,15.0,Nequi/Daviplata,Para llevar,2023-09-01
TXN_6376630,,2,3.0,6.0,Efectivo,Restaurante,2023-01-24
TXN_7100596,Granizado,5,4.0,20.0,Tarjeta Crédito,Restaurante,2023-09-14
TXN_1481116,Te,2,1.5,3.0,Nequi/Daviplata,Restaurante,2023-02-26
TXN_9454212,Jugo,5,3.0,15.0,Efectivo,Restaurante,2023-11-19
TXN_3648327,Torta,1,3.0,3.0,Nequi/Daviplata,Para llevar,2023-08-17
TXN_6188394,Jugo,5,3.0,15.0,Tarjeta Crédito,Restaurante,2023-10-05
TXN_2553803,Jugo,1,3.0,3.0,Efectivo,Restaurante,2023-12-29
TXN_5700545,Ensalada,2,5.0,10.0,Tarjeta Crédito,,2023-05-25
TXN_8018479,Te,1,1.5,1.5,Nequi/Daviplata,Para llevar,2023-09-15
TXN_9465300,Te,2,1.5,3.0,Tarjeta Crédito,DESCONOCIDO,2023-09-01
TXN_3046108,Te,5,1.5,7.5,Nequi/Daviplata,Para llevar,2023-01-15
TXN_5998419,Jugo,4,3.0,12.0,,Para llevar,2023-09-26
TXN_4454198,Te,1,1.5,1.5,Nequi/Daviplata,Restaurante,2023-08-22
TXN_5855756,Sandwich,1,4.0,4.0,Tarjeta Crédito,Restaurante,2023-08-29
TXN_5182399,DESCONOCIDO,3,2.0,ERROR,Nequi/Daviplata,Para llevar,2023-09-08
TXN_6758675,Jugo,1,3.0,3.0,Tarjeta Crédito,Restaurante,2023-11-05
TXN_1962275,Café,5,ERROR,10.0,Tarjeta Crédito,Para llevar,2023-05-26
TXN_9530003,Ensalada,1,5.0,5.0,Nequi/Daviplata,,2023-08-24
TXN_2347596,Jugo,4,3.0,12.0,Tarjeta Crédito,,2023-12-27
TXN_6215303,Ensalada,4,5.0,20.0,,Para llevar,2023-08-20
TXN_5524352,Sandwich,1,4.0,4.0,,,2023-01-05
TXN_6668414,Torta,1,3.0,DESCONOCIDO,ERROR,Restaurante,2023-12-29
TXN_8715122,Torta,2,3.0,6.0,Efectivo,Para llevar,ERROR
TXN_1525046,Granizado,2,4.0,8.0,Efectivo,,2023-12-02
TXN_9867948,Granizado,2,4.0,8.0,Nequi/Daviplata,,2023-10-07
TXN_8512466,DESCONOCIDO,5,3.0,15.0,,,2023-02-10
TXN_9663990,Jugo,1,3.0,3.0,,,2023-01-06
TXN_7681072,Galleta,1,1.0,1.0,Tarjeta Crédito,Para llevar,2023-07-07
TXN_3099191,Ensalada,ERROR,5.0,10.0,ERROR,,2023-05-19
TXN_8789986,Torta,2,3.0,6.0,Efectivo,Para llevar,2023-09-21
TXN_8382825,Café,5,2.0,10.0,Efectivo,Restaurante,2023-01-20
TXN_4486700,Torta,2,3.0,6.0,Nequi/Daviplata,Para llevar,2023-02-08
TXN_2668108,Galleta,5,1.0,5.0,Efectivo,,2023-09-23
TXN_5085328,Café,4,2.0,8.0,Nequi/Daviplata,Para llevar,2023-02-03
TXN_6023823,Galleta,2,1.0,2.0,Nequi/Daviplata,,2023-04-20
TXN_6541659,Sandwich,3,4.0,12.0,,Para llevar,2023-01-29
TXN_3203928,Café,3,2.0,6.0,,Restaurante,2023-12-04
TXN_3443235,Sandwich,5,4.0,20.0,,DESCONOCIDO,2023-10-11
TXN_6191769,Ensalada,1,5.0,5.0,Tarjeta Crédito,Para llevar,2023-05-17
TXN_6110386,Granizado,1,4.0,4.0,Efectivo,Restaurante,2023-03-17
TXN_7355635,Jugo,3,3.0,9.0,,Restaurante,2023-12-21
TXN_2944518,DESCONOCIDO,3,3.0,9.0,,Para llevar,2023-09-14
TXN_9169536,Torta,5,3.0,DESCONOCIDO,Efectivo,Restaurante,2023-06-10
TXN_8257774,Galleta,5,1.0,5.0,Efectivo,Para llevar,2023-03-04
TXN_3873718,ERROR,1,5.0,5.0,Efectivo,Restaurante,2023-03-07
TXN_8767676,Granizado,1,4.0,4.0,,,2023-11-30
TXN_1225638,Torta,4,3.0,12.0,Efectivo,Para llevar,2023-05-28
TXN_5050111,,3,5.0,15.0,Efectivo,Restaurante,2023-06-13
TXN_5508620,Sandwich,2,4.0,8.0,Efectivo,Restaurante,2023-08-26
TXN_7864080,Te,5,1.5,7.5,Tarjeta Crédito,Para llevar,2023-11-12
TXN_6066883,Torta,2,3.0,6.0,Tarjeta Crédito,,2023-12-21
TXN_6034785,Café,3,2.0,6.0,Nequi/Daviplata,,2023-06-17
TXN_7818024,Torta,3,3.0,9.0,,,2023-08-16
TXN_2463115,Sandwich,5,4.0,20.0,Tarjeta Crédito,Para llevar,2023-09-12
TXN_9948425,Torta,3,3.0,9.0,DESCONOCIDO,Para llevar,2023-11-21
TXN_2540440,,2,1.5,3.0,Nequi/Daviplata,,2023-12-30
TXN_2006923,Ensalada,5,5.0,25.0,Nequi/Daviplata,,2023-05-31
TXN_6762172,Café,5,2.0,10.0,Efectivo,Para llevar,2023-01-19
TXN_6638051,Granizado,2,4.0,8.0,Efectivo,,2023-11-05
TXN_9834329,Granizado,ERROR,4.0,4.0,Efectivo,,2023-09-17
TXN_9172616,DESCONOCIDO,4,2.0,8.0,,Para llevar,2023-11-21
TXN_8867300,Granizado,4,4.0,16.0,,Restaurante,2023-05-06
TXN_6987950,Torta,4,3.0,12.0,Tarjeta Crédito,,2023-05-04
TXN_9967728,Café,4,2.0,8.0,,,2023-01-30
TXN_5591967,Sandwich,1,4.0,4.0,Tarjeta Crédito,Para llevar,2023-04-08
TXN_5861158,Sandwich,3,4.0,12.0,Tarjeta Crédito,Para llevar,2023-11-21
TXN_7501002,Café,1,2.0,2.0,Nequi/Daviplata,DESCONOCIDO,2023-08-23
TXN_2848654,Granizado,5,4.0,20.0,Nequi/Daviplata,Restaurante,2023-03-15
TXN_2406254,DESCONOCIDO,5,3.0,15.0,,Para llevar,2023-11-12
TXN_3034652,Jugo,5,3.0,15.0,Tarjeta Crédito,Restaurante,2023-11-04
TXN_2710779,Sandwich,5,4.0,DESCONOCIDO,Nequi/Daviplata,Restaurante,2023-09-30
TXN_2333576,Te,2,ERROR,3.0,Nequi/Daviplata,Para llevar,2023-11-22
TXN_6330369,Jugo,1,3.0,3.0,DESCONOCIDO,,2023-01-25
TXN_7852032,Sandwich,1,4.0,4.0,Efectivo,,2023-03-19
TXN_7189368,Sandwich,2,4.0,8.0,Tarjeta Crédito,,2023-01-22
TXN_6306655,,4,1.0,ERROR,Nequi/Daviplata,Para llevar,2023-01-22
TXN_7169320,Café,3,2.0,6.0,Tarjeta Crédito,,ERROR
TXN_6607568,Café,2,2.0,4.0,Efectivo,Restaurante,2023-03-24
TXN_8245906,Torta,1,ERROR,3.0,Nequi/Daviplata,,2023-02-08
TXN_9837568,Ensalada,5,5.0,25.0,Efectivo,Restaurante,2023-04-17
TXN_9603263,Galleta,5,1.0,5.0,Efectivo,ERROR,2023-05-02
TXN_9425610,Sandwich,3,4.0,12.0,Efectivo,Restaurante,2023-01-08
TXN_8092496,Jugo,4,3.0,12.0,,Restaurante,2023-03-11
TXN_3611851,,4,ERROR,ERROR,Tarjeta Crédito,,2023-02-09
TXN_9749333,Galleta,5,1.0,5.0,Efectivo,Restaurante,2023-02-27
TXN_2771364,Café,1,2.0,2.0,Nequi/Daviplata,,2023-01-23
TXN_5180326,Jugo,,3.0,12.0,,,2023-04-26
TXN_7376092,Galleta,4,1.0,4.0,Efectivo,Restaurante,2023-11-07
TXN_9279347,Sandwich,,4.0,20.0,Tarjeta Crédito,,2023-02-27
TXN_8278982,Granizado,5,4.0,20.0,Tarjeta Crédito,Para llevar,2023-09-06
TXN_7686476,Café,3,2.0,6.0,Nequi/Daviplata,Para llevar,2023-01-03
TXN_4283563,ERROR,2,1.5,3.0,Efectivo,DESCONOCIDO,2023-05-04
TXN_1926278,Galleta,1,1.0,1.0,Tarjeta Crédito,,2023-07-29
TXN_3981000,Te,1,1.5,1.5,Nequi/Daviplata,Restaurante,2023-05-24
TXN_6167259,Jugo,2,3.0,6.0,Nequi/Daviplata,,2023-04-14
TXN_7068653,Galleta,2,DESCONOCIDO,2.0,Efectivo,Restaurante,2023-06-05
TXN_1572930,Café,3,2.0,6.0,,Restaurante,2023-07-17
TXN_2788797,Te,2,1.5,3.0,,,2023-03-23
TXN_4255767,Jugo,1,3.0,3.0,,,2023-05-25
TXN_7367474,Jugo,5,3.0,15.0,Nequi/Daviplata,Para llevar,2023-01-01
TXN_7551097,Torta,2,3.0,6.0,Nequi/Daviplata,ERROR,2023-06-12
TXN_1546695,Café,5,2.0,,,Para llevar,2023-03-06
TXN_4030010,Sandwich,5,4.0,20.0,,Para llevar,
TXN_4567455,Café,3,2.0,6.0,,Restaurante,2023-02-01
TXN_7958487,Galleta,5,1.0,5.0,,,2023-01-20
TXN_2864420,Sandwich,1,4.0,4.0,,,2023-07-12
TXN_1498343,Ensalada,2,5.0,10.0,Tarjeta Crédito,Para llevar,2023-03-31
TXN_3107619,Galleta,2,1.0,2.0,Nequi/Daviplata,Para llevar,2023-05-31
TXN_1923349,ERROR,4,ERROR,6.0,,,2023-07-06
TXN_7380217,Te,1,1.5,1.5,Nequi/Daviplata,,2023-09-10
TXN_3195132,Ensalada,4,5.0,,Tarjeta Crédito,,2023-08-26
TXN_9001088,Café,2,,4.0,Tarjeta Crédito,,2023-08-19
TXN_2101437,,2,4.0,8.0,Efectivo,Restaurante,2023-08-27
TXN_7411993,Torta,2,3.0,6.0,Nequi/Daviplata,Restaurante,2023-02-11
TXN_2879092,ERROR,3,1.5,4.5,Efectivo,,2023-05-22
TXN_8791641,Te,5,1.5,7.5,,Restaurante,2023-01-25
TXN_4679593,Jugo,1,3.0,3.0,Efectivo,Restaurante,2023-01-10
TXN_1907250,Galleta,1,1.0,1.0,Tarjeta Crédito,,2023-11-15
TXN_8504764,,2,4.0,8.0,Nequi/Daviplata,Para llevar,2023-02-19
TXN_1630051,Granizado,5,4.0,20.0,Nequi/Daviplata,Para llevar,2023-03-17
TXN_2566258,Galleta,4,1.0,4.0,Efectivo,Para llevar,2023-06-08
TXN_5785600,Ensalada,5,5.0,ERROR,Efectivo,Restaurante,2023-12-10
TXN_4864206,Galleta,5,1.0,5.0,Efectivo,Restaurante,2023-03-18
TXN_4360040,Ensalada,1,5.0,5.0,Tarjeta Crédito,,2023-11-15
TXN_9490163,Ensalada,4,5.0,20.0,Tarjeta Crédito,,2023-02-23
TXN_2640727,ERROR,3,3.0,9.0,Nequi/Daviplata,Para llevar,2023-03-05
TXN_9927061,Galleta,2,1.0,2.0,,,2023-10-17
TXN_5113993,Café,1,2.0,2.0,Tarjeta Crédito,Para llevar,2023-02-10
TXN_2192787,Sandwich,5,4.0,20.0,Efectivo,Restaurante,2023-01-01
TXN_2127588,Torta,4,3.0,12.0,Efectivo,Restaurante,2023-07-17
TXN_5284338,,4,2.0,8.0,Efectivo,Para llevar,2023-03-30
TXN_8108748,Sandwich,1,4.0,4.0,Efectivo,DESCONOCIDO,2023-06-19
TXN_5538713,Galleta,2,1.0,2.0,Nequi/Daviplata,Para llevar,2023-09-20
TXN_5949811,Te,DESCONOCIDO,1.5,3.0,Nequi/Daviplata,Restaurante,2023-02-21
TXN_2565449,Granizado,3,4.0,12.0,Tarjeta Crédito,Restaurante,2023-10-04
TXN_7264039,Torta,5,3.0,15.0,Efectivo,,2023-09-19
TXN_9224501,Ensalada,5,5.0,25.0,Tarjeta Crédito,Restaurante,2023-12-08
TXN_5767393,Granizado,3,4.0,12.0,Nequi/Daviplata,Restaurante,2023-09-11
TXN_2628024,Granizado,1,4.0,4.0,,Restaurante,2023-05-02
TXN_4638629,Granizado,4,4.0,,Tarjeta Crédito,,2023-02-10
TXN_9287133,Torta,5,3.0,15.0,Nequi/Daviplata,Restaurante,2023-04-20
TXN_6223786,Torta,5,3.0,15.0,Efectivo,,2023-07-05
TXN_5460750,Jugo,3,3.0,9.0,Tarjeta Crédito,,2023-07-31
TXN_6792445,Torta,,3.0,9.0,Efectivo,ERROR,2023-12-03
TXN_2543138,Sandwich,1,4.0,4.0,Tarjeta Crédito,,2023-05-20
TXN_7134064,Granizado,5,4.0,20.0,Tarjeta Crédito,Para llevar,2023-04-04
TXN_8616163,Granizado,ERROR,4.0,8.0,,Para llevar,DESCONOCIDO
TXN_9201988,Café,3,2.0,6.0,,,2023-05-14
TXN_5486063,Granizado,3,4.0,12.0,Efectivo,Restaurante,2023-05-21
TXN_2285849,Te,2,1.5,3.0,Tarjeta Crédito,Para llevar,2023-09-10
TXN_9577271,Sandwich,5,4.0,20.0,Efectivo,Restaurante,2023-09-30
TXN_6568536,Torta,1,3.0,3.0,Efectivo,,2023-12-29
TXN_6802372,Jugo,3,3.0,9.0,,Restaurante,2023-07-20
TXN_2624121,Te,5,1.5,7.5,Nequi/Daviplata,Restaurante,2023-01-28
TXN_8994477,Café,3,,6.0,,Restaurante,2023-04-19
TXN_7868879,Sandwich,4,4.0,16.0,Efectivo,Para llevar,2023-05-02
TXN_8321225,ERROR,4,1.5,6.0,Tarjeta Crédito,Para llevar,2023-08-20
TXN_1439390,Jugo,4,3.0,12.0,,Restaurante,2023-02-14
TXN_9373436,Ensalada,4,5.0,20.0,Nequi/Daviplata,,2023-04-06
TXN_6243519,Café,3,2.0,6.0,Efectivo,Para llevar,2023-03-03
TXN_8668901,Jugo,2,3.0,6.0,Tarjeta Crédito,Para llevar,2023-06-30
TXN_4903004,Te,4,1.5,6.0,Nequi/Daviplata,Restaurante,2023-12-03
TXN_2195218,Torta,4,3.0,12.0,Nequi/Daviplata,Restaurante,2023-09-10
TXN_9678108,Ensalada,3,5.0,15.0,ERROR,Para llevar,2023-10-10
TXN_3206876,Ensalada,4,5.0,20.0,,Restaurante,2023-11-07
TXN_3064922,DESCONOCIDO,ERROR,5.0,10.0,Efectivo,,2023-11-12
TXN_7362525,Torta,5,3.0,15.0,Efectivo,Para llevar,2023-06-09
TXN_2161341,Ensalada,5,5.0,25.0,Nequi/Daviplata,ERROR,2023-03-12
TXN_8753888,Galleta,4,1.0,4.0,Tarjeta Crédito,Para llevar,2023-12-25
TXN_3265596,Te,1,1.5,1.5,Efectivo,,2023-12-28
TXN_2815691,Jugo,5,3.0,15.0,Nequi/Daviplata,ERROR,2023-02-06
TXN_8956534,Café,5,2.0,10.0,Efectivo,Para llevar,2023-06-05
TXN_7957208,Te,1,1.5,1.5,Nequi/Daviplata,Para llevar,2023-04-14
TXN_6851213,Jugo,1,3.0,3.0,Nequi/Daviplata,,2023-05-19
TXN_7127903,Café,5,2.0,10.0,,Restaurante,2023-11-27
TXN_7543722,Galleta,3,1.0,3.0,Nequi/Daviplata,,2023-08-26
TXN_7952680,ERROR,1,5.0,5.0,ERROR,,2023-06-09
TXN_8556062,Sandwich,5,4.0,20.0,,,2023-08-07
TXN_8429412,Granizado,4,4.0,16.0,,,2023-06-23
TXN_3817784,Ensalada,,5.0,5.0,,,2023-11-25
TXN_1749105,Sandwich,5,4.0,20.0,Efectivo,Restaurante,2023-10-17
TXN_9731530,Te,DESCONOCIDO,1.5,6.0,Tarjeta Crédito,,2023-06-23
TXN_1248266,Ensalada,3,5.0,15.0,Tarjeta Crédito,Restaurante,2023-10-14
TXN_5400273,Granizado,4,4.0,16.0,Tarjeta Crédito,,2023-05-24
TXN_2255634,Ensalada,4,5.0,20.0,,,2023-04-09
TXN_3312002,Granizado,4,4.0,16.0,Nequi/Daviplata,,2023-04-30
TXN_5331122,Ensalada,4,5.0,20.0,Tarjeta Crédito,Restaurante,2023-09-26
TXN_1227800,Jugo,3,3.0,9.0,Efectivo,Para llevar,2023-02-19
TXN_1867836,Jugo,1,3.0,3.0,Tarjeta Crédito,,2023-03-21
TXN_3051509,Galleta,ERROR,1.0,5.0,,Restaurante,2023-03-07
TXN_5108804,Jugo,1,,3.0,Nequi/Daviplata,Restaurante,2023-09-26
TXN_2699583,Sandwich,5,4.0,20.0,Nequi/Daviplata,Restaurante,2023-07-26
TXN_1622577,Jugo,1,3.0,3.0,Efectivo,,2023-03-14
TXN_9508880,Café,4,2.0,8.0,,Restaurante,2023-10-26
TXN_2156218,Granizado,2,4.0,8.0,Nequi/Daviplata,Restaurante,2023-07-24
TXN_8271025,Jugo,5,3.0,15.0,Tarjeta Crédito,,2023-03-09
TXN_4894699,Galleta,2,1.0,2.0,Nequi/Daviplata,Restaurante,2023-02-20
TXN_5427338,Torta,ERROR,3.0,6.0,Nequi/Daviplata,Restaurante,2023-04-27
TXN_8631468,Torta,1,3.0,3.0,Tarjeta Crédito,Restaurante,2023-10-10
TXN_6315590,Te,5,1.5,7.5,,Restaurante,2023-10-04
TXN_7825457,Torta,5,3.0,15.0,Efectivo,ERROR,2023-09-15
TXN_7468777,Ensalada,1,5.0,5.0,Nequi/Daviplata,Restaurante,
TXN_2378096,Te,3,1.5,4.5,Efectivo,Para llevar,2023-09-22
TXN_2627056,Sandwich,4,4.0,16.0,Nequi/Daviplata,,2023-04-22
TXN_5062280,Granizado,4,4.0,16.0,Tarjeta Crédito,,2023-07-05
TXN_3620110,Café,1,2.0,2.0,Nequi/Daviplata,Para llevar,2023-06-01
TXN_7290923,Ensalada,3,5.0,15.0,DESCONOCIDO,,2023-02-09
TXN_7844687,Torta,1,3.0,3.0,,Restaurante,ERROR
TXN_1005331,Café,1,2.0,2.0,Nequi/Daviplata,Para llevar,2023-11-04
TXN_1579182,Jugo,5,3.0,15.0,Efectivo,Restaurante,2023-02-20
TXN_7311097,Café,5,2.0,10.0,,Restaurante,2023-08-05
TXN_1185118,DESCONOCIDO,5,3.0,,,,DESCONOCIDO
TXN_4836614,ERROR,4,1.5,6.0,Nequi/Daviplata,,2023-04-03
TXN_7477271,Te,5,1.5,7.5,,Para llevar,2023-07-12
TXN_6503052,Jugo,4,3.0,12.0,,,2023-04-21
TXN_6471268,Granizado,5,4.0,20.0,Nequi/Daviplata,,2023-02-10
TXN_3985301,Granizado,2,4.0,8.0,,Restaurante,ERROR
TXN_6843517,Sandwich,5,4.0,ERROR,Tarjeta Crédito,Restaurante,2023-01-02
TXN_9370304,Granizado,4,,16.0,,Para llevar,2023-09-01
TXN_9298053,Jugo,5,3.0,15.0,Efectivo,Restaurante,2023-06-29
TXN_1446862,Torta,3,3.0,9.0,,Para llevar,2023-09-26
TXN_4987246,Galleta,3,1.0,DESCONOCIDO,Nequi/Daviplata,Para llevar,2023-11-24
TXN_6271219,Sandwich,3,4.0,12.0,Efectivo,,2023-06-07
TXN_2614545,Te,1,1.5,1.5,DESCONOCIDO,Restaurante,2023-08-10
TXN_4917580,ERROR,3,2.0,6.0,,Restaurante,2023-03-08
TXN_6236864,Te,2,1.5,3.0,Nequi/Daviplata,Restaurante,2023-08-17
TXN_7825648,Café,1,2.0,2.0,,Para llevar,2023-05-18
TXN_1853196,Sandwich,1,4.0,4.0,Tarjeta Crédito,,2023-08-28
TXN_7201361,Granizado,3,4.0,12.0,Efectivo,Restaurante,2023-05-26
TXN_6902481,Jugo,3,3.0,9.0,Efectivo,,2023-09-03
TXN_4041845,Jugo,5,3.0,15.0,,,2023-12-01
TXN_8861272,Café,1,2.0,2.0,Nequi/Daviplata,,2023-03-27
TXN_7527954,Torta,4,3.0,12.0,,DESCONOCIDO,2023-12-09
TXN_2229365,Sandwich,2,4.0,8.0,Efectivo,Restaurante,2023-09-07
TXN_5563675,Te,3,1.5,4.5,Nequi/Daviplata,Restaurante,2023-01-01
TXN_7416770,,3,3.0,9.0,,Para llevar,2023-04-08
TXN_6594187,Te,5,1.5,7.5,DESCONOCIDO,,DESCONOCIDO
TXN_8632098,Ensalada,2,DESCONOCIDO,10.0,,,2023-01-06
TXN_3520908,Sandwich,3,DESCONOCIDO,12.0,Nequi/Daviplata,ERROR,2023-08-01
TXN_7907499,Jugo,3,3.0,9.0,Nequi/Daviplata,Para llevar,2023-04-18
TXN_8360073,Torta,4,3.0,12.0,Nequi/Daviplata,Restaurante,2023-06-15
TXN_4840295,,4,4.0,16.0,Nequi/Daviplata,Para llevar,2023-02-02
TXN_4140167,Café,2,2.0,4.0,Efectivo,DESCONOCIDO,2023-06-29
TXN_2690515,Sandwich,2,4.0,8.0,Efectivo,Para llevar,2023-09-06
TXN_2080682,Café,3,2.0,6.0,Tarjeta Crédito,Restaurante,2023-05-02
TXN_8399341,Te,5,1.5,7.5,Efectivo,,2023-03-22
TXN_5661891,Ensalada,1,5.0,5.0,Nequi/Daviplata,Para llevar,2023-10-28
TXN_3164212,Granizado,4,4.0,16.0,,Restaurante,2023-11-14
TXN_1834831,ERROR,5,5.0,25.0,Nequi/Daviplata,Restaurante,2023-02-16
TXN_3360401,DESCONOCIDO,2,1.5,3.0,,Para llevar,2023-02-05
TXN_6036520,Café,5,2.0,10.0,Efectivo,,2023-09-15
TXN_1582958,Café,2,2.0,4.0,Efectivo,,2023-12-08
TXN_9834415,Galleta,2,1.0,2.0,Tarjeta Crédito,Restaurante,2023-12-28
TXN_7325430,Café,2,2.0,4.0,Efectivo,,2023-04-17
TXN_6440365,Granizado,2,4.0,8.0,Efectivo,,2023-05-14
TXN_4002629,Torta,5,3.0,15.0,Tarjeta Crédito,Restaurante,2023-06-15
TXN_4244830,Café,5,2.0,10.0,,Restaurante,2023-04-24
TXN_2217038,Te,5,1.5,7.5,ERROR,,2023-06-12
TXN_6259827,Torta,2,,6.0,Tarjeta Crédito,Para llevar,2023-06-14
TXN_6551087,Granizado,1,4.0,4.0,Tarjeta Crédito,ERROR,2023-05-02
TXN_1643039,Galleta,3,1.0,3.0,,,2023-02-17
TXN_3683787,Te,5,ERROR,7.5,Tarjeta Crédito,,2023-09-16
TXN_5765576,Sandwich,5,4.0,20.0,,Restaurante,2023-11-22
TXN_4155134,Galleta,1,1.0,1.0,,Para llevar,2023-05-07
TXN_1795044,Café,2,2.0,4.0,Nequi/Daviplata,DESCONOCIDO,2023-08-15
TXN_3328393,ERROR,3,3.0,9.0,,,2023-04-16
TXN_2399870,Ensalada,4,5.0,20.0,,,2023-04-08
TXN_8898121,Te,4,1.5,6.0,Nequi/Daviplata,,2023-03-26
TXN_4735392,Granizado,3,4.0,12.0,Tarjeta Crédito,Para llevar,2023-04-04
TXN_3244935,Ensalada,5,5.0,25.0,,Para llevar,2023-11-24
TXN_8410712,Jugo,5,3.0,15.0,Nequi/Daviplata,Para llevar,2023-10-23
TXN_8997048,Jugo,1,3.0,3.0,,Restaurante,2023-12-05
TXN_6009395,Sandwich,4,4.0,16.0,Efectivo,Restaurante,2023-07-20
TXN_3733753,Sandwich,1,4.0,4.0,Nequi/Daviplata,Para llevar,2023-03-10
TXN_4084548,Ensalada,2,5.0,10.0,Efectivo,Restaurante,2023-07-21
TXN_7125945,Torta,3,3.0,9.0,Tarjeta Crédito,Restaurante,2023-01-30
TXN_6746140,Galleta,5,1.0,5.0,Nequi/Daviplata,Para llevar,ERROR
TXN_8103439,Granizado,1,4.0,4.0,,Para llevar,2023-11-30
TXN_9474082,DESCONOCIDO,3,5.0,15.0,Nequi/Daviplata,Restaurante,2023-03-22
TXN_2623927,Sandwich,2,4.0,8.0,DESCONOCIDO,,2023-01-27
TXN_8707598,Jugo,4,,12.0,Tarjeta Crédito,,2023-10-22
TXN_2810554,DESCONOCIDO,1,3.0,3.0,Tarjeta Crédito,Para llevar,2023-02-18
TXN_5435751,Sandwich,1,4.0,4.0,Tarjeta Crédito,Para llevar,2023-05-24
TXN_9991468,Jugo,4,3.0,12.0,Tarjeta Crédito,,2023-11-30
TXN_1339457,ERROR,3,4.0,ERROR,Nequi/Daviplata,Restaurante,2023-05-23
TXN_5186460,Jugo,3,3.0,9.0,Tarjeta Crédito,DESCONOCIDO,2023-11-07
TXN_8936782,Jugo,5,3.0,DESCONOCIDO,,Restaurante,2023-04-01
TXN_6885561,Granizado,3,4.0,12.0,Nequi/Daviplata,Para llevar,2023-06-24
TXN_4089089,Granizado,5,4.0,20.0,,,2023-10-26
TXN_6304285,Torta,5,3.0,15.0,Nequi/Daviplata,Para llevar,2023-11-16
TXN_7792996,Ensalada,4,5.0,20.0,Efectivo,,2023-12-20
TXN_3653328,Galleta,4,1.0,4.0,Nequi/Daviplata,Restaurante,2023-06-27
TXN_3003876,Galleta,3,1.0,3.0,Efectivo,ERROR,2023-08-27
TXN_4015634,Te,2,1.5,3.0,,,2023-06-28
TXN_8166394,Jugo,4,3.0,12.0,Tarjeta Crédito,,2023-12-22
TXN_1270603,Jugo,4,3.0,12.0,Tarjeta Crédito,Para llevar,2023-12-03
TXN_8837886,Granizado,3,4.0,ERROR,,,2023-04-20
TXN_1437275,Café,3,2.0,6.0,Tarjeta Crédito,,2023-07-22
TXN_5791605,Granizado,3,4.0,12.0,,Para llevar,2023-05-17
TXN_5836079,Café,1,2.0,2.0,Nequi/Daviplata,,2023-07-14
TXN_2897115,DESCONOCIDO,3,2.0,6.0,Nequi/Daviplata,Restaurante,2023-06-23
TXN_8916613,Ensalada,4,5.0,20.0,ERROR,Para llevar,2023-06-19
TXN_9251292,Te,2,1.5,3.0,Efectivo,DESCONOCIDO,2023-01-20
TXN_9639025,Café,5,2.0,10.0,,,2023-12-06
TXN_7770253,Café,5,2.0,10.0,Nequi/Daviplata,Para llevar,2023-01-06
TXN_9196116,Torta,2,ERROR,6.0,,Restaurante,2023-07-06
TXN_5405799,Café,3,2.0,6.0,Efectivo,ERROR,2023-08-13
TXN_1701500,Granizado,1,4.0,4.0,ERROR,Para llevar,2023-01-05
TXN_6669163,Galleta,ERROR,1.0,1.0,Tarjeta Crédito,Para llevar,2023-07-26
TXN_9695128,Torta,1,3.0,3.0,Efectivo,Restaurante,2023-12-21
TXN_8700156,Te,4,ERROR,6.0,Tarjeta Crédito,Restaurante,2023-12-25
TXN_7192920,Granizado,4,4.0,16.0,Nequi/Daviplata,ERROR,2023-02-28
TXN_1866816,Jugo,3,3.0,9.0,,Restaurante,2023-08-21
TXN_2423762,Café,1,2.0,2.0,,,2023-08-12
TXN_4007506,Ensalada,1,5.0,5.0,,,2023-01-19
TXN_4371760,Granizado,2,4.0,8.0,Efectivo,Restaurante,2023-01-12
TXN_4468830,Granizado,4,4.0,ERROR,Nequi/Daviplata,Restaurante,2023-11-10
TXN_1908100,Jugo,2,3.0,6.0,,Restaurante,2023-04-17
TXN_3892344,Galleta,2,1.0,2.0,,,2023-07-28
TXN_3023841,Te,3,1.5,4.5,Nequi/Daviplata,Para llevar,2023-04-29
TXN_8793244,Torta,4,3.0,12.0,Tarjeta Crédito,Para llevar,2023-05-08
TXN_5764993,Ensalada,3,5.0,,ERROR,Para llevar,2023-04-26
TXN_2376525,Sandwich,5,4.0,20.0,ERROR,,
TXN_2628941,Granizado,1,4.0,4.0,,Restaurante,2023-12-27
TXN_5206049,,3,DESCONOCIDO,3.0,Nequi/Daviplata,,2023-06-24
TXN_5448602,Jugo,3,3.0,9.0,Tarjeta Crédito,Restaurante,2023-01-17
TXN_1346517,Café,1,2.0,2.0,Nequi/Daviplata,Para llevar,2023-03-20
TXN_9277534,Granizado,2,4.0,8.0,Tarjeta Crédito,Restaurante,2023-04-25
TXN_4946991,Torta,1,ERROR,3.0,DESCONOCIDO,DESCONOCIDO,2023-04-17
TXN_9663098,Jugo,2,3.0,6.0,Efectivo,,2023-06-10
TXN_2492586,Ensalada,3,ERROR,15.0,Efectivo,,2023-05-17
TXN_2450799,Te,5,DESCONOCIDO,7.5,ERROR,DESCONOCIDO,2023-11-26
TXN_6145837,Torta,5,3.0,15.0,Nequi/Daviplata,Para llevar,2023-08-27
TXN_3665727,Galleta,1,1.0,1.0,,Restaurante,2023-10-13
TXN_5067056,Sandwich,1,4.0,4.0,Efectivo,Restaurante,2023-08-13
TXN_8453110,Granizado,3,4.0,12.0,Nequi/Daviplata,DESCONOCIDO,2023-06-24
TXN_4954887,Galleta,3,1.0,3.0,,Restaurante,2023-06-11
TXN_4449173,,ERROR,2.0,2.0,Nequi/Daviplata,Para llevar,2023-04-05
TXN_6641409,DESCONOCIDO,5,4.0,20.0,Nequi/Daviplata,ERROR,2023-11-21
TXN_6132959,Ensalada,5,5.0,25.0,Nequi/Daviplata,,2023-07-01
TXN_8626161,Granizado,3,4.0,12.0,Nequi/Daviplata,Restaurante,2023-11-23
TXN_7099050,Ensalada,3,5.0,15.0,Tarjeta Crédito,Para llevar,2023-01-18
TXN_8938663,Café,1,2.0,2.0,Nequi/Daviplata,,2023-09-09
TXN_5039624,Galleta,4,1.0,4.0,,Para llevar,2023-04-27
TXN_9565465,Te,3,1.5,4.5,Tarjeta Crédito,Restaurante,2023-12-26
TXN_6301600,Jugo,4,3.0,12.0,Nequi/Daviplata,Restaurante,2023-02-28
TXN_1529904,Café,1,2.0,2.0,Tarjeta Crédito,Restaurante,
TXN_4784128,Sandwich,3,4.0,12.0,Efectivo,Para llevar,2023-08-27
TXN_5807634,Sandwich,5,4.0,20.0,Nequi/Daviplata,,2023-05-23
TXN_5560205,Café,3,2.0,6.0,Efectivo,Restaurante,2023-12-22
TXN_2193092,Jugo,4,ERROR,12.0,,Para llevar,2023-10-30
TXN_8191921,Ensalada,3,5.0,15.0,Nequi/Daviplata,,
TXN_1833277,Te,2,1.5,3.0,,Para llevar,2023-10-19
TXN_6346774,Jugo,3,3.0,9.0,Efectivo,Restaurante,DESCONOCIDO
TXN_6119798,Ensalada,1,5.0,5.0,Tarjeta Crédito,Restaurante,2023-09-19
TXN_9793353,Café,3,2.0,6.0,Tarjeta Crédito,Para llevar,2023-08-21
TXN_5017895,Ensalada,4,5.0,20.0,Efectivo,,2023-09-25
TXN_4547995,Torta,3,3.0,9.0,Nequi/Daviplata,,2023-11-30
TXN_7032256,Sandwich,5,4.0,20.0,Tarjeta Crédito,,2023-03-13
TXN_2578309,Granizado,3,4.0,12.0,,ERROR,2023-05-05
TXN_2064360,Café,4,2.0,8.0,Nequi/Daviplata,Restaurante,2023-08-30
TXN_5508573,Torta,1,3.0,3.0,,Para llevar,2023-12-17
TXN_7125392,Galleta,4,DESCONOCIDO,4.0,Nequi/Daviplata,Para llevar,2023-07-05
TXN_2564219,Ensalada,1,5.0,5.0,Nequi/Daviplata,Para llevar,2023-07-18
TXN_1203954,Sandwich,1,4.0,4.0,Nequi/Daviplata,,2023-08-12
TXN_4671054,DESCONOCIDO,,5.0,20.0,Efectivo,,2023-06-20
TXN_4488222,Te,3,1.5,4.5,Nequi/Daviplata,Para llevar,2023-03-13
TXN_3103967,Jugo,2,3.0,6.0,Tarjeta Crédito,ERROR,2023-11-12
TXN_9853577,Sandwich,2,4.0,8.0,Tarjeta Crédito,Restaurante,2023-04-30
TXN_4349597,Jugo,4,3.0,12.0,Tarjeta Crédito,ERROR,2023-08-21
TXN_3353214,Granizado,5,4.0,20.0,Tarjeta Crédito,,2023-08-12
TXN_7122708,Sandwich,5,,20.0,,Para llevar,2023-06-23
TXN_8788437,Café,1,2.0,2.0,,DESCONOCIDO,2023-11-19
TXN_1672443,Café,1,2.0,2.0,Tarjeta Crédito,Para llevar,2023-10-03
TXN_6277500,Café,4,2.0,8.0,Tarjeta Crédito,Para llevar,2023-01-09
TXN_6671827,Ensalada,1,5.0,5.0,Tarjeta Crédito,Para llevar,2023-08-09
TXN_4647042,Sandwich,5,4.0,20.0,,Para llevar,2023-04-25
TXN_1183212,Jugo,4,3.0,12.0,,Restaurante,2023-06-30
TXN_8426712,Galleta,3,1.0,3.0,,Restaurante,2023-05-22
TXN_5894676,Granizado,5,4.0,20.0,Tarjeta Crédito,Para llevar,2023-06-17
TXN_1411744,Granizado,4,4.0,16.0,Tarjeta Crédito,Para llevar,2023-09-17
TXN_6610554,Café,5,2.0,10.0,Nequi/Daviplata,,2023-10-28
TXN_6169248,Jugo,5,3.0,15.0,Tarjeta Crédito,,2023-08-12
TXN_1581997,Ensalada,4,5.0,20.0,Nequi/Daviplata,,2023-08-26
TXN_4868913,Torta,4,3.0,12.0,Efectivo,,2023-06-30
TXN_8277553,Te,3,1.5,4.5,Efectivo,,2023-09-26
TXN_4030197,Ensalada,3,5.0,15.0,Tarjeta Crédito,Para llevar,2023-03-05
TXN_7276927,Café,5,ERROR,10.0,Efectivo,Para llevar,2023-07-06
TXN_3912836,Ensalada,1,5.0,5.0,Tarjeta Crédito,Restaurante,2023-11-23
TXN_3833729,Granizado,4,4.0,16.0,Nequi/Daviplata,Restaurante,2023-11-13
TXN_7054393,Café,2,2.0,4.0,Nequi/Daviplata,Restaurante,2023-05-30
TXN_1395083,Jugo,1,3.0,3.0,Efectivo,Restaurante,2023-07-08
TXN_8784653,Granizado,1,4.0,4.0,Efectivo,Restaurante,2023-09-12
TXN_3943666,Jugo,4,3.0,12.0,,Para llevar,2023-03-15
TXN_8308672,Ensalada,2,5.0,10.0,Nequi/Daviplata,Para llevar,2023-01-01
TXN_3190959,Te,2,1.5,3.0,Tarjeta Crédito,Para llevar,2023-12-16
TXN_6199016,Jugo,1,3.0,3.0,Nequi/Daviplata,,2023-02-14
TXN_9301279,Granizado,1,DESCONOCIDO,4.0,Tarjeta Crédito,DESCONOCIDO,2023-05-27
TXN_8900751,Sandwich,1,4.0,ERROR,DESCONOCIDO,Para llevar,2023-01-30
TXN_6542877,Jugo,1,3.0,3.0,,Restaurante,2023-12-06
TXN_5516804,Sandwich,,4.0,20.0,Tarjeta Crédito,Para llevar,2023-09-26
TXN_6345733,Café,1,2.0,2.0,,Restaurante,2023-11-26
TXN_5834491,Te,3,1.5,4.5,,,2023-08-13
TXN_1667192,Torta,4,3.0,12.0,DESCONOCIDO,Para llevar,2023-07-17
TXN_1454730,Café,5,2.0,10.0,,Para llevar,2023-07-21
TXN_3243832,Torta,2,3.0,6.0,,,2023-08-10
TXN_7501717,Sandwich,1,4.0,4.0,Tarjeta Crédito,,2023-08-03
TXN_1351151,Granizado,ERROR,4.0,4.0,Tarjeta Crédito,,2023-10-03
TXN_6117497,Café,2,2.0,4.0,Nequi/Daviplata,Restaurante,2023-02-13
TXN_6018740,Granizado,2,4.0,8.0,Nequi/Daviplata,Para llevar,
TXN_3818464,Torta,2,3.0,6.0,Efectivo,Restaurante,2023-03-02
TXN_2093816,Sandwich,ERROR,4.0,12.0,Efectivo,Para llevar,2023-04-06
TXN_7694020,Galleta,2,,2.0,Nequi/Daviplata,Para llevar,2023-08-06
TXN_4215488,Ensalada,5,5.0,25.0,,Restaurante,2023-10-07
TXN_5167425,Jugo,DESCONOCIDO,3.0,15.0,Nequi/Daviplata,,2023-08-04
TXN_7075261,Jugo,1,3.0,3.0,,,2023-07-29
TXN_2694724,Sandwich,2,4.0,8.0,Nequi/Daviplata,,2023-06-26
TXN_8285304,Galleta,1,1.0,1.0,Efectivo,,2023-07-09
TXN_7415686,Sandwich,3,4.0,12.0,Tarjeta Crédito,Restaurante,2023-04-13
TXN_8877644,Galleta,2,1.0,2.0,,Para llevar,2023-09-01
TXN_7231548,Granizado,3,4.0,12.0,Tarjeta Crédito,Restaurante,2023-11-06
TXN_2879361,Jugo,3,3.0,9.0,,Para llevar,2023-11-22
TXN_5956755,Sandwich,5,4.0,20.0,Nequi/Daviplata,Para llevar,2023-03-05
TXN_6124342,Torta,3,3.0,9.0,,Para llevar,2023-09-14
TXN_3824443,Granizado,3,4.0,12.0,DESCONOCIDO,Restaurante,2023-10-08
TXN_6778177,Galleta,4,1.0,4.0,,Para llevar,2023-10-12
TXN_2634410,Granizado,3,4.0,12.0,,ERROR,2023-07-15
TXN_6975750,Jugo,5,3.0,15.0,,ERROR,2023-01-08
TXN_9293417,Te,3,1.5,,Nequi/Daviplata,Para llevar,
TXN_7741256,,5,3.0,15.0,Nequi/Daviplata,Para llevar,2023-04-24
TXN_3484190,Café,5,2.0,10.0,Nequi/Daviplata,,2023-12-27
TXN_2621008,DESCONOCIDO,2,1.0,2.0,Nequi/Daviplata,Para llevar,2023-10-21
TXN_5429861,Torta,1,3.0,3.0,Nequi/Daviplata,,2023-03-20
TXN_2828596,Café,,2.0,4.0,,,2023-11-25
TXN_6348290,ERROR,4,2.0,8.0,,Restaurante,2023-01-24
TXN_9813943,Ensalada,2,5.0,10.0,Efectivo,,2023-04-06
TXN_2364171,Jugo,4,3.0,12.0,Efectivo,,2023-05-18
TXN_8002886,Café,5,2.0,10.0,Nequi/Daviplata,Para llevar,2023-05-28
TXN_9956671,Torta,3,DESCONOCIDO,9.0,Tarjeta Crédito,,2023-05-05
TXN_7694491,Ensalada,3,5.0,15.0,Efectivo,Restaurante,2023-09-01
TXN_7517996,Torta,2,3.0,6.0,Efectivo,ERROR,2023-10-22
TXN_1655827,Torta,1,3.0,3.0,,Restaurante,2023-09-06
TXN_6047026,Granizado,2,4.0,8.0,ERROR,DESCONOCIDO,2023-03-24
TXN_4225300,Sandwich,1,4.0,4.0,Efectivo,Para llevar,
TXN_2764962,Te,2,1.5,3.0,Tarjeta Crédito,Para llevar,2023-08-13
TXN_5396727,Jugo,2,DESCONOCIDO,6.0,Tarjeta Crédito,Para llevar,2023-10-13
TXN_5198827,Te,5,1.5,7.5,,,2023-02-15
TXN_8023817,Jugo,4,3.0,12.0,,Para llevar,2023-05-08
TXN_3413185,Torta,ERROR,3.0,12.0,Tarjeta Crédito,Restaurante,2023-03-03
TXN_9783452,Jugo,3,3.0,9.0,Efectivo,DESCONOCIDO,2023-04-11
TXN_4171507,Te,1,1.5,1.5,,Restaurante,2023-10-26
TXN_1491299,Jugo,2,3.0,6.0,Tarjeta Crédito,Restaurante,2023-02-27
TXN_4187327,Te,2,1.5,3.0,,Para llevar,2023-04-01
TXN_3277379,Ensalada,2,5.0,10.0,Tarjeta Crédito,Para llevar,2023-01-06
TXN_2568101,Ensalada,5,5.0,25.0,Efectivo,Para llevar,2023-08-03
TXN_3247340,Te,3,1.5,4.5,Efectivo,Para llevar,2023-12-25
TXN_7797321,Sandwich,5,4.0,20.0,,,2023-11-26
TXN_7512574,Te,1,1.5,1.5,,Para llevar,
TXN_3044825,ERROR,1,1.5,1.5,Tarjeta Crédito,Restaurante,2023-08-14
TXN_9019429,Granizado,2,4.0,8.0,Nequi/Daviplata,,2023-05-11
TXN_9744862,Jugo,4,3.0,,Efectivo,Restaurante,2023-09-19
TXN_6365371,DESCONOCIDO,2,4.0,ERROR,Tarjeta Crédito,,2023-06-16
TXN_4543880,Ensalada,3,5.0,15.0,Efectivo,,2023-07-18
TXN_4064245,Jugo,3,3.0,9.0,Tarjeta Crédito,Para llevar,2023-02-20
TXN_8777692,Café,4,2.0,8.0,Tarjeta Crédito,Restaurante,2023-12-06
TXN_9126502,Granizado,5,4.0,20.0,Tarjeta Crédito,,2023-09-22
TXN_6626427,Galleta,4,1.0,4.0,Nequi/Daviplata,Restaurante,2023-02-13
TXN_4507755,Torta,2,3.0,6.0,Nequi/Daviplata,,2023-05-10
TXN_3928766,Jugo,5,3.0,15.0,,Para llevar,2023-01-14
TXN_9104535,Torta,4,3.0,,,,2023-04-13
TXN_4914535,ERROR,2,1.0,2.0,Efectivo,DESCONOCIDO,
TXN_4824773,Ensalada,5,5.0,25.0,Efectivo,Para llevar,2023-06-06
TXN_9981953,,3,4.0,12.0,,,2023-02-03
TXN_6627338,Jugo,5,3.0,15.0,,Para llevar,2023-12-03
TXN_3555821,Sandwich,3,4.0,12.0,,Restaurante,2023-07-12
TXN_1372991,Café,4,2.0,8.0,,Restaurante,2023-11-17
TXN_6364938,Café,3,ERROR,6.0,Nequi/Daviplata,Restaurante,2023-07-16
TXN_3040823,Granizado,1,4.0,4.0,,Restaurante,2023-10-06
TXN_6755757,DESCONOCIDO,4,4.0,16.0,Tarjeta Crédito,Restaurante,2023-04-05
TXN_4563646,Jugo,5,3.0,15.0,Efectivo,Para llevar,2023-10-10
TXN_3596456,Café,3,2.0,6.0,Nequi/Daviplata,Para llevar,ERROR
TXN_2130415,,,2.0,2.0,Nequi/Daviplata,Para llevar,2023-12-08
TXN_9617421,Te,1,1.5,,,Restaurante,2023-08-21
TXN_1738607,Jugo,2,3.0,6.0,Tarjeta Crédito,Restaurante,2023-01-17
TXN_3832513,Ensalada,1,5.0,5.0,,Para llevar,2023-02-13
TXN_4128086,Te,4,1.5,6.0,,,2023-05-29
TXN_3927733,Ensalada,5,5.0,25.0,Tarjeta Crédito,Para llevar,2023-01-20
TXN_2518917,Galleta,1,1.0,1.0,DESCONOCIDO,Restaurante,2023-05-21
TXN_9489176,Jugo,5,3.0,15.0,Nequi/Daviplata,Restaurante,2023-01-10
TXN_2004781,Sandwich,5,ERROR,20.0,,Para llevar,2023-04-20
TXN_3061266,Galleta,4,1.0,4.0,Tarjeta Crédito,Restaurante,2023-12-06
TXN_2036482,Torta,1,3.0,3.0,Efectivo,,2023-06-04
TXN_7217284,Ensalada,3,5.0,15.0,Efectivo,Restaurante,2023-12-29
TXN_5055872,Sandwich,,4.0,12.0,Tarjeta Crédito,,2023-02-05
TXN_1386024,Torta,4,3.0,12.0,Tarjeta Crédito,,2023-05-21
TXN_8397155,Ensalada,4,5.0,20.0,Tarjeta Crédito,Para llevar,2023-08-16
TXN_9491244,ERROR,5,3.0,15.0,,,2023-04-19
TXN_4301188,Granizado,4,4.0,16.0,Tarjeta Crédito,Restaurante,2023-12-23
TXN_4522012,Café,2,2.0,ERROR,,Restaurante,2023-04-13
TXN_4650044,Galleta,4,1.0,4.0,Efectivo,,2023-06-21
TXN_5721215,Te,2,1.5,3.0,,Para llevar,2023-05-17
TXN_7865220,Granizado,1,4.0,4.0,Tarjeta Crédito,Para llevar,2023-06-28
TXN_1869147,Granizado,4,4.0,16.0,Nequi/Daviplata,,2023-11-21
TXN_3377885,Sandwich,3,4.0,12.0,Efectivo,,2023-05-08
TXN_9270865,Granizado,2,4.0,8.0,Tarjeta Crédito,Para llevar,2023-11-06
TXN_7373126,Granizado,2,4.0,8.0,Tarjeta Crédito,,2023-11-18
TXN_8097899,Café,4,2.0,8.0,Nequi/Daviplata,DESCONOCIDO,2023-09-05
TXN_6131415,DESCONOCIDO,5,1.5,7.5,Nequi/Daviplata,DESCONOCIDO,2023-11-24
TXN_1248436,Torta,4,3.0,12.0,Tarjeta Crédito,Para llevar,2023-08-14
TXN_1718733,DESCONOCIDO,3,2.0,6.0,Efectivo,,2023-05-31
TXN_9063887,Torta,5,3.0,15.0,ERROR,Para llevar,2023-07-15
TXN_5932169,Ensalada,5,ERROR,25.0,Tarjeta Crédito,ERROR,2023-11-06
TXN_6064282,Granizado,4,4.0,16.0,Tarjeta Crédito,,2023-10-18
TXN_9309509,Te,5,ERROR,7.5,,,2023-11-15
TXN_5413274,Granizado,5,4.0,20.0,Tarjeta Crédito,Restaurante,2023-02-10
TXN_5902629,Galleta,3,1.0,3.0,Efectivo,Para llevar,2023-01-26
TXN_2461859,Sandwich,2,4.0,8.0,Nequi/Daviplata,ERROR,2023-09-23
TXN_6629689,Sandwich,2,4.0,8.0,Tarjeta Crédito,Restaurante,2023-05-29
TXN_2806206,Sandwich,3,4.0,12.0,Efectivo,,2023-01-25
TXN_8900579,Sandwich,3,4.0,12.0,Tarjeta Crédito,,2023-11-01
TXN_5406758,ERROR,5,5.0,25.0,,Para llevar,2023-07-06
TXN_2982163,Café,4,2.0,,,,2023-03-22
TXN_3225132,Sandwich,3,4.0,12.0,Tarjeta Crédito,,2023-06-26
TXN_6522252,Te,2,1.5,3.0,Nequi/Daviplata,,2023-01-14
TXN_5855981,Jugo,2,3.0,6.0,Efectivo,,2023-11-09
TXN_4802389,Torta,2,3.0,6.0,,,2023-12-14
TXN_7516790,Torta,2,3.0,6.0,ERROR,,2023-01-08
TXN_2631671,Galleta,1,1.0,,Tarjeta Crédito,,ERROR
TXN_2345373,Te,3,1.5,4.5,Tarjeta Crédito,Para llevar,2023-02-20
TXN_9372046,DESCONOCIDO,3,2.0,6.0,Tarjeta Crédito,Restaurante,2023-04-10
TXN_9402270,Café,3,2.0,6.0,,Restaurante,2023-02-09
TXN_9306229,Granizado,2,4.0,8.0,,,2023-09-08
TXN_5379179,Galleta,2,1.0,2.0,Nequi/Daviplata,,2023-07-08
TXN_1996318,Torta,5,3.0,ERROR,Nequi/Daviplata,,2023-09-04
TXN_2135613,Granizado,3,4.0,12.0,Nequi/Daviplata,,2023-04-06
TXN_1461246,Granizado,1,4.0,4.0,,,2023-06-01
TXN_2452624,Jugo,1,3.0,3.0,Efectivo,,2023-11-10
TXN_1108663,Jugo,3,3.0,9.0,Efectivo,Para llevar,2023-08-16
TXN_5319247,Sandwich,5,4.0,20.0,,Restaurante,2023-03-02
TXN_3599473,Café,2,2.0,ERROR,Efectivo,,2023-08-29
TXN_4959129,,2,3.0,6.0,Tarjeta Crédito,Restaurante,2023-06-24
TXN_5591145,Sandwich,3,4.0,12.0,,Para llevar,2023-08-22
TXN_9587015,Ensalada,3,5.0,15.0,Nequi/Daviplata,Restaurante,2023-06-25
TXN_7997641,Granizado,2,4.0,8.0,ERROR,Restaurante,2023-12-20
TXN_7943598,DESCONOCIDO,4,4.0,16.0,Tarjeta Crédito,,
TXN_6845472,Granizado,5,4.0,20.0,Nequi/Daviplata,,2023-12-11
TXN_2861396,Ensalada,5,5.0,25.0,Tarjeta Crédito,DESCONOCIDO,2023-01-04
TXN_6915899,Ensalada,3,5.0,15.0,Tarjeta Crédito,Restaurante,2023-05-29
TXN_6211466,,2,1.5,3.0,Efectivo,Restaurante,2023-09-12
TXN_3200203,ERROR,2,DESCONOCIDO,8.0,,DESCONOCIDO,2023-12-04
TXN_5198524,Torta,1,3.0,3.0,Tarjeta Crédito,Restaurante,2023-06-14
TXN_8498613,Sandwich,2,DESCONOCIDO,,,,2023-11-08
TXN_3432879,Torta,5,3.0,15.0,Tarjeta Crédito,,2023-02-05
TXN_6786340,Café,5,2.0,10.0,Nequi/Daviplata,Para llevar,2023-04-18
TXN_8689246,Sandwich,5,4.0,20.0,Tarjeta Crédito,Restaurante,2023-05-16
TXN_4536553,Te,2,1.5,3.0,Efectivo,,2023-08-17
TXN_9036067,Galleta,5,1.0,5.0,Tarjeta Crédito,,2023-10-06
TXN_4201578,Ensalada,5,5.0,25.0,,Restaurante,2023-01-23
TXN_1249069,Café,2,2.0,4.0,,ERROR,2023-01-22
TXN_4068183,Granizado,4,4.0,16.0,Nequi/Daviplata,,2023-08-01
TXN_7206160,Sandwich,ERROR,4.0,8.0,,,2023-09-07
TXN_7903841,DESCONOCIDO,2,3.0,6.0,Nequi/Daviplata,,2023-06-24
TXN_8936663,Galleta,4,1.0,4.0,Tarjeta Crédito,,2023-11-12
TXN_7771434,Café,4,2.0,8.0,Tarjeta Crédito,,2023-03-26
TXN_6087494,Jugo,5,3.0,15.0,Tarjeta Crédito,,2023-07-05
TXN_2252121,Granizado,3,4.0,12.0,ERROR,ERROR,2023-02-01
TXN_5358805,Café,5,2.0,10.0,Nequi/Daviplata,ERROR,2023-01-01
TXN_2490759,Granizado,3,4.0,12.0,Efectivo,,2023-11-19
TXN_2605566,Torta,2,,6.0,,,2023-12-01
TXN_6691781,Café,4,2.0,8.0,Tarjeta Crédito,DESCONOCIDO,2023-09-07
TXN_1730850,Jugo,2,3.0,6.0,Efectivo,Para llevar,2023-12-15
TXN_7051359,Café,5,2.0,10.0,DESCONOCIDO,,2023-10-30
TXN_2202863,Ensalada,5,5.0,25.0,,,2023-07-28
TXN_7145672,Sandwich,1,4.0,4.0,Tarjeta Crédito,,2023-10-11
TXN_5974123,Sandwich,2,4.0,8.0,Nequi/Daviplata,DESCONOCIDO,2023-06-25
TXN_9833245,Galleta,1,1.0,1.0,Nequi/Daviplata,Para llevar,2023-04-30
TXN_1515059,ERROR,4,3.0,12.0,,Restaurante,2023-10-25
TXN_9690114,Café,,2.0,4.0,Tarjeta Crédito,Para llevar,2023-12-01
TXN_7944534,Te,2,DESCONOCIDO,3.0,Nequi/Daviplata,Restaurante,2023-10-13
TXN_6337312,Ensalada,1,5.0,5.0,,Restaurante,2023-01-11
TXN_5239202,Torta,1,3.0,3.0,,,2023-09-14
TXN_1512184,Café,3,2.0,6.0,,Para llevar,2023-01-28
TXN_9864212,Granizado,5,4.0,20.0,,ERROR,
TXN_6811368,Café,4,2.0,8.0,,Para llevar,2023-02-18
TXN_3854036,Jugo,3,ERROR,9.0,Efectivo,,2023-11-07
TXN_3873656,Café,3,2.0,6.0,,Para llevar,2023-09-30
TXN_8792638,Te,3,1.5,4.5,Tarjeta Crédito,Para llevar,2023-07-02
TXN_7397665,Ensalada,5,,25.0,Tarjeta Crédito,Para llevar,2023-11-11
TXN_3493951,Granizado,5,4.0,20.0,Efectivo,Para llevar,2023-08-20
TXN_1480967,Te,2,1.5,3.0,Efectivo,Para llevar,
TXN_1510315,ERROR,3,2.0,6.0,Efectivo,,2023-02-28
TXN_7763592,Granizado,1,4.0,4.0,,Restaurante,2023-02-17
TXN_9710307,ERROR,ERROR,1.5,3.0,DESCONOCIDO,Para llevar,2023-01-24
TXN_1860406,Café,2,2.0,4.0,,Para llevar,2023-06-17
TXN_1663257,Jugo,3,3.0,9.0,Tarjeta Crédito,ERROR,2023-04-23
TXN_2743696,Galleta,1,1.0,1.0,,,2023-04-28
TXN_7640700,Jugo,2,3.0,6.0,ERROR,,2023-01-15
TXN_3227186,Ensalada,2,5.0,10.0,Nequi/Daviplata,,2023-05-05
TXN_7917193,Galleta,3,1.0,3.0,Efectivo,ERROR,2023-05-18
TXN_2490435,Galleta,1,1.0,1.0,,,2023-03-13
TXN_4698656,Granizado,4,4.0,16.0,,,2023-12-07
TXN_3507334,Jugo,4,3.0,12.0,DESCONOCIDO,,2023-05-05
TXN_5255023,ERROR,2,4.0,8.0,Tarjeta Crédito,Restaurante,2023-11-15
TXN_8669012,DESCONOCIDO,3,1.5,DESCONOCIDO,Nequi/Daviplata,,2023-07-26
TXN_1299959,Granizado,5,4.0,20.0,Efectivo,,2023-06-23
TXN_3680047,Ensalada,5,5.0,25.0,,,2023-07-16
TXN_8379880,Jugo,DESCONOCIDO,3.0,9.0,,Para llevar,2023-05-24
TXN_4801832,Ensalada,2,5.0,10.0,,Para llevar,2023-08-05
TXN_3425783,Jugo,2,3.0,6.0,,,2023-06-15
TXN_4099487,ERROR,5,4.0,20.0,Nequi/Daviplata,,2023-01-25
TXN_8878830,Café,4,2.0,8.0,Tarjeta Crédito,Para llevar,2023-10-11
TXN_7524977,DESCONOCIDO,4,DESCONOCIDO,,ERROR,,2023-12-09
TXN_8295101,Te,4,1.5,6.0,,,2023-10-23
TXN_3303114,Ensalada,4,5.0,20.0,Tarjeta Crédito,Restaurante,2023-06-18
TXN_2106437,Te,1,1.5,1.5,Efectivo,Para llevar,2023-08-01
TXN_2291713,Ensalada,4,5.0,20.0,Efectivo,Restaurante,2023-08-06
TXN_7552449,Torta,3,3.0,9.0,Efectivo,ERROR,2023-05-26
TXN_9021000,Café,3,2.0,6.0,,,2023-01-20
TXN_4205369,Ensalada,5,5.0,25.0,,Para llevar,2023-07-16
TXN_4551806,Te,1,1.5,1.5,ERROR,,2023-01-09
TXN_5313211,Granizado,5,4.0,20.0,Tarjeta Crédito,ERROR,2023-05-04
TXN_2282283,Galleta,2,1.0,2.0,Nequi/Daviplata,,2023-02-23
TXN_3193321,Granizado,3,4.0,12.0,ERROR,Para llevar,2023-08-15
TXN_7211769,Jugo,1,3.0,3.0,Tarjeta Crédito,DESCONOCIDO,2023-09-11
TXN_6643951,DESCONOCIDO,1,4.0,4.0,Tarjeta Crédito,Restaurante,2023-01-07
TXN_1653570,Café,5,2.0,10.0,DESCONOCIDO,Para llevar,2023-10-10
TXN_3722720,Ensalada,2,5.0,10.0,,Restaurante,2023-06-27
TXN_7624646,Granizado,2,4.0,8.0,,,2023-03-24
TXN_6725579,Te,2,1.5,3.0,Tarjeta Crédito,Para llevar,2023-02-21
TXN_4015101,Sandwich,1,4.0,4.0,Tarjeta Crédito,,2023-01-18
TXN_6037712,Ensalada,,5.0,15.0,Tarjeta Crédito,Restaurante,2023-08-10
TXN_6845225,Te,4,1.5,6.0,Tarjeta Crédito,Para llevar,2023-02-21
TXN_5214219,Ensalada,4,5.0,20.0,Tarjeta Crédito,,2023-03-22
TXN_3388054,Café,5,2.0,10.0,Efectivo,,2023-11-13
TXN_5817991,Granizado,4,4.0,16.0,Efectivo,,2023-05-24
TXN_2916247,Ensalada,3,DESCONOCIDO,15.0,,Restaurante,2023-09-03
TXN_9798525,Café,2,2.0,4.0,Nequi/Daviplata,Para llevar,2023-11-05
TXN_4974012,Sandwich,5,,20.0,Efectivo,Para llevar,2023-05-17
TXN_7644000,Torta,2,3.0,6.0,,Para llevar,2023-02-07
TXN_1482123,Café,1,2.0,2.0,Efectivo,Restaurante,2023-06-17
TXN_5622313,Ensalada,2,5.0,10.0,Tarjeta Crédito,Restaurante,2023-01-07
TXN_5737831,Jugo,4,DESCONOCIDO,12.0,ERROR,Para llevar,2023-05-15
TXN_3446033,Galleta,3,1.0,3.0,Tarjeta Crédito,,2023-02-15
TXN_6249754,Granizado,1,4.0,4.0,Tarjeta Crédito,Para llevar,2023-10-21
TXN_9729280,Te,3,1.5,4.5,Tarjeta Crédito,Restaurante,2023-11-06
TXN_9551638,Ensalada,3,5.0,15.0,Efectivo,,2023-06-25
TXN_5158607,Granizado,4,,16.0,Tarjeta Crédito,,2023-03-24
TXN_1045022,Sandwich,4,4.0,16.0,Tarjeta Crédito,Para llevar,2023-10-13
TXN_5818032,DESCONOCIDO,1,1.0,1.0,ERROR,,2023-04-19
TXN_5404249,ERROR,1,4.0,4.0,,ERROR,2023-10-04
TXN_5484423,,2,2.0,4.0,,,2023-08-26
TXN_4598397,Café,4,2.0,8.0,Efectivo,Para llevar,2023-09-13
TXN_3849488,Ensalada,DESCONOCIDO,DESCONOCIDO,5.0,,Restaurante,2023-03-01
TXN_9186913,Galleta,2,1.0,2.0,Tarjeta Crédito,Para llevar,2023-10-16
TXN_9507002,Granizado,1,4.0,4.0,Efectivo,Para llevar,2023-05-08
TXN_4423218,Galleta,3,1.0,3.0,Efectivo,Restaurante,2023-05-29
TXN_4851339,Sandwich,1,4.0,4.0,Nequi/Daviplata,Para llevar,2023-02-01
TXN_3274105,Galleta,5,1.0,5.0,Tarjeta Crédito,Para llevar,2023-07-28
TXN_2810280,Granizado,1,4.0,4.0,Nequi/Daviplata,Para llevar,2023-06-25
TXN_9901424,Galleta,3,1.0,3.0,Nequi/Daviplata,,2023-05-30
TXN_3880417,Galleta,1,1.0,1.0,,Restaurante,2023-06-27
TXN_3756680,Te,2,1.5,3.0,Tarjeta Crédito,ERROR,2023-08-30
TXN_2334523,Café,,2.0,10.0,Nequi/Daviplata,Para llevar,2023-08-17
TXN_8611913,Te,5,1.5,7.5,Nequi/Daviplata,Restaurante,2023-07-16
TXN_7387701,Café,1,2.0,2.0,Efectivo,Para llevar,DESCONOCIDO
TXN_9904091,Ensalada,4,5.0,20.0,,,2023-05-20
TXN_4953063,Te,5,,7.5,Tarjeta Crédito,DESCONOCIDO,ERROR
TXN_5908857,Granizado,5,4.0,20.0,,Restaurante,2023-06-04
TXN_4411172,Granizado,4,4.0,16.0,Efectivo,,2023-07-09
TXN_6841805,Torta,2,3.0,6.0,,,2023-02-14
TXN_7800236,Ensalada,3,5.0,15.0,Nequi/Daviplata,DESCONOCIDO,2023-07-19
TXN_2413026,Café,1,ERROR,2.0,,Para llevar,2023-04-26
TXN_9947479,Granizado,5,4.0,20.0,Efectivo,Para llevar,2023-09-27
TXN_6403859,Sandwich,5,4.0,20.0,Tarjeta Crédito,Restaurante,2023-03-06
TXN_6828371,Granizado,4,4.0,16.0,,,2023-10-20
TXN_8335965,Te,5,1.5,7.5,Tarjeta Crédito,,2023-03-21
TXN_9747008,Te,4,1.5,6.0,Efectivo,Para llevar,ERROR
TXN_9703722,Sandwich,5,4.0,20.0,Nequi/Daviplata,Para llevar,2023-01-11
TXN_6259001,Te,4,1.5,,Nequi/Daviplata,Restaurante,2023-01-30
TXN_6119081,Café,2,2.0,4.0,Efectivo,Restaurante,2023-09-27
TXN_4811887,Torta,2,3.0,6.0,Efectivo,Restaurante,2023-02-11
TXN_9587814,Jugo,3,3.0,9.0,Efectivo,Restaurante,2023-01-25
TXN_7682605,Te,5,1.5,7.5,Nequi/Daviplata,DESCONOCIDO,2023-10-19
TXN_4690415,Sandwich,2,ERROR,8.0,Nequi/Daviplata,,
TXN_7946450,Granizado,1,ERROR,4.0,Tarjeta Crédito,Restaurante,2023-07-15
TXN_2611393,Granizado,3,4.0,12.0,,DESCONOCIDO,2023-04-25
TXN_2122597,Torta,3,3.0,9.0,Tarjeta Crédito,,2023-05-11
TXN_7510217,Te,ERROR,1.5,7.5,Tarjeta Crédito,Restaurante,2023-10-24
TXN_3267783,Torta,3,3.0,9.0,,Restaurante,2023-10-30
TXN_7852397,Te,3,1.5,4.5,Efectivo,Restaurante,2023-08-10
TXN_8459594,Sandwich,1,4.0,4.0,Tarjeta Crédito,ERROR,2023-11-07
TXN_9190969,Café,1,2.0,2.0,,Restaurante,2023-10-06
TXN_2982995,Ensalada,1,5.0,5.0,Tarjeta Crédito,Para llevar,2023-04-06
TXN_9181144,,3,3.0,DESCONOCIDO,,Para llevar,2023-10-25
TXN_6490609,Ensalada,4,5.0,DESCONOCIDO,,Restaurante,2023-03-03
TXN_9938260,Granizado,4,4.0,16.0,,Restaurante,2023-03-03
TXN_5486398,Galleta,4,1.0,4.0,Efectivo,,2023-05-13
TXN_5875661,Sandwich,3,4.0,,Tarjeta Crédito,,2023-08-12
TXN_2555823,Torta,4,3.0,12.0,Nequi/Daviplata,,2023-06-21
TXN_4223265,Torta,5,3.0,15.0,Nequi/Daviplata,Restaurante,2023-06-06
TXN_3390072,Te,1,1.5,1.5,Tarjeta Crédito,,2023-05-03
TXN_6491662,Café,2,2.0,4.0,Nequi/Daviplata,Para llevar,2023-10-06
TXN_1248167,DESCONOCIDO,1,4.0,4.0,Efectivo,,2023-03-05
TXN_9500986,Galleta,2,1.0,2.0,Nequi/Daviplata,Para llevar,2023-05-10
TXN_2147453,,4,1.0,4.0,Tarjeta Crédito,ERROR,2023-04-27
TXN_9137801,,5,4.0,20.0,Tarjeta Crédito,Restaurante,2023-06-10
TXN_4892303,Sandwich,4,4.0,16.0,,ERROR,2023-07-16
TXN_5985451,Sandwich,2,4.0,8.0,,,2023-07-24
TXN_6092344,Galleta,5,1.0,5.0,Tarjeta Crédito,Para llevar,2023-12-04
TXN_1218016,Te,3,1.5,4.5,Nequi/Daviplata,,2023-11-26
TXN_8110646,,2,3.0,6.0,Tarjeta Crédito,Para llevar,2023-06-07
TXN_1221777,Café,3,2.0,6.0,ERROR,Restaurante,2023-01-29
TXN_3691087,Galleta,4,1.0,4.0,,,2023-07-11
TXN_5571026,,1,5.0,5.0,Efectivo,Para llevar,2023-09-08
TXN_6336973,Café,4,2.0,8.0,Nequi/Daviplata,Para llevar,2023-03-21
TXN_5609260,Galleta,5,1.0,5.0,Nequi/Daviplata,Restaurante,2023-05-02
TXN_4242676,Café,5,2.0,DESCONOCIDO,Tarjeta Crédito,Para llevar,2023-11-26
TXN_6835777,Jugo,5,3.0,15.0,Nequi/Daviplata,,2023-05-11
TXN_6097706,Sandwich,4,DESCONOCIDO,16.0,Efectivo,Para llevar,2023-02-15
TXN_5496581,Jugo,1,3.0,3.0,Tarjeta Crédito,,2023-08-11
TXN_2897468,Ensalada,2,5.0,10.0,Efectivo,,2023-10-10
TXN_3260087,Ensalada,5,5.0,25.0,,,2023-04-20
TXN_2047672,Sandwich,1,4.0,4.0,Tarjeta Crédito,Restaurante,2023-01-25
TXN_6893490,Café,3,2.0,6.0,Tarjeta Crédito,Para llevar,2023-03-17
TXN_3743336,Ensalada,2,5.0,10.0,Nequi/Daviplata,,2023-02-21
TXN_6851654,Ensalada,1,5.0,5.0,Nequi/Daviplata,Para llevar,2023-01-25
TXN_8510511,Café,4,2.0,8.0,,,2023-10-06
TXN_2092306,Jugo,4,3.0,ERROR,ERROR,Restaurante,2023-04-01
TXN_7345190,Granizado,4,4.0,16.0,Nequi/Daviplata,ERROR,2023-02-20
TXN_6647319,Jugo,5,3.0,15.0,Tarjeta Crédito,,2023-10-23
TXN_5889912,Ensalada,1,5.0,5.0,Efectivo,Restaurante,2023-09-26
TXN_4483304,Granizado,4,4.0,ERROR,Tarjeta Crédito,Para llevar,2023-11-08
TXN_3720223,Torta,4,3.0,12.0,Efectivo,Para llevar,2023-10-22
TXN_4506778,Torta,3,3.0,9.0,Nequi/Daviplata,,2023-04-21
TXN_8226226,Sandwich,1,4.0,4.0,,Restaurante,2023-07-30
TXN_9723120,Te,5,1.5,7.5,Tarjeta Crédito,DESCONOCIDO,2023-01-26
TXN_2726676,Café,3,2.0,6.0,Nequi/Daviplata,Restaurante,2023-08-10
TXN_4011694,,1,2.0,2.0,Tarjeta Crédito,Restaurante,2023-09-02
TXN_3327212,Te,2,1.5,3.0,Tarjeta Crédito,,2023-12-20
TXN_3558795,Granizado,1,4.0,4.0,Efectivo,Restaurante,2023-05-30
TXN_9989242,Sandwich,4,4.0,16.0,,,2023-09-12
TXN_2035772,Galleta,2,ERROR,2.0,Efectivo,,2023-01-17
TXN_2711627,Granizado,5,4.0,20.0,Efectivo,ERROR,2023-11-09
TXN_2804828,Torta,3,3.0,9.0,Efectivo,,2023-02-25
TXN_3869958,Torta,1,3.0,3.0,Nequi/Daviplata,ERROR,2023-01-11
TXN_9684465,Torta,5,3.0,15.0,,Para llevar,2023-02-15
TXN_7570308,Te,4,1.5,6.0,Efectivo,,
TXN_6476304,Sandwich,2,4.0,8.0,Tarjeta Crédito,,2023-03-17
TXN_3893927,Ensalada,4,5.0,20.0,,Restaurante,2023-09-14
TXN_5947976,Café,3,2.0,6.0,,Restaurante,2023-05-21
TXN_4139983,Te,5,1.5,7.5,Efectivo,Para llevar,2023-10-16
TXN_4571222,Galleta,2,1.0,2.0,Tarjeta Crédito,DESCONOCIDO,2023-03-21
TXN_6484542,Ensalada,5,5.0,25.0,Tarjeta Crédito,,2023-05-18
TXN_5183630,Café,4,2.0,8.0,,Restaurante,2023-02-15
TXN_5562799,Galleta,5,1.0,5.0,,,2023-10-25
TXN_9601220,,3,1.0,,Nequi/Daviplata,Para llevar,2023-04-20
TXN_6404625,Torta,5,3.0,15.0,Tarjeta Crédito,ERROR,2023-04-24
TXN_5327102,Galleta,2,1.0,2.0,,,2023-07-16
TXN_5741619,Granizado,ERROR,4.0,20.0,Efectivo,,2023-01-02
TXN_4452589,Te,DESCONOCIDO,1.5,1.5,DESCONOCIDO,Para llevar,2023-08-22
TXN_6540284,Jugo,1,3.0,3.0,,,2023-04-24
TXN_9657957,Granizado,DESCONOCIDO,4.0,8.0,,,2023-11-27
TXN_3670939,Te,3,1.5,4.5,Efectivo,,2023-07-13
TXN_2935871,Galleta,4,1.0,4.0,Efectivo,Para llevar,2023-07-07
TXN_1610204,Torta,1,3.0,3.0,,Para llevar,2023-02-19
TXN_8372268,Ensalada,2,ERROR,10.0,,Para llevar,2023-06-15
TXN_1239021,Sandwich,5,DESCONOCIDO,20.0,Tarjeta Crédito,DESCONOCIDO,2023-09-15
TXN_1863866,Granizado,1,4.0,4.0,Efectivo,,2023-10-03
TXN_4630854,Te,1,1.5,1.5,Nequi/Daviplata,,2023-02-10
TXN_6183842,Te,3,1.5,4.5,DESCONOCIDO,DESCONOCIDO,2023-09-15
TXN_5355693,Granizado,1,4.0,4.0,,,2023-12-03
TXN_8284910,Granizado,1,4.0,4.0,Efectivo,Restaurante,2023-07-19
TXN_4408913,Ensalada,2,5.0,10.0,Efectivo,,2023-08-24
TXN_2123573,Café,5,2.0,10.0,Nequi/Daviplata,Para llevar,2023-01-09
TXN_8036176,Galleta,4,1.0,4.0,Tarjeta Crédito,Para llevar,2023-06-20
TXN_9107676,Sandwich,DESCONOCIDO,4.0,8.0,Efectivo,DESCONOCIDO,2023-02-12
TXN_2490185,Ensalada,4,5.0,20.0,Tarjeta Crédito,Restaurante,2023-12-18
TXN_6295420,Jugo,1,3.0,3.0,Nequi/Daviplata,Para llevar,2023-09-27
TXN_1542042,Torta,4,3.0,12.0,Tarjeta Crédito,Para llevar,2023-07-26
TXN_7716125,Galleta,2,1.0,2.0,Nequi/Daviplata,,2023-05-17
TXN_6579109,Jugo,1,3.0,3.0,Tarjeta Crédito,Para llevar,2023-02-22
TXN_5577030,Galleta,4,1.0,4.0,Nequi/Daviplata,Para llevar,2023-02-15
TXN_3910230,Sandwich,5,4.0,20.0,Efectivo,Para llevar,2023-01-05
TXN_8031804,Café,4,2.0,8.0,Tarjeta Crédito,,2023-07-01
TXN_6928775,,2,1.0,2.0,Efectivo,Restaurante,2023-03-25
TXN_6755107,Granizado,2,4.0,8.0,Nequi/Daviplata,,2023-11-14
TXN_5153899,Te,3,1.5,4.5,,Para llevar,2023-03-01
TXN_5632156,Sandwich,4,4.0,16.0,Nequi/Daviplata,,2023-08-02
TXN_9861782,Sandwich,4,4.0,16.0,Tarjeta Crédito,Restaurante,2023-07-15
TXN_8861275,Granizado,2,4.0,8.0,,Restaurante,2023-10-31
TXN_8961155,Torta,5,3.0,,Efectivo,Para llevar,2023-09-06
TXN_6112765,Café,2,2.0,4.0,Tarjeta Crédito,Para llevar,2023-07-21
TXN_7090563,Granizado,3,4.0,12.0,,Restaurante,2023-08-17
TXN_9737090,Sandwich,3,4.0,12.0,,Restaurante,2023-06-01
TXN_2847831,Café,1,2.0,2.0,Efectivo,Restaurante,2023-02-19
TXN_3385167,Te,3,1.5,4.5,Efectivo,Restaurante,2023-04-26
TXN_1938071,Sandwich,4,4.0,16.0,Tarjeta Crédito,Restaurante,2023-12-25
TXN_8774692,Te,5,1.5,7.5,Nequi/Daviplata,,2023-07-12
TXN_4887268,Ensalada,1,5.0,5.0,Tarjeta Crédito,Restaurante,2023-10-16
TXN_9506372,Torta,4,3.0,12.0,,,2023-11-06
TXN_6651961,Ensalada,4,5.0,20.0,Tarjeta Crédito,Restaurante,2023-02-08
TXN_2537138,Torta,3,3.0,9.0,,DESCONOCIDO,2023-10-24
TXN_2015313,Ensalada,5,5.0,25.0,Efectivo,,2023-10-18
TXN_5604797,Café,1,2.0,2.0,Efectivo,Restaurante,2023-10-13
TXN_6303383,Torta,4,3.0,12.0,Nequi/Daviplata,Restaurante,2023-09-22
TXN_5203710,,ERROR,5.0,20.0,Nequi/Daviplata,,2023-04-22
TXN_7059722,Sandwich,5,4.0,20.0,Nequi/Daviplata,Restaurante,ERROR
TXN_5403707,Granizado,3,4.0,12.0,Efectivo,Restaurante,2023-03-20
TXN_4084052,Jugo,2,3.0,6.0,Nequi/Daviplata,Restaurante,2023-06-30
TXN_3843541,,3,5.0,15.0,Tarjeta Crédito,Restaurante,2023-03-06
TXN_4000025,Te,5,,7.5,DESCONOCIDO,Para llevar,2023-06-12
TXN_7113656,Jugo,2,3.0,6.0,Tarjeta Crédito,Para llevar,2023-01-22
TXN_6039235,Jugo,2,3.0,6.0,Nequi/Daviplata,,2023-06-25
TXN_6621756,Galleta,1,1.0,1.0,,,2023-11-14
TXN_3923847,Torta,2,3.0,6.0,Tarjeta Crédito,,2023-09-12
TXN_3226989,Ensalada,1,5.0,5.0,Tarjeta Crédito,Para llevar,2023-04-17
TXN_1523567,Ensalada,3,5.0,DESCONOCIDO,Nequi/Daviplata,Para llevar,2023-11-22
TXN_8751289,Te,2,1.5,3.0,Efectivo,Restaurante,2023-09-10
TXN_9996195,Jugo,5,3.0,15.0,Nequi/Daviplata,Restaurante,2023-03-16
TXN_2151688,Torta,5,3.0,15.0,,,2023-09-29
TXN_4243591,Torta,4,3.0,12.0,Tarjeta Crédito,Restaurante,2023-10-11
TXN_4138399,Galleta,5,1.0,5.0,Tarjeta Crédito,Para llevar,2023-07-03
TXN_1724233,Galleta,5,1.0,5.0,Nequi/Daviplata,Para llevar,2023-02-01
TXN_1564506,Granizado,5,4.0,20.0,Nequi/Daviplata,Restaurante,2023-02-01
TXN_3520982,Ensalada,5,5.0,25.0,,,2023-10-26
TXN_6130455,Te,2,1.5,3.0,Nequi/Daviplata,DESCONOCIDO,ERROR
TXN_8936591,Galleta,5,1.0,5.0,,Restaurante,2023-03-22
TXN_7622389,Te,4,1.5,6.0,Nequi/Daviplata,Restaurante,2023-02-26
TXN_2896048,Te,4,,6.0,Efectivo,,2023-05-17
TXN_2204457,Café,4,2.0,8.0,Efectivo,Para llevar,2023-01-06
TXN_1319834,Galleta,1,1.0,1.0,,,2023-03-31
TXN_9042043,Galleta,4,1.0,4.0,Efectivo,Para llevar,ERROR
TXN_7503593,Galleta,5,1.0,5.0,Nequi/Daviplata,Para llevar,2023-04-19
TXN_4076463,Galleta,3,1.0,3.0,Nequi/Daviplata,,2023-06-25
TXN_1901704,Ensalada,5,5.0,25.0,Efectivo,,2023-11-17
TXN_5589433,Torta,2,3.0,6.0,Efectivo,Restaurante,2023-03-13
TXN_4386732,Granizado,4,4.0,16.0,Efectivo,,2023-08-01
TXN_3174336,Galleta,DESCONOCIDO,1.0,1.0,,,2023-07-17
TXN_4983903,ERROR,5,4.0,20.0,,,2023-09-18
TXN_8043642,Ensalada,4,5.0,20.0,Efectivo,Restaurante,2023-06-12
TXN_1223805,Jugo,3,3.0,9.0,DESCONOCIDO,Restaurante,2023-07-04
TXN_3879110,ERROR,4,1.0,DESCONOCIDO,Tarjeta Crédito,Para llevar,2023-03-18
TXN_9551491,Ensalada,1,5.0,5.0,,,2023-07-13
TXN_3033987,Torta,4,3.0,12.0,Efectivo,ERROR,2023-03-13
TXN_2732570,Galleta,3,1.0,3.0,Nequi/Daviplata,,2023-06-23
TXN_9104781,Sandwich,2,4.0,8.0,DESCONOCIDO,ERROR,2023-07-03
TXN_7876775,Café,5,2.0,10.0,,Para llevar,2023-02-09
TXN_7566250,Ensalada,3,5.0,15.0,,Para llevar,2023-06-04
TXN_3365018,Jugo,5,3.0,15.0,Efectivo,Para llevar,2023-02-06
TXN_1487762,Te,3,1.5,4.5,,,2023-02-07
TXN_4592205,Galleta,3,1.0,3.0,Tarjeta Crédito,Restaurante,2023-12-30
TXN_6660755,Galleta,2,1.0,2.0,Tarjeta Crédito,Restaurante,2023-05-16
TXN_3750900,Te,2,,3.0,Tarjeta Crédito,Restaurante,2023-04-03
TXN_3290872,Torta,2,3.0,6.0,Tarjeta Crédito,Restaurante,2023-06-13
TXN_6378158,Ensalada,5,,25.0,Tarjeta Crédito,Restaurante,2023-06-17
TXN_8800818,Torta,2,3.0,ERROR,Nequi/Daviplata,,2023-09-28
TXN_5707386,Te,5,1.5,7.5,,Para llevar,2023-06-28
TXN_1145592,Jugo,1,3.0,3.0,Tarjeta Crédito,Para llevar,2023-09-11
TXN_2670487,Café,3,2.0,6.0,Nequi/Daviplata,,2023-10-20
TXN_9485101,Galleta,2,1.0,2.0,Efectivo,Para llevar,2023-11-01
TXN_9667219,Jugo,4,3.0,12.0,Efectivo,Restaurante,2023-10-09
TXN_3119835,Te,2,1.5,3.0,Nequi/Daviplata,Restaurante,2023-03-01
TXN_2454046,Jugo,2,3.0,6.0,,Para llevar,DESCONOCIDO
TXN_7014091,Café,5,2.0,10.0,Efectivo,Restaurante,2023-11-26
TXN_7107807,Galleta,1,1.0,1.0,Nequi/Daviplata,,2023-11-01
TXN_5698925,Jugo,2,3.0,6.0,,Restaurante,2023-04-08
TXN_6662213,Sandwich,4,4.0,16.0,Nequi/Daviplata,,2023-01-18
TXN_1336900,Café,5,2.0,10.0,Tarjeta Crédito,ERROR,2023-01-16
TXN_2250785,Torta,1,3.0,3.0,Efectivo,,2023-03-19
TXN_8122340,Café,4,2.0,,Tarjeta Crédito,,2023-06-09
TXN_9911498,Café,4,2.0,8.0,Efectivo,Restaurante,2023-03-27
TXN_4130861,Ensalada,2,5.0,10.0,Tarjeta Crédito,DESCONOCIDO,
TXN_3741325,Sandwich,5,4.0,20.0,Nequi/Daviplata,,2023-07-04
TXN_8658970,Ensalada,3,5.0,15.0,Tarjeta Crédito,,2023-09-03
TXN_2887971,Granizado,2,4.0,8.0,Nequi/Daviplata,DESCONOCIDO,2023-06-26
TXN_9865855,Café,3,2.0,6.0,Nequi/Daviplata,Para llevar,2023-04-18
TXN_2217295,Jugo,4,ERROR,12.0,Tarjeta Crédito,Restaurante,2023-11-22
TXN_8913492,Sandwich,4,4.0,16.0,Tarjeta Crédito,Restaurante,2023-12-25
TXN_5625086,Sandwich,1,4.0,4.0,Tarjeta Crédito,Restaurante,2023-06-17
TXN_2690222,ERROR,4,3.0,12.0,,,2023-01-01
TXN_5767429,Torta,2,3.0,6.0,DESCONOCIDO,DESCONOCIDO,2023-03-19
TXN_5910541,Torta,ERROR,3.0,15.0,Efectivo,Restaurante,2023-09-08
TXN_4435352,Ensalada,2,5.0,10.0,Tarjeta Crédito,,2023-05-03
TXN_1009421,Galleta,4,1.0,4.0,Efectivo,Para llevar,2023-02-21
TXN_5369243,Granizado,4,4.0,16.0,Efectivo,Para llevar,2023-11-16
TXN_2939667,,1,3.0,3.0,,Restaurante,2023-12-21
TXN_5734395,Sandwich,DESCONOCIDO,4.0,20.0,Efectivo,Para llevar,2023-05-17
TXN_2966262,Te,ERROR,1.5,4.5,Efectivo,,2023-11-19
TXN_7293241,ERROR,1,2.0,2.0,Nequi/Daviplata,,2023-08-27
TXN_1827212,Sandwich,5,4.0,20.0,ERROR,,2023-12-22
TXN_4809548,Granizado,3,4.0,12.0,,Para llevar,2023-11-04
TXN_2224935,Café,1,2.0,2.0,Nequi/Daviplata,,2023-04-15
TXN_7580441,Café,1,DESCONOCIDO,2.0,Efectivo,,2023-08-09
TXN_4897993,Sandwich,4,,16.0,,Restaurante,2023-12-07
TXN_9522045,Café,3,2.0,6.0,,,2023-05-30
TXN_6128966,Sandwich,3,4.0,12.0,,,2023-12-18
TXN_5475746,Torta,3,3.0,9.0,Tarjeta Crédito,Restaurante,2023-08-20
TXN_6071339,Café,5,2.0,10.0,Efectivo,Para llevar,2023-10-17
TXN_9540864,Galleta,2,1.0,2.0,Nequi/Daviplata,Para llevar,2023-08-07
TXN_6389404,Jugo,5,3.0,15.0,Nequi/Daviplata,Restaurante,2023-11-20
TXN_8724474,ERROR,5,5.0,25.0,Efectivo,,2023-08-04
TXN_8199524,Torta,5,3.0,15.0,Efectivo,ERROR,2023-12-01
TXN_1212652,Jugo,3,3.0,9.0,Tarjeta Crédito,DESCONOCIDO,2023-01-30
TXN_1799247,Café,3,2.0,6.0,,,2023-01-25
TXN_5745054,Granizado,1,4.0,4.0,Tarjeta Crédito,,2023-01-26
TXN_4328090,,ERROR,4.0,4.0,Nequi/Daviplata,Restaurante,2023-04-18
TXN_3499226,Jugo,1,3.0,3.0,Tarjeta Crédito,Para llevar,2023-09-08
TXN_1259340,Te,3,ERROR,DESCONOCIDO,Nequi/Daviplata,,2023-02-24
TXN_3893480,Galleta,3,1.0,3.0,,,2023-12-24
TXN_2614271,DESCONOCIDO,2,4.0,8.0,Nequi/Daviplata,ERROR,2023-08-03
TXN_8295765,Torta,4,3.0,12.0,,Para llevar,2023-04-05
TXN_1324760,Te,4,1.5,6.0,Efectivo,Restaurante,2023-01-18
TXN_8292441,Ensalada,1,5.0,5.0,Efectivo,Para llevar,2023-09-15
TXN_6663486,Café,3,2.0,6.0,,,2023-11-02
TXN_9423451,Café,1,DESCONOCIDO,2.0,,,2023-10-22
TXN_3792125,Ensalada,5,5.0,25.0,Tarjeta Crédito,Restaurante,2023-08-25
TXN_7021504,Galleta,2,1.0,2.0,DESCONOCIDO,Restaurante,2023-05-31
TXN_8608811,Torta,5,3.0,15.0,Tarjeta Crédito,Para llevar,2023-01-05
TXN_4844386,,5,DESCONOCIDO,15.0,Tarjeta Crédito,Restaurante,2023-10-28
TXN_4368729,Café,3,2.0,6.0,Nequi/Daviplata,Restaurante,2023-06-11
TXN_5072156,Te,3,1.5,4.5,Nequi/Daviplata,Para llevar,2023-07-24
TXN_5763520,ERROR,1,5.0,5.0,ERROR,,2023-01-17
TXN_4877933,Jugo,5,3.0,15.0,Nequi/Daviplata,Restaurante,2023-01-12
TXN_8854384,Jugo,5,3.0,15.0,Efectivo,Para llevar,2023-08-12
TXN_3308378,Galleta,4,1.0,4.0,Nequi/Daviplata,,2023-04-28
TXN_4355766,Galleta,5,1.0,DESCONOCIDO,Nequi/Daviplata,,2023-11-07
TXN_5644235,Ensalada,4,5.0,20.0,Efectivo,Restaurante,2023-03-25
TXN_5331285,Sandwich,3,4.0,12.0,Nequi/Daviplata,,2023-03-12
TXN_7620397,Galleta,4,1.0,4.0,ERROR,,2023-12-24
TXN_1214868,Jugo,4,,12.0,Efectivo,Restaurante,2023-07-30
TXN_5117595,Granizado,4,4.0,16.0,Efectivo,Restaurante,2023-02-05
TXN_9708144,Granizado,3,4.0,12.0,Efectivo,ERROR,2023-04-18
TXN_8266689,,5,ERROR,15.0,Efectivo,Restaurante,2023-12-03
TXN_3589166,Te,1,1.5,1.5,,,2023-02-02
TXN_3943672,Sandwich,4,4.0,16.0,Tarjeta Crédito,,2023-10-21
TXN_8988279,Granizado,2,4.0,8.0,,Restaurante,2023-08-08
TXN_4269933,Granizado,2,4.0,8.0,,Para llevar,2023-03-28
TXN_2234460,Te,2,1.5,3.0,,Para llevar,2023-08-15
TXN_4356564,Café,2,2.0,4.0,Tarjeta Crédito,Para llevar,2023-10-05
TXN_2223047,DESCONOCIDO,2,2.0,4.0,,Para llevar,2023-06-14
TXN_9469735,Torta,1,3.0,3.0,ERROR,Restaurante,2023-12-31
TXN_6762250,Galleta,2,1.0,2.0,Nequi/Daviplata,Para llevar,2023-06-17
TXN_8553273,Jugo,5,3.0,15.0,Efectivo,Restaurante,2023-01-15
TXN_8713971,Te,1,1.5,1.5,Efectivo,,2023-08-26
TXN_4076575,Granizado,3,4.0,12.0,,Para llevar,2023-01-18
TXN_2432379,Café,1,2.0,2.0,Tarjeta Crédito,Restaurante,2023-10-24
TXN_3187634,DESCONOCIDO,5,2.0,10.0,Nequi/Daviplata,Para llevar,2023-09-01
TXN_1961943,Granizado,DESCONOCIDO,4.0,12.0,Nequi/Daviplata,Restaurante,2023-11-05
TXN_5908104,Sandwich,2,4.0,8.0,Tarjeta Crédito,,2023-05-12
TXN_1355212,Café,2,2.0,4.0,,,2023-05-25
TXN_2155393,Jugo,2,3.0,6.0,Nequi/Daviplata,Restaurante,2023-07-12
TXN_3485938,DESCONOCIDO,4,5.0,20.0,Efectivo,Para llevar,2023-05-28
TXN_9449037,Café,4,2.0,8.0,,Para llevar,2023-04-30
TXN_3114654,Jugo,3,3.0,9.0,,Restaurante,2023-12-01
TXN_5837801,Ensalada,1,5.0,,Tarjeta Crédito,Restaurante,2023-01-25
TXN_1336470,Te,1,1.5,1.5,Efectivo,,2023-12-22
TXN_2544724,Torta,5,3.0,15.0,Nequi/Daviplata,Para llevar,2023-12-28
TXN_1035504,Granizado,2,4.0,8.0,Nequi/Daviplata,Para llevar,2023-03-30
TXN_2576799,Jugo,1,3.0,3.0,Efectivo,,2023-03-12
TXN_4659155,Jugo,1,3.0,3.0,DESCONOCIDO,,2023-04-13
TXN_9781961,Café,1,2.0,2.0,Tarjeta Crédito,Restaurante,2023-12-01
TXN_5313347,Galleta,2,1.0,2.0,Nequi/Daviplata,Para llevar,2023-12-10
TXN_7926510,Ensalada,4,5.0,20.0,Efectivo,,2023-10-03
TXN_3477975,Sandwich,ERROR,4.0,16.0,,,2023-02-26
TXN_6736084,Jugo,1,3.0,3.0,,Para llevar,2023-04-19
TXN_5573731,Sandwich,4,4.0,16.0,Efectivo,,2023-01-15
TXN_2760327,Ensalada,1,5.0,5.0,ERROR,Para llevar,2023-02-16
TXN_5540067,Te,4,1.5,6.0,,ERROR,2023-08-24
TXN_7585599,Torta,1,3.0,3.0,Tarjeta Crédito,,2023-01-12
TXN_6333241,Café,ERROR,2.0,4.0,Nequi/Daviplata,,2023-09-15
TXN_1635631,Galleta,4,1.0,4.0,Tarjeta Crédito,,2023-07-04
TXN_8907996,Sandwich,4,4.0,16.0,Efectivo,Restaurante,2023-02-19
TXN_3206049,Café,4,2.0,8.0,,,2023-03-27
TXN_4620647,Café,1,2.0,2.0,Nequi/Daviplata,DESCONOCIDO,2023-07-15
TXN_5348915,Jugo,1,3.0,3.0,Nequi/Daviplata,Para llevar,2023-07-09
TXN_4036214,Torta,2,,6.0,Tarjeta Crédito,DESCONOCIDO,2023-10-17
TXN_6323914,Jugo,1,3.0,3.0,Tarjeta Crédito,Restaurante,2023-03-19
TXN_7804128,Sandwich,5,4.0,20.0,Nequi/Daviplata,Restaurante,2023-02-12
TXN_6228313,ERROR,4,3.0,12.0,,,2023-01-24
TXN_2930752,Torta,2,3.0,6.0,Tarjeta Crédito,,2023-03-04
TXN_3477101,Galleta,4,1.0,4.0,,Para llevar,2023-05-02
TXN_2210265,Jugo,2,3.0,6.0,Tarjeta Crédito,Para llevar,2023-06-14
TXN_5534515,Granizado,1,4.0,4.0,Tarjeta Crédito,Para llevar,2023-02-09
TXN_9561380,Sandwich,1,4.0,4.0,Nequi/Daviplata,Para llevar,2023-08-11
TXN_3038078,Galleta,1,1.0,1.0,Tarjeta Crédito,Para llevar,2023-04-06
TXN_5652473,Granizado,4,4.0,16.0,,,2023-03-19
TXN_5222822,Ensalada,1,5.0,5.0,,Restaurante,2023-11-20
TXN_6238191,Granizado,4,4.0,16.0,ERROR,Restaurante,2023-10-27
TXN_1244593,Ensalada,5,5.0,25.0,,Restaurante,2023-04-11
TXN_9749175,Torta,1,3.0,3.0,Tarjeta Crédito,Restaurante,2023-09-07
TXN_4502314,Galleta,3,1.0,3.0,Tarjeta Crédito,,2023-06-02
TXN_5476846,Te,4,1.5,6.0,Tarjeta Crédito,Para llevar,
TXN_3703964,Sandwich,2,4.0,8.0,Tarjeta Crédito,Para llevar,2023-09-23
TXN_1554195,Granizado,2,4.0,8.0,Nequi/Daviplata,,2023-10-22
TXN_1025152,Galleta,4,1.0,4.0,,,2023-08-19
TXN_3429942,Granizado,3,4.0,ERROR,Nequi/Daviplata,Restaurante,2023-04-24
TXN_2134660,DESCONOCIDO,5,3.0,15.0,Tarjeta Crédito,Restaurante,2023-11-08
TXN_8944175,Ensalada,3,5.0,15.0,Nequi/Daviplata,,2023-11-30
TXN_4680399,Jugo,5,3.0,15.0,Nequi/Daviplata,,2023-04-07
TXN_5328065,Torta,5,3.0,15.0,Efectivo,,2023-09-18
TXN_9202496,Torta,5,3.0,15.0,Tarjeta Crédito,Restaurante,2023-07-19
TXN_2914953,Torta,2,3.0,6.0,Efectivo,Restaurante,2023-07-25
TXN_6068148,Torta,3,3.0,9.0,ERROR,Restaurante,2023-08-11
TXN_1216051,Torta,4,3.0,12.0,Nequi/Daviplata,Para llevar,2023-10-28
TXN_3943327,Jugo,1,3.0,3.0,,,2023-05-20
TXN_5268025,Galleta,5,1.0,,Nequi/Daviplata,Restaurante,2023-05-19
TXN_9952441,Granizado,1,4.0,DESCONOCIDO,Efectivo,Restaurante,2023-09-05
TXN_7354271,Galleta,4,1.0,4.0,DESCONOCIDO,Restaurante,2023-04-12
TXN_3358494,Café,5,2.0,10.0,Nequi/Daviplata,Para llevar,2023-06-22
TXN_2966507,Galleta,3,1.0,3.0,ERROR,Restaurante,2023-04-25
TXN_9752586,Te,2,1.5,3.0,Nequi/Daviplata,,2023-06-14
TXN_1324968,Galleta,3,1.0,3.0,Tarjeta Crédito,Restaurante,2023-01-05
TXN_8424417,Granizado,2,,8.0,,Para llevar,2023-10-21
TXN_3985920,Ensalada,5,5.0,25.0,Nequi/Daviplata,Restaurante,2023-03-29
TXN_7335526,Sandwich,4,4.0,16.0,Efectivo,Restaurante,2023-06-03
TXN_5989987,Granizado,4,4.0,16.0,Efectivo,,2023-08-02
TXN_8132632,Te,3,1.5,4.5,,DESCONOCIDO,2023-07-26
TXN_2408294,Sandwich,4,4.0,16.0,Nequi/Daviplata,Restaurante,2023-12-26
TXN_7380756,Ensalada,1,5.0,5.0,Nequi/Daviplata,Para llevar,2023-10-16
TXN_1145888,Café,4,2.0,8.0,,,2023-01-26
TXN_3845754,Te,4,1.5,6.0,,Para llevar,2023-11-25
TXN_1315214,Te,2,1.5,3.0,Nequi/Daviplata,Restaurante,2023-11-03
TXN_7602467,Galleta,1,1.0,1.0,Tarjeta Crédito,Para llevar,2023-10-17
TXN_1672708,Ensalada,4,5.0,20.0,,,2023-04-04
TXN_4979250,Te,3,1.5,4.5,Efectivo,Restaurante,2023-11-01
TXN_2809397,Ensalada,2,5.0,10.0,Nequi/Daviplata,Para llevar,2023-09-13
TXN_8752130,Jugo,2,3.0,6.0,Tarjeta Crédito,Para llevar,2023-10-23
TXN_7326075,Galleta,1,DESCONOCIDO,1.0,Efectivo,,2023-06-12
TXN_9134257,Café,,2.0,6.0,Nequi/Daviplata,Para llevar,2023-05-19
TXN_9944832,Café,3,2.0,6.0,,,2023-12-25
TXN_8329302,Jugo,DESCONOCIDO,3.0,9.0,,Para llevar,
TXN_9639317,Torta,3,3.0,9.0,Efectivo,,2023-12-28
TXN_7707761,Te,3,1.5,4.5,Tarjeta Crédito,,2023-03-08
TXN_3177517,ERROR,1,1.5,1.5,Tarjeta Crédito,Restaurante,2023-02-22
TXN_5353855,,3,4.0,12.0,Tarjeta Crédito,Para llevar,2023-12-24
TXN_3106811,Jugo,3,3.0,9.0,Efectivo,Para llevar,2023-09-27
TXN_3475342,Jugo,3,3.0,9.0,,Restaurante,2023-04-24
TXN_8017663,Café,2,2.0,4.0,,,2023-05-18
TXN_6309965,Torta,5,3.0,15.0,Nequi/Daviplata,Para llevar,2023-06-14
TXN_7146871,Café,,2.0,4.0,,,2023-09-20
TXN_2661443,Jugo,2,3.0,6.0,Tarjeta Crédito,,2023-06-30
TXN_6954434,Jugo,3,ERROR,9.0,Efectivo,Para llevar,2023-02-23
TXN_3578712,Te,5,DESCONOCIDO,7.5,Tarjeta Crédito,,2023-08-15
TXN_6131350,Sandwich,2,,8.0,Tarjeta Crédito,,2023-09-28
TXN_9207050,Galleta,5,1.0,5.0,Nequi/Daviplata,Restaurante,2023-07-21
TXN_5351656,Te,1,1.5,1.5,,Para llevar,2023-03-02
TXN_8905718,Te,5,1.5,7.5,,Restaurante,2023-09-07
TXN_1938148,Torta,2,3.0,6.0,Tarjeta Crédito,Para llevar,2023-06-07
TXN_2024598,Sandwich,1,4.0,4.0,Nequi/Daviplata,Restaurante,2023-01-01
TXN_7145872,Ensalada,5,5.0,25.0,Nequi/Daviplata,Para llevar,2023-04-15
TXN_8140560,Torta,5,3.0,15.0,ERROR,Para llevar,2023-06-29
TXN_6591756,Galleta,5,1.0,5.0,,,2023-03-09
TXN_9004306,Café,4,2.0,8.0,Tarjeta Crédito,Restaurante,2023-05-26
TXN_7899686,DESCONOCIDO,1,4.0,4.0,Nequi/Daviplata,Para llevar,2023-09-09
TXN_7092761,Ensalada,4,5.0,20.0,DESCONOCIDO,,2023-05-11
TXN_6360436,Torta,2,3.0,6.0,Nequi/Daviplata,Para llevar,2023-09-13
TXN_3295247,Café,5,2.0,10.0,Nequi/Daviplata,,2023-08-25
TXN_5822344,Sandwich,5,4.0,20.0,Efectivo,Restaurante,2023-09-27
TXN_4266069,Café,1,2.0,2.0,,,2023-12-25
TXN_9470768,Granizado,5,4.0,20.0,Tarjeta Crédito,,2023-09-27
TXN_1540181,Te,3,1.5,4.5,,Para llevar,2023-08-17
TXN_6688020,Ensalada,5,5.0,25.0,DESCONOCIDO,,2023-09-05
TXN_4181147,Café,4,2.0,8.0,,Para llevar,2023-02-18
TXN_7211792,Te,3,1.5,4.5,ERROR,Para llevar,2023-11-27
TXN_6568978,Torta,3,3.0,9.0,Nequi/Daviplata,,2023-03-12
TXN_6670607,Jugo,5,3.0,DESCONOCIDO,,Para llevar,2023-01-06
TXN_9773606,Te,2,1.5,3.0,Efectivo,Para llevar,2023-12-04
TXN_9762035,Granizado,1,4.0,4.0,Efectivo,Para llevar,2023-08-21
TXN_4493661,Sandwich,1,4.0,4.0,Efectivo,,2023-07-08
TXN_4617139,Jugo,4,,12.0,,,2023-04-12
TXN_5339625,Granizado,5,4.0,20.0,Nequi/Daviplata,ERROR,2023-06-29
TXN_9657636,Torta,1,3.0,3.0,Efectivo,Para llevar,2023-07-08
TXN_1375992,Café,5,2.0,10.0,Tarjeta Crédito,Restaurante,2023-03-23
TXN_2077318,Jugo,2,3.0,6.0,Nequi/Daviplata,Restaurante,2023-08-24
TXN_8232653,Ensalada,5,5.0,25.0,Efectivo,,2023-04-21
TXN_4624436,Sandwich,1,4.0,4.0,,,2023-05-22
TXN_6158865,Galleta,1,1.0,1.0,Nequi/Daviplata,,2023-11-27
TXN_6148337,Galleta,2,1.0,2.0,,Restaurante,2023-09-27
TXN_9096951,Granizado,3,4.0,12.0,Efectivo,Para llevar,2023-06-28
TXN_7080148,Torta,3,3.0,9.0,,,2023-12-30
TXN_4275169,Ensalada,1,5.0,5.0,,Para llevar,2023-06-27
TXN_9005396,Jugo,4,3.0,12.0,Efectivo,,2023-08-10
TXN_2466036,Café,5,2.0,10.0,,Para llevar,2023-08-31
TXN_1533790,Torta,,3.0,12.0,Nequi/Daviplata,Para llevar,2023-07-21
TXN_7090165,Sandwich,5,4.0,20.0,Nequi/Daviplata,Restaurante,2023-08-30
TXN_9533792,Galleta,3,1.0,3.0,Nequi/Daviplata,Restaurante,2023-09-01
TXN_4995910,Torta,5,3.0,DESCONOCIDO,ERROR,,2023-03-10
TXN_9174916,Café,3,2.0,6.0,Tarjeta Crédito,,2023-06-21
TXN_8121601,Jugo,4,3.0,DESCONOCIDO,ERROR,Restaurante,2023-07-02
TXN_5882077,Sandwich,3,4.0,12.0,,Para llevar,2023-03-10
TXN_3163681,Sandwich,2,4.0,8.0,,,2023-05-11
TXN_2849719,Café,5,2.0,10.0,Nequi/Daviplata,Para llevar,2023-06-23
TXN_9623460,Sandwich,3,4.0,12.0,Nequi/Daviplata,Restaurante,2023-01-17
TXN_3359704,Ensalada,3,5.0,15.0,Nequi/Daviplata,Restaurante,2023-07-23
TXN_7093219,Granizado,4,4.0,16.0,Tarjeta Crédito,,2023-06-06
TXN_2444408,Sandwich,2,4.0,8.0,Nequi/Daviplata,Restaurante,2023-05-11
TXN_2475111,Galleta,3,1.0,3.0,,Para llevar,2023-03-31
TXN_3296152,Ensalada,3,5.0,15.0,Tarjeta Crédito,Restaurante,2023-10-20
TXN_5157855,Ensalada,1,5.0,5.0,Nequi/Daviplata,,2023-08-18
TXN_2887411,Granizado,2,4.0,8.0,Efectivo,Restaurante,2023-01-16
TXN_7543369,Te,5,1.5,7.5,Nequi/Daviplata,Para llevar,2023-11-18
TXN_9561441,Te,5,1.5,7.5,Efectivo,Restaurante,2023-11-11
TXN_5595584,Granizado,2,4.0,8.0,ERROR,Restaurante,2023-10-19
TXN_1158197,Café,2,2.0,4.0,,Para llevar,2023-05-21
TXN_3633955,Sandwich,4,4.0,16.0,Efectivo,Restaurante,2023-09-20
TXN_2761949,Ensalada,3,5.0,15.0,Tarjeta Crédito,Restaurante,2023-10-01
TXN_4967355,Sandwich,2,4.0,8.0,,Restaurante,2023-04-25
TXN_8062897,Granizado,2,4.0,8.0,Nequi/Daviplata,Para llevar,2023-10-02
TXN_4831426,Jugo,4,3.0,12.0,Tarjeta Crédito,,2023-02-27
TXN_3995843,DESCONOCIDO,3,4.0,ERROR,,Restaurante,2023-12-31
TXN_4284492,Jugo,3,3.0,9.0,,Para llevar,2023-05-30
TXN_9942634,Te,5,1.5,7.5,,Para llevar,2023-01-17
TXN_7104682,Galleta,5,1.0,5.0,,Para llevar,2023-08-31
TXN_5745955,Granizado,4,4.0,16.0,Tarjeta Crédito,,DESCONOCIDO
TXN_6866209,Granizado,5,4.0,20.0,Nequi/Daviplata,Restaurante,2023-05-20
TXN_7573801,Torta,2,3.0,6.0,ERROR,Restaurante,2023-12-14
TXN_9681880,Café,3,2.0,6.0,Efectivo,Restaurante,2023-03-21
TXN_2559288,Ensalada,4,5.0,20.0,Tarjeta Crédito,,2023-12-27
TXN_9188692,Torta,ERROR,3.0,DESCONOCIDO,Tarjeta Crédito,,2023-12-01
TXN_2936975,Te,1,1.5,1.5,Nequi/Daviplata,Para llevar,2023-10-05
TXN_5027125,Ensalada,3,5.0,15.0,Efectivo,Restaurante,2023-07-06
TXN_7433758,Galleta,1,1.0,1.0,Efectivo,,2023-06-09
TXN_2092288,Café,1,2.0,2.0,Tarjeta Crédito,Para llevar,2023-03-30
TXN_5701303,Café,1,2.0,2.0,Nequi/Daviplata,Para llevar,2023-09-08
TXN_7323833,ERROR,3,4.0,ERROR,Tarjeta Crédito,,2023-04-09
TXN_5161371,Torta,2,3.0,6.0,Tarjeta Crédito,Restaurante,2023-01-17
TXN_6228918,Torta,1,3.0,3.0,Nequi/Daviplata,Restaurante,DESCONOCIDO
TXN_1132566,Torta,3,3.0,9.0,Efectivo,,2023-02-27
TXN_3713527,Galleta,4,1.0,4.0,ERROR,Para llevar,2023-03-08
TXN_1719440,Galleta,5,1.0,5.0,Nequi/Daviplata,Para llevar,2023-07-13
TXN_6273703,Te,2,1.5,3.0,Tarjeta Crédito,,2023-12-24
TXN_2050017,Sandwich,4,4.0,16.0,,Para llevar,2023-03-24
TXN_6797827,Sandwich,1,4.0,4.0,Tarjeta Crédito,,2023-06-16
TXN_6885626,Torta,5,3.0,15.0,DESCONOCIDO,Restaurante,2023-08-06
TXN_3729074,Ensalada,3,5.0,15.0,Tarjeta Crédito,Restaurante,2023-04-15
TXN_7418962,Granizado,4,4.0,16.0,Efectivo,,2023-03-07
TXN_7217537,Ensalada,3,5.0,15.0,Efectivo,Restaurante,2023-12-19
TXN_7904970,Te,ERROR,1.5,3.0,Tarjeta Crédito,Para llevar,2023-05-23
TXN_8845592,Sandwich,5,4.0,20.0,Tarjeta Crédito,Restaurante,2023-11-12
TXN_2402637,,2,4.0,8.0,,Para llevar,2023-06-18
TXN_2081985,Café,2,2.0,4.0,Nequi/Daviplata,DESCONOCIDO,2023-03-24
TXN_5664467,Te,4,1.5,6.0,Nequi/Daviplata,Para llevar,2023-11-06
TXN_2275523,Te,4,1.5,6.0,Nequi/Daviplata,DESCONOCIDO,2023-09-02
TXN_7230977,ERROR,5,3.0,15.0,,Para llevar,2023-08-24
TXN_6451747,Ensalada,4,5.0,20.0,Efectivo,,2023-05-23
TXN_2680626,Torta,3,3.0,9.0,Efectivo,Restaurante,2023-01-08
TXN_8668840,Torta,5,3.0,15.0,Nequi/Daviplata,,2023-10-03
TXN_5390428,Jugo,2,3.0,6.0,,Restaurante,2023-11-25
TXN_5009367,Jugo,3,3.0,9.0,Tarjeta Crédito,Restaurante,2023-04-19
TXN_5930921,Galleta,2,1.0,2.0,Nequi/Daviplata,Para llevar,
TXN_3067854,Torta,1,3.0,3.0,Tarjeta Crédito,,2023-07-08
TXN_6401072,Granizado,4,4.0,16.0,Efectivo,Para llevar,2023-07-28
TXN_6377597,Galleta,1,1.0,1.0,DESCONOCIDO,Restaurante,
TXN_6799966,Te,4,1.5,6.0,Nequi/Daviplata,,2023-03-03
TXN_5080934,Jugo,,3.0,9.0,Efectivo,Para llevar,2023-12-10
TXN_8684125,Ensalada,2,5.0,10.0,Tarjeta Crédito,Restaurante,2023-03-08
TXN_1647077,Granizado,2,4.0,8.0,DESCONOCIDO,,2023-08-19
TXN_9769782,Granizado,5,4.0,20.0,Efectivo,Para llevar,ERROR
TXN_8167808,Torta,3,3.0,9.0,Efectivo,Restaurante,2023-02-03
TXN_4541998,Sandwich,DESCONOCIDO,4.0,4.0,,Para llevar,2023-01-13
TXN_3369789,Sandwich,5,4.0,20.0,,,2023-04-15
TXN_7973461,Te,3,1.5,4.5,DESCONOCIDO,Restaurante,2023-04-11
TXN_7753587,Torta,1,3.0,3.0,Tarjeta Crédito,Para llevar,2023-03-28
TXN_4490958,Café,2,2.0,4.0,,,2023-03-30
TXN_8715515,ERROR,5,3.0,15.0,Tarjeta Crédito,Para llevar,2023-07-23
TXN_8242126,Ensalada,4,5.0,20.0,Nequi/Daviplata,Restaurante,2023-11-20
TXN_2972659,Te,3,1.5,4.5,,,2023-12-16
TXN_5685028,Torta,5,3.0,15.0,Nequi/Daviplata,Para llevar,2023-08-12
TXN_9835620,Jugo,2,3.0,DESCONOCIDO,,,2023-06-09
TXN_9245124,Te,4,1.5,6.0,Nequi/Daviplata,Restaurante,2023-04-19
TXN_8619762,Granizado,4,4.0,16.0,Efectivo,Para llevar,2023-08-05
TXN_5983031,Jugo,3,3.0,9.0,Nequi/Daviplata,Restaurante,2023-03-09
TXN_8730549,Granizado,4,4.0,16.0,,Para llevar,2023-02-04
TXN_6889867,Sandwich,5,4.0,20.0,Efectivo,,2023-03-07
TXN_9035484,Café,2,2.0,4.0,Efectivo,,2023-06-29
TXN_2505327,Jugo,2,3.0,,,,
TXN_9972525,Café,4,2.0,8.0,,,2023-07-31
TXN_3315026,Jugo,5,3.0,15.0,Efectivo,,2023-11-06
TXN_3613385,Galleta,3,1.0,3.0,,Para llevar,2023-05-26
TXN_9629541,Sandwich,5,4.0,20.0,Nequi/Daviplata,,2023-12-18
TXN_7503640,Ensalada,3,5.0,15.0,Nequi/Daviplata,,2023-11-04
TXN_1135761,ERROR,3,3.0,9.0,Nequi/Daviplata,,2023-01-30
TXN_8558404,Ensalada,ERROR,5.0,20.0,Nequi/Daviplata,Restaurante,2023-07-15
TXN_8430735,Jugo,2,3.0,6.0,,,2023-10-25
TXN_8279865,Jugo,1,ERROR,3.0,Efectivo,,2023-07-18
TXN_5906520,Ensalada,2,5.0,10.0,ERROR,,2023-01-31
TXN_8250427,Café,4,2.0,8.0,Tarjeta Crédito,,2023-09-15
TXN_9928337,Jugo,1,3.0,3.0,ERROR,Para llevar,2023-11-05
TXN_7008306,Ensalada,2,5.0,,DESCONOCIDO,,2023-04-11
TXN_5603538,Jugo,3,3.0,9.0,Efectivo,,2023-02-15
TXN_7368648,Te,1,1.5,1.5,Nequi/Daviplata,Restaurante,2023-03-09
TXN_6220542,Jugo,3,3.0,9.0,,Para llevar,2023-03-24
TXN_3299535,Café,3,2.0,6.0,,Para llevar,2023-11-16
TXN_1217959,Jugo,2,3.0,6.0,Nequi/Daviplata,Para llevar,2023-07-28
TXN_4390633,Te,2,1.5,3.0,DESCONOCIDO,,2023-10-17
TXN_5052998,Jugo,3,3.0,9.0,Tarjeta Crédito,,2023-10-07
TXN_5171332,Te,5,1.5,7.5,Efectivo,Para llevar,2023-02-05
TXN_4798484,Jugo,3,3.0,9.0,,Restaurante,2023-08-09
TXN_7905741,Galleta,5,1.0,5.0,Tarjeta Crédito,,2023-02-08
TXN_6369875,Te,5,1.5,7.5,Efectivo,,2023-10-04
TXN_7840162,Galleta,5,,5.0,Efectivo,Para llevar,2023-02-27
TXN_9069297,Galleta,4,1.0,4.0,Tarjeta Crédito,Restaurante,2023-01-27
TXN_5017038,Sandwich,3,4.0,12.0,,,2023-05-25
TXN_6748453,Sandwich,5,4.0,20.0,,Restaurante,2023-05-08
TXN_1678985,Jugo,2,3.0,6.0,Efectivo,Restaurante,2023-07-16
TXN_6697669,Torta,5,3.0,15.0,Efectivo,,2023-01-03
TXN_3131555,Sandwich,2,4.0,8.0,Efectivo,Para llevar,2023-12-04
TXN_1617029,DESCONOCIDO,4,5.0,20.0,Efectivo,Para llevar,2023-05-15
TXN_7785297,Galleta,3,1.0,3.0,Efectivo,,2023-12-06
TXN_9432588,Café,5,2.0,10.0,,,2023-07-26
TXN_3313000,Café,5,2.0,10.0,Tarjeta Crédito,Restaurante,2023-01-08
TXN_3120023,Galleta,3,1.0,3.0,Efectivo,Restaurante,2023-09-30
TXN_7483257,Sandwich,2,4.0,8.0,Nequi/Daviplata,Para llevar,2023-06-05
TXN_3430842,Galleta,2,1.0,2.0,Efectivo,Para llevar,2023-08-02
TXN_9622300,Ensalada,DESCONOCIDO,5.0,5.0,Efectivo,Para llevar,2023-06-23
TXN_8822610,Torta,4,3.0,12.0,,Para llevar,2023-08-05
TXN_8005089,Ensalada,4,5.0,20.0,ERROR,,2023-06-10
TXN_7009420,Sandwich,5,4.0,20.0,DESCONOCIDO,Para llevar,2023-07-07
TXN_5118667,Café,4,2.0,8.0,Efectivo,Restaurante,2023-12-12
TXN_6533180,Café,5,2.0,10.0,,Para llevar,2023-05-03
TXN_6989438,Sandwich,4,4.0,16.0,Efectivo,Para llevar,2023-12-17
TXN_3894820,Sandwich,5,4.0,20.0,Nequi/Daviplata,Para llevar,DESCONOCIDO
TXN_7003185,Te,2,1.5,3.0,,,2023-06-03
TXN_1139495,Ensalada,3,5.0,15.0,Nequi/Daviplata,,2023-02-19
TXN_1256536,Ensalada,1,5.0,5.0,ERROR,Para llevar,2023-12-16
TXN_6437055,Torta,1,3.0,3.0,DESCONOCIDO,,2023-10-22
TXN_6212975,,1,4.0,4.0,Tarjeta Crédito,Para llevar,2023-06-08
TXN_4223466,Jugo,4,3.0,12.0,Nequi/Daviplata,Para llevar,2023-05-31
TXN_6684202,Sandwich,1,4.0,4.0,,,2023-07-31
TXN_7279066,DESCONOCIDO,5,3.0,15.0,Nequi/Daviplata,Para llevar,2023-09-09
TXN_5032114,Sandwich,2,4.0,8.0,,,2023-05-31
TXN_3411281,Torta,2,3.0,6.0,DESCONOCIDO,,2023-09-29
TXN_6608817,Sandwich,5,4.0,20.0,Tarjeta Crédito,Para llevar,2023-07-17
TXN_4258943,Sandwich,2,4.0,ERROR,Tarjeta Crédito,Restaurante,2023-01-02
TXN_1897660,Te,3,1.5,4.5,Nequi/Daviplata,Restaurante,DESCONOCIDO
TXN_9774691,Torta,3,3.0,9.0,Tarjeta Crédito,Para llevar,2023-04-11
TXN_8556230,,5,1.0,5.0,Efectivo,Restaurante,2023-05-21
TXN_1522430,Granizado,3,4.0,12.0,Tarjeta Crédito,,2023-12-06
TXN_2797077,,2,5.0,10.0,,Para llevar,2023-07-04
TXN_7666909,Jugo,4,3.0,12.0,Tarjeta Crédito,Para llevar,2023-08-29
TXN_9365558,Ensalada,4,5.0,20.0,Tarjeta Crédito,Para llevar,2023-02-12
TXN_6837601,Ensalada,1,5.0,5.0,Nequi/Daviplata,Para llevar,2023-02-05
TXN_1713983,Ensalada,2,5.0,10.0,Efectivo,Restaurante,2023-05-11
TXN_4674417,Galleta,5,1.0,DESCONOCIDO,Nequi/Daviplata,Para llevar,2023-07-03
TXN_4641838,Galleta,5,1.0,5.0,Tarjeta Crédito,,2023-04-30
TXN_9315119,Ensalada,2,5.0,10.0,,Para llevar,2023-06-16
TXN_2552405,Jugo,5,3.0,15.0,Tarjeta Crédito,,2023-06-22
TXN_3465980,Galleta,4,1.0,4.0,Efectivo,Para llevar,2023-07-08
TXN_4220189,Te,1,1.5,1.5,,Para llevar,2023-08-16
TXN_7343905,Torta,1,3.0,3.0,Nequi/Daviplata,Restaurante,2023-01-17
TXN_9813938,Sandwich,5,4.0,20.0,Efectivo,,2023-06-30
TXN_6129460,Jugo,5,3.0,15.0,Efectivo,DESCONOCIDO,2023-11-19
TXN_9470590,Ensalada,1,5.0,5.0,Tarjeta Crédito,Para llevar,2023-04-11
TXN_7212607,Café,3,2.0,6.0,Nequi/Daviplata,Restaurante,2023-08-06
TXN_8384628,Ensalada,3,5.0,15.0,Tarjeta Crédito,Para llevar,2023-08-22
TXN_4200340,Torta,5,3.0,15.0,Efectivo,Para llevar,2023-07-06
TXN_9349052,,4,3.0,12.0,Efectivo,,2023-10-31
TXN_9749434,Torta,5,3.0,15.0,Tarjeta Crédito,Para llevar,ERROR
TXN_2693584,Galleta,,1.0,3.0,,,2023-10-28
TXN_4778105,Jugo,4,3.0,12.0,Nequi/Daviplata,Restaurante,2023-10-08
TXN_7804488,Galleta,2,1.0,2.0,Nequi/Daviplata,,2023-11-28
TXN_4674667,Café,2,2.0,4.0,,Para llevar,2023-05-24
TXN_8832852,Sandwich,5,4.0,20.0,DESCONOCIDO,Para llevar,ERROR
TXN_4278785,Ensalada,3,5.0,15.0,Efectivo,Restaurante,2023-04-29
TXN_4462052,Galleta,1,1.0,1.0,Efectivo,Restaurante,2023-10-12
TXN_3379368,Torta,5,3.0,15.0,Tarjeta Crédito,,2023-05-26
TXN_7651864,Granizado,4,4.0,16.0,Nequi/Daviplata,DESCONOCIDO,2023-04-29
TXN_7089173,Jugo,1,3.0,3.0,Nequi/Daviplata,,2023-01-14
TXN_1906642,Galleta,4,1.0,4.0,,Para llevar,2023-06-06
TXN_5410349,ERROR,5,3.0,15.0,Tarjeta Crédito,Para llevar,2023-03-05
TXN_5234368,Café,3,2.0,6.0,Nequi/Daviplata,,2023-06-10
TXN_5544904,Ensalada,5,5.0,25.0,,,2023-04-19
TXN_3376958,Ensalada,4,5.0,20.0,,Restaurante,2023-10-31
TXN_5446085,Café,3,2.0,6.0,Nequi/Daviplata,,2023-09-16
TXN_9676940,Jugo,2,3.0,6.0,Tarjeta Crédito,Para llevar,2023-08-16
TXN_2371941,Jugo,2,3.0,6.0,Efectivo,,2023-01-26
TXN_8980774,Te,4,1.5,6.0,,Restaurante,DESCONOCIDO
TXN_5708913,Torta,2,3.0,6.0,Efectivo,Restaurante,2023-04-29
TXN_6310726,DESCONOCIDO,3,1.0,3.0,Tarjeta Crédito,,2023-03-30
TXN_4096816,ERROR,3,2.0,6.0,Nequi/Daviplata,Para llevar,2023-11-02
TXN_7451083,Café,1,2.0,2.0,Nequi/Daviplata,,2023-06-24
TXN_5132082,Ensalada,5,5.0,25.0,ERROR,,2023-10-08
TXN_7323040,Galleta,3,1.0,3.0,,Para llevar,2023-11-09
TXN_9176418,Granizado,1,4.0,4.0,Nequi/Daviplata,Para llevar,2023-03-02
TXN_9702662,DESCONOCIDO,4,,16.0,,Para llevar,2023-07-10
TXN_7612618,Granizado,4,4.0,16.0,Tarjeta Crédito,ERROR,2023-04-12
TXN_7321789,Jugo,3,3.0,9.0,Nequi/Daviplata,Para llevar,2023-05-10
TXN_3679126,Galleta,1,1.0,1.0,Efectivo,,2023-07-15
TXN_2008137,Café,4,2.0,8.0,,ERROR,2023-10-07
TXN_2622670,Torta,5,3.0,15.0,Nequi/Daviplata,DESCONOCIDO,2023-01-28
TXN_4791105,ERROR,3,4.0,,,Para llevar,2023-05-18
TXN_6882819,DESCONOCIDO,1,3.0,3.0,Efectivo,ERROR,2023-08-21
TXN_2152670,Te,3,1.5,4.5,Tarjeta Crédito,Restaurante,2023-12-24
TXN_3482117,Sandwich,2,4.0,8.0,,,2023-07-18
TXN_1843989,ERROR,5,1.0,5.0,,Para llevar,2023-07-19
TXN_4943715,Café,5,2.0,10.0,Nequi/Daviplata,,2023-10-06
TXN_8571836,Jugo,3,,9.0,Efectivo,ERROR,2023-12-27
TXN_2544176,Te,3,1.5,4.5,,Para llevar,2023-12-19
TXN_1589264,,2,5.0,10.0,Efectivo,,2023-07-26
TXN_1379209,Te,5,1.5,7.5,,Restaurante,2023-02-06
TXN_2515920,ERROR,3,3.0,9.0,Efectivo,Restaurante,2023-10-02
TXN_6496099,Café,,2.0,10.0,Nequi/Daviplata,,2023-07-21
TXN_8696065,Granizado,3,4.0,12.0,Tarjeta Crédito,Restaurante,2023-11-04
TXN_4746320,Galleta,2,1.0,2.0,ERROR,Para llevar,2023-04-02
TXN_1250407,Galleta,1,1.0,1.0,Tarjeta Crédito,Para llevar,2023-11-21
TXN_1617476,Torta,2,3.0,6.0,Nequi/Daviplata,Restaurante,2023-02-10
TXN_4196578,Te,2,1.5,3.0,Tarjeta Crédito,,2023-06-26
TXN_9725461,Granizado,3,4.0,12.0,Tarjeta Crédito,Restaurante,2023-11-25
TXN_2975443,Ensalada,5,5.0,25.0,,Para llevar,2023-12-31
TXN_1000555,Te,1,1.5,1.5,Tarjeta Crédito,Restaurante,2023-10-19
TXN_1622411,Ensalada,2,5.0,10.0,DESCONOCIDO,Para llevar,2023-07-23
TXN_9429128,Café,,2.0,8.0,Tarjeta Crédito,Restaurante,2023-12-19
TXN_1056277,Galleta,DESCONOCIDO,1.0,5.0,,,2023-02-06
TXN_4801617,Jugo,5,3.0,15.0,,,2023-04-02
TXN_1365285,Jugo,5,3.0,15.0,Tarjeta Crédito,,2023-06-11
TXN_3189677,Granizado,,4.0,4.0,,,2023-01-11
TXN_3375399,Galleta,,1.0,1.0,Nequi/Daviplata,Para llevar,2023-05-21
TXN_9315755,Torta,5,3.0,15.0,Efectivo,Para llevar,2023-09-26
TXN_6853678,Galleta,4,1.0,4.0,Nequi/Daviplata,,2023-07-23
TXN_6530886,Café,1,2.0,DESCONOCIDO,Tarjeta Crédito,,2023-10-21
TXN_3530720,Granizado,5,4.0,20.0,Nequi/Daviplata,Restaurante,2023-10-18
TXN_3716067,Te,5,1.5,7.5,Tarjeta Crédito,Restaurante,DESCONOCIDO
TXN_1410102,Ensalada,1,5.0,5.0,Efectivo,Restaurante,2023-06-23
TXN_6977098,Jugo,5,3.0,15.0,Tarjeta Crédito,Restaurante,2023-06-09
TXN_7735237,Torta,2,3.0,6.0,Nequi/Daviplata,Restaurante,2023-01-13
TXN_7510766,Café,3,2.0,6.0,,Restaurante,2023-07-24
TXN_3352256,Sandwich,2,4.0,8.0,,Para llevar,2023-09-08
TXN_8494538,Torta,4,3.0,12.0,,,2023-11-08
TXN_8676769,Ensalada,DESCONOCIDO,5.0,15.0,Nequi/Daviplata,Restaurante,2023-06-16
TXN_5282529,Te,5,1.5,7.5,Tarjeta Crédito,Para llevar,2023-04-13
TXN_9495930,Café,2,2.0,4.0,Nequi/Daviplata,Para llevar,2023-10-23
TXN_3514492,Jugo,3,3.0,9.0,Nequi/Daviplata,Restaurante,2023-02-23
TXN_1349215,DESCONOCIDO,ERROR,4.0,4.0,Nequi/Daviplata,,2023-02-06
TXN_7223646,Galleta,DESCONOCIDO,1.0,5.0,Tarjeta Crédito,,2023-09-19
TXN_4033982,DESCONOCIDO,2,1.5,3.0,Tarjeta Crédito,Para llevar,2023-01-04
TXN_1842697,DESCONOCIDO,5,,15.0,,,2023-10-25
TXN_4227337,Te,4,1.5,6.0,Nequi/Daviplata,Para llevar,2023-12-15
TXN_5790213,Jugo,3,3.0,9.0,Efectivo,,2023-08-30
TXN_3546261,Te,3,1.5,4.5,,Para llevar,2023-03-20
TXN_7119228,DESCONOCIDO,4,3.0,12.0,Nequi/Daviplata,,2023-10-09
TXN_3334257,Sandwich,2,4.0,8.0,Efectivo,DESCONOCIDO,2023-06-10
TXN_5665767,Te,4,1.5,6.0,,,2023-08-22
TXN_4527464,Te,4,1.5,6.0,,Restaurante,2023-08-09
TXN_1011236,Torta,1,3.0,3.0,Efectivo,Restaurante,2023-02-08
TXN_8293691,Café,4,2.0,8.0,,,2023-06-30
TXN_7463011,Sandwich,2,4.0,8.0,,Restaurante,2023-01-22
TXN_6872268,Jugo,2,3.0,6.0,Nequi/Daviplata,Restaurante,2023-01-07
TXN_3999554,Café,1,2.0,ERROR,Tarjeta Crédito,Para llevar,2023-09-13
TXN_9942247,Café,2,2.0,DESCONOCIDO,Efectivo,Para llevar,2023-10-15
TXN_3687300,Galleta,2,1.0,2.0,Tarjeta Crédito,Restaurante,ERROR
TXN_6113452,Sandwich,2,4.0,8.0,Efectivo,Para llevar,2023-09-21
TXN_1752617,Te,5,1.5,7.5,,Para llevar,2023-09-05
TXN_1949789,Ensalada,2,5.0,10.0,,Para llevar,2023-11-07
TXN_7386089,Sandwich,2,4.0,8.0,,Restaurante,2023-07-15
TXN_6751134,Sandwich,3,,12.0,,DESCONOCIDO,2023-01-12
TXN_2731270,Torta,1,3.0,3.0,,Para llevar,2023-05-31
TXN_8830813,Café,DESCONOCIDO,2.0,2.0,Efectivo,Restaurante,2023-06-18
TXN_2548248,Torta,4,3.0,12.0,ERROR,Para llevar,2023-06-28
TXN_3026930,Torta,2,3.0,6.0,Efectivo,Restaurante,2023-03-23
TXN_2824366,Sandwich,4,4.0,16.0,ERROR,Restaurante,2023-07-02
TXN_2801651,Jugo,4,3.0,12.0,Nequi/Daviplata,Para llevar,2023-07-10
TXN_5005592,Café,1,2.0,2.0,Tarjeta Crédito,Restaurante,2023-06-05
TXN_8284313,Ensalada,5,5.0,25.0,,,2023-11-20
TXN_8058026,Te,1,1.5,1.5,ERROR,Para llevar,2023-05-19
TXN_2182790,Te,5,1.5,7.5,Tarjeta Crédito,Para llevar,2023-05-05
TXN_7251929,ERROR,2,5.0,10.0,Nequi/Daviplata,Restaurante,2023-01-31
TXN_2145530,Sandwich,3,4.0,12.0,Nequi/Daviplata,ERROR,2023-10-08
TXN_4159861,Jugo,1,3.0,3.0,Nequi/Daviplata,,2023-03-20
TXN_4600614,Sandwich,3,4.0,12.0,Nequi/Daviplata,Para llevar,2023-01-27
TXN_1853298,Galleta,5,1.0,5.0,Tarjeta Crédito,,2023-01-02
TXN_6600858,Sandwich,3,4.0,12.0,Efectivo,ERROR,2023-03-27
TXN_7494793,Granizado,5,ERROR,20.0,,Para llevar,2023-12-29
TXN_3968170,Ensalada,1,5.0,5.0,,Restaurante,2023-08-05
TXN_4628310,Jugo,4,3.0,12.0,Tarjeta Crédito,Para llevar,2023-04-20
TXN_6110009,Jugo,5,3.0,15.0,,Para llevar,2023-12-26
TXN_8996187,Ensalada,2,,10.0,Tarjeta Crédito,Restaurante,2023-09-28
TXN_3544792,Sandwich,1,4.0,4.0,Nequi/Daviplata,,2023-06-27
TXN_2353057,Torta,3,3.0,9.0,DESCONOCIDO,Para llevar,2023-08-04
TXN_6013295,Jugo,2,3.0,6.0,Efectivo,Para llevar,2023-11-07
TXN_3200195,Jugo,3,3.0,9.0,Nequi/Daviplata,Restaurante,2023-05-04
TXN_4860027,Galleta,5,1.0,5.0,Nequi/Daviplata,Para llevar,2023-07-28
TXN_3509437,,4,4.0,16.0,,Restaurante,2023-12-06
TXN_5442505,Torta,4,ERROR,12.0,Nequi/Daviplata,Para llevar,2023-09-07
TXN_4708410,Torta,4,3.0,12.0,Nequi/Daviplata,Restaurante,2023-10-08
TXN_4847617,Sandwich,4,4.0,DESCONOCIDO,Tarjeta Crédito,,2023-08-04
TXN_1898329,Torta,5,3.0,15.0,Efectivo,Restaurante,2023-04-12
TXN_2508266,Galleta,1,1.0,1.0,ERROR,,2023-01-28
TXN_1945918,Jugo,2,3.0,6.0,,DESCONOCIDO,2023-09-12
TXN_8147057,Jugo,1,3.0,3.0,Nequi/Daviplata,Restaurante,2023-08-21
TXN_9546556,,5,3.0,15.0,Efectivo,Restaurante,2023-08-18
TXN_4935258,Torta,2,3.0,6.0,Tarjeta Crédito,,2023-09-14
TXN_5588239,Galleta,1,1.0,1.0,Nequi/Daviplata,Para llevar,2023-03-31
TXN_6575599,Café,5,2.0,10.0,Nequi/Daviplata,Para llevar,2023-10-09
TXN_9382156,Te,5,1.5,7.5,ERROR,Para llevar,2023-06-02
TXN_1229376,Torta,3,3.0,9.0,Nequi/Daviplata,Restaurante,2023-08-14
TXN_1732216,Café,3,2.0,6.0,Nequi/Daviplata,Para llevar,2023-08-30
TXN_1756717,Granizado,3,4.0,12.0,Tarjeta Crédito,DESCONOCIDO,2023-01-22
TXN_8188857,Torta,1,3.0,3.0,,,2023-12-21
TXN_9783697,Sandwich,1,4.0,4.0,Nequi/Daviplata,Para llevar,2023-07-14
TXN_6991253,Jugo,3,3.0,9.0,,Restaurante,2023-12-13
TXN_7177487,Te,ERROR,1.5,6.0,Tarjeta Crédito,,2023-09-07
TXN_8444245,ERROR,1,3.0,3.0,Efectivo,,2023-01-30
TXN_3224756,Torta,2,3.0,6.0,Tarjeta Crédito,Para llevar,2023-11-20
TXN_3421456,Torta,DESCONOCIDO,3.0,3.0,DESCONOCIDO,,2023-09-05
TXN_9421618,Torta,3,3.0,9.0,Efectivo,ERROR,2023-02-21
TXN_9054741,Jugo,1,3.0,3.0,Tarjeta Crédito,Para llevar,2023-06-24
TXN_9063299,Torta,4,3.0,12.0,Nequi/Daviplata,Restaurante,2023-06-15
TXN_4318159,Café,4,2.0,8.0,Nequi/Daviplata,,2023-03-30
TXN_8127390,Te,3,1.5,4.5,,Restaurante,2023-01-19
TXN_9682798,Torta,3,3.0,,Efectivo,Restaurante,2023-09-15
TXN_9716971,Ensalada,4,5.0,20.0,Nequi/Daviplata,DESCONOCIDO,2023-06-21
TXN_7827797,Ensalada,3,5.0,,,Para llevar,2023-06-30
TXN_4343391,Galleta,5,1.0,5.0,Efectivo,Para llevar,2023-06-01
TXN_6877186,Galleta,2,1.0,2.0,Tarjeta Crédito,Restaurante,2023-12-05
TXN_8162049,Sandwich,1,4.0,4.0,Nequi/Daviplata,,
TXN_6559173,Granizado,5,4.0,20.0,DESCONOCIDO,,2023-08-09
TXN_9818498,Granizado,3,4.0,12.0,Tarjeta Crédito,Para llevar,2023-09-01
TXN_2520102,Café,1,2.0,2.0,Nequi/Daviplata,,2023-03-08
TXN_9155044,Sandwich,3,4.0,12.0,Tarjeta Crédito,Restaurante,2023-02-28
TXN_5625110,Ensalada,3,5.0,15.0,Nequi/Daviplata,Para llevar,2023-11-07
TXN_3923375,Torta,5,3.0,15.0,Tarjeta Crédito,,ERROR
TXN_8706498,Granizado,5,4.0,20.0,,,2023-05-08
TXN_1188596,Jugo,1,3.0,3.0,Efectivo,,2023-10-24
TXN_8085790,Galleta,4,1.0,4.0,Efectivo,Para llevar,2023-10-27
TXN_3113823,Ensalada,5,ERROR,25.0,Nequi/Daviplata,Restaurante,2023-03-01
TXN_3423451,Ensalada,4,5.0,20.0,Efectivo,ERROR,2023-10-11
TXN_8010863,Café,2,2.0,4.0,,,2023-06-30
TXN_6154626,Granizado,5,4.0,20.0,,Para llevar,2023-05-06
TXN_5841004,Galleta,2,,2.0,Tarjeta Crédito,Restaurante,2023-04-28
TXN_2886223,Sandwich,5,4.0,20.0,Tarjeta Crédito,,2023-07-24
TXN_6047742,Granizado,5,4.0,20.0,Nequi/Daviplata,Restaurante,2023-12-11
TXN_5086795,Ensalada,1,5.0,5.0,Efectivo,Restaurante,2023-04-29
TXN_1943186,Ensalada,2,5.0,10.0,Efectivo,Restaurante,2023-12-16
TXN_9600016,Galleta,4,1.0,4.0,,Para llevar,2023-05-06
TXN_7397017,Ensalada,3,5.0,15.0,Nequi/Daviplata,Para llevar,ERROR
TXN_4305997,Te,3,1.5,4.5,,Restaurante,2023-11-22
TXN_4364374,Sandwich,2,4.0,DESCONOCIDO,Efectivo,ERROR,2023-04-20
TXN_7031347,DESCONOCIDO,4,3.0,12.0,Tarjeta Crédito,Para llevar,2023-06-09
TXN_9703331,Torta,2,3.0,6.0,Efectivo,,2023-09-09
TXN_3851247,Torta,1,3.0,3.0,Tarjeta Crédito,Restaurante,2023-11-23
TXN_6666679,Jugo,2,3.0,6.0,Nequi/Daviplata,,2023-08-25
TXN_5683213,Granizado,2,4.0,8.0,Tarjeta Crédito,Restaurante,2023-10-30
TXN_2052609,Torta,4,,12.0,Tarjeta Crédito,Para llevar,2023-06-23
TXN_6557825,Te,DESCONOCIDO,1.5,4.5,ERROR,,2023-05-07
TXN_6228999,Galleta,5,1.0,5.0,,,2023-02-07
TXN_4226287,Galleta,1,1.0,1.0,,,2023-04-29
TXN_9868053,Jugo,3,3.0,9.0,Nequi/Daviplata,Restaurante,DESCONOCIDO
TXN_2570829,Jugo,1,3.0,3.0,Efectivo,Para llevar,2023-03-31
TXN_7433531,Sandwich,2,4.0,8.0,,Para llevar,2023-08-16
TXN_5190685,Galleta,4,1.0,4.0,Efectivo,Para llevar,2023-11-12
TXN_4526296,Granizado,5,4.0,20.0,DESCONOCIDO,Para llevar,2023-11-23
TXN_5137315,Ensalada,DESCONOCIDO,5.0,25.0,Tarjeta Crédito,Restaurante,2023-01-05
TXN_6513435,Jugo,3,3.0,9.0,,Para llevar,2023-08-16
TXN_8337899,Galleta,1,1.0,1.0,Nequi/Daviplata,,2023-11-10
TXN_2245787,Ensalada,4,5.0,20.0,,Para llevar,2023-10-29
TXN_9203396,Café,5,2.0,10.0,Nequi/Daviplata,Restaurante,2023-01-08
TXN_9352671,Sandwich,2,4.0,DESCONOCIDO,Efectivo,Para llevar,2023-02-10
TXN_6391414,Granizado,4,4.0,16.0,Efectivo,Restaurante,2023-05-08
TXN_2613440,Jugo,3,3.0,9.0,Tarjeta Crédito,Restaurante,2023-04-15
TXN_5632564,Galleta,1,1.0,1.0,Tarjeta Crédito,,2023-11-04
TXN_4175122,DESCONOCIDO,4,2.0,8.0,Nequi/Daviplata,Restaurante,2023-09-29
TXN_3475075,Torta,3,,9.0,Efectivo,Para llevar,DESCONOCIDO
TXN_4759797,Ensalada,3,5.0,15.0,DESCONOCIDO,Restaurante,ERROR
TXN_4704439,Café,3,2.0,6.0,Efectivo,DESCONOCIDO,2023-06-14
TXN_3292043,Galleta,5,DESCONOCIDO,5.0,,ERROR,ERROR
TXN_2666340,Torta,2,3.0,6.0,Efectivo,Para llevar,2023-09-29
TXN_8004162,Ensalada,5,5.0,25.0,ERROR,DESCONOCIDO,2023-11-04
TXN_6539480,Torta,5,3.0,15.0,Efectivo,Para llevar,2023-08-25
TXN_1993002,ERROR,4,3.0,12.0,,Para llevar,2023-03-30
TXN_5024094,Te,1,DESCONOCIDO,1.5,Tarjeta Crédito,,2023-02-20
TXN_7399898,Jugo,3,3.0,9.0,,,2023-02-19
TXN_7675213,ERROR,DESCONOCIDO,4.0,8.0,Nequi/Daviplata,Restaurante,2023-03-08
TXN_5180728,Te,2,1.5,3.0,,Restaurante,2023-09-01
TXN_1442791,Te,1,1.5,1.5,DESCONOCIDO,,2023-03-23
TXN_7169607,Torta,2,3.0,6.0,Tarjeta Crédito,,2023-04-10
TXN_8157817,Te,2,1.5,3.0,Tarjeta Crédito,Para llevar,2023-08-30
TXN_9105544,Te,3,1.5,4.5,,Restaurante,2023-07-08
TXN_7620529,Sandwich,2,4.0,8.0,Efectivo,Restaurante,2023-08-08
TXN_1491670,Jugo,5,3.0,15.0,Tarjeta Crédito,Para llevar,2023-06-28
TXN_8041777,Torta,1,3.0,3.0,Efectivo,,2023-11-23
TXN_2366464,Jugo,1,3.0,3.0,Efectivo,Para llevar,2023-06-05
TXN_7994275,Granizado,3,4.0,12.0,Tarjeta Crédito,Restaurante,2023-09-18
TXN_6034920,Galleta,1,1.0,1.0,Tarjeta Crédito,Restaurante,2023-09-09
TXN_4673812,Galleta,2,1.0,2.0,Nequi/Daviplata,Para llevar,2023-05-01
TXN_3577949,Torta,3,,DESCONOCIDO,ERROR,Para llevar,2023-04-25
TXN_4503560,Torta,5,3.0,15.0,Nequi/Daviplata,,2023-02-21
TXN_6543620,Galleta,2,1.0,2.0,Efectivo,Para llevar,2023-04-08
TXN_5071222,Galleta,5,1.0,5.0,Nequi/Daviplata,ERROR,2023-10-25
TXN_1605048,Torta,4,3.0,12.0,Efectivo,Para llevar,2023-03-16
TXN_9907306,ERROR,3,1.0,3.0,Nequi/Daviplata,Para llevar,2023-09-06
TXN_2401829,Granizado,5,4.0,20.0,Nequi/Daviplata,Para llevar,2023-02-07
TXN_8359674,Ensalada,3,5.0,15.0,,Para llevar,2023-10-16
TXN_1937611,Te,2,DESCONOCIDO,3.0,Tarjeta Crédito,Para llevar,2023-11-02
TXN_5438111,Granizado,3,4.0,12.0,Efectivo,Restaurante,2023-01-06
TXN_1442771,,1,3.0,3.0,,,2023-04-25
TXN_5793057,Sandwich,3,4.0,12.0,Tarjeta Crédito,Restaurante,2023-02-25
TXN_1778597,Galleta,3,1.0,DESCONOCIDO,Efectivo,,2023-09-28
TXN_4076631,ERROR,4,3.0,12.0,Efectivo,Restaurante,2023-07-21
TXN_1660757,Torta,4,3.0,12.0,Nequi/Daviplata,Para llevar,2023-11-08
TXN_7540909,Te,2,1.5,3.0,Nequi/Daviplata,,2023-02-20
TXN_1469462,Torta,1,3.0,3.0,Tarjeta Crédito,Para llevar,2023-09-05
TXN_4745094,Te,5,1.5,7.5,Tarjeta Crédito,,2023-12-05
TXN_3711712,Ensalada,5,5.0,25.0,Nequi/Daviplata,Restaurante,2023-08-20
TXN_7909509,Granizado,3,4.0,12.0,,Para llevar,2023-10-10
TXN_8577850,Te,DESCONOCIDO,1.5,4.5,,,2023-07-10
TXN_1268480,Ensalada,5,5.0,25.0,Efectivo,Restaurante,2023-04-18
TXN_6579974,Sandwich,5,4.0,20.0,Nequi/Daviplata,,2023-05-10
TXN_6957331,Jugo,3,3.0,ERROR,Nequi/Daviplata,,2023-01-23
TXN_7796731,Jugo,,3.0,6.0,,Restaurante,2023-06-09
TXN_7218914,DESCONOCIDO,1,5.0,5.0,Nequi/Daviplata,Restaurante,2023-01-11
TXN_4869107,Granizado,3,4.0,12.0,Nequi/Daviplata,Restaurante,2023-01-30
TXN_2027203,Café,3,2.0,6.0,Tarjeta Crédito,,2023-07-15
TXN_6149748,Ensalada,3,5.0,15.0,Tarjeta Crédito,,2023-07-06
TXN_1633563,ERROR,4,4.0,16.0,Nequi/Daviplata,Restaurante,2023-02-05
TXN_3088330,Te,5,1.5,7.5,Nequi/Daviplata,Restaurante,2023-12-08
TXN_5001766,Granizado,1,4.0,DESCONOCIDO,Nequi/Daviplata,,2023-05-24
TXN_5634960,Te,2,1.5,3.0,,Para llevar,2023-09-06
TXN_6280724,Café,3,2.0,6.0,Tarjeta Crédito,,2023-05-02
TXN_7650834,Ensalada,2,5.0,10.0,Efectivo,Para llevar,2023-10-29
TXN_4107857,Te,1,1.5,1.5,Tarjeta Crédito,Para llevar,2023-01-29
TXN_2052771,Te,4,1.5,6.0,Nequi/Daviplata,Para llevar,DESCONOCIDO
TXN_4635037,Jugo,1,3.0,3.0,Nequi/Daviplata,Restaurante,2023-05-17
TXN_2160119,DESCONOCIDO,5,4.0,20.0,Efectivo,,2023-12-27
TXN_9103776,Te,4,1.5,6.0,Tarjeta Crédito,Restaurante,2023-05-03
TXN_7538221,Torta,5,3.0,15.0,Tarjeta Crédito,Para llevar,2023-03-31
TXN_4565754,Granizado,,4.0,ERROR,Nequi/Daviplata,Para llevar,2023-10-06
TXN_8807333,Sandwich,5,4.0,20.0,Nequi/Daviplata,Restaurante,2023-03-18
TXN_8006056,Jugo,4,3.0,12.0,Tarjeta Crédito,Para llevar,2023-12-19
TXN_2216532,Te,3,1.5,4.5,Efectivo,ERROR,2023-12-27
TXN_6553720,Café,4,2.0,8.0,,Restaurante,2023-02-02
TXN_5828907,Galleta,5,1.0,5.0,Nequi/Daviplata,,2023-05-13
TXN_2336248,Torta,,3.0,15.0,,Para llevar,2023-10-19
TXN_3321611,ERROR,3,4.0,,,Para llevar,2023-09-09
TXN_6022618,Granizado,1,4.0,4.0,Nequi/Daviplata,Restaurante,2023-12-18
TXN_1665810,Sandwich,5,4.0,20.0,Nequi/Daviplata,Restaurante,2023-02-26
TXN_1399696,Torta,5,3.0,15.0,Efectivo,Restaurante,2023-04-08
TXN_9154381,Galleta,2,1.0,2.0,Tarjeta Crédito,Restaurante,2023-04-21
TXN_5333966,Jugo,4,3.0,12.0,DESCONOCIDO,Restaurante,2023-06-11
TXN_8361813,Galleta,3,1.0,3.0,Efectivo,Restaurante,2023-08-01
TXN_9841222,Sandwich,5,4.0,20.0,Tarjeta Crédito,ERROR,2023-04-23
TXN_4754346,Jugo,4,3.0,12.0,Tarjeta Crédito,Restaurante,2023-08-31
TXN_5910268,Ensalada,4,5.0,ERROR,,Para llevar,2023-07-04
TXN_9433806,Café,1,2.0,2.0,,,
TXN_5227574,Jugo,4,3.0,12.0,Nequi/Daviplata,ERROR,2023-04-10
TXN_5485774,Café,2,2.0,4.0,Tarjeta Crédito,,2023-07-20
TXN_6504165,Jugo,3,DESCONOCIDO,9.0,Efectivo,Para llevar,2023-02-13
TXN_6297232,Café,,2.0,DESCONOCIDO,,,2023-04-07
TXN_2391659,Te,5,1.5,ERROR,,DESCONOCIDO,2023-02-16
TXN_8964493,Granizado,1,4.0,4.0,Efectivo,,2023-02-10
TXN_1931832,,4,4.0,16.0,Tarjeta Crédito,,2023-05-07
TXN_4939667,Ensalada,1,5.0,5.0,Efectivo,Para llevar,2023-01-23
TXN_7126803,Sandwich,5,4.0,20.0,Nequi/Daviplata,Para llevar,2023-05-24
TXN_9649878,Torta,5,3.0,15.0,Efectivo,,2023-12-24
TXN_5086063,Jugo,3,3.0,9.0,Nequi/Daviplata,Para llevar,2023-09-28
TXN_5026564,Granizado,3,4.0,12.0,Efectivo,,2023-09-12
TXN_9680054,Torta,3,3.0,9.0,,Restaurante,2023-03-14
TXN_7299015,Café,5,2.0,10.0,,Para llevar,2023-12-02
TXN_6040824,Sandwich,1,4.0,4.0,Efectivo,,2023-01-07
TXN_4520062,,2,1.5,3.0,,Restaurante,2023-01-10
TXN_5889049,Galleta,2,1.0,2.0,,Restaurante,2023-07-14
TXN_1177438,Ensalada,4,5.0,20.0,,Para llevar,2023-08-21
TXN_6345691,,5,4.0,20.0,Tarjeta Crédito,,2023-09-03
TXN_6523635,ERROR,2,5.0,10.0,,Para llevar,2023-04-22
TXN_7494217,Galleta,1,1.0,1.0,Efectivo,Restaurante,
TXN_6854151,Sandwich,3,4.0,12.0,Tarjeta Crédito,Restaurante,2023-02-07
TXN_6862075,,3,3.0,9.0,Tarjeta Crédito,Restaurante,2023-08-13
TXN_9202272,Sandwich,3,4.0,12.0,,,2023-11-29
TXN_8620934,Galleta,5,1.0,5.0,,Restaurante,2023-09-10
TXN_8133627,Torta,5,3.0,15.0,Efectivo,Restaurante,2023-08-15
TXN_5777224,Te,3,1.5,4.5,DESCONOCIDO,,2023-09-16
TXN_1895899,Granizado,4,DESCONOCIDO,16.0,Tarjeta Crédito,Restaurante,2023-07-17
TXN_3658211,Torta,DESCONOCIDO,3.0,12.0,Efectivo,Para llevar,2023-04-02
TXN_5117140,Galleta,5,1.0,5.0,Nequi/Daviplata,Para llevar,2023-08-17
TXN_2513950,Granizado,4,4.0,16.0,,Restaurante,2023-04-03
TXN_7890585,Torta,5,3.0,15.0,Efectivo,,2023-08-11
TXN_5106045,Café,3,DESCONOCIDO,6.0,Tarjeta Crédito,,2023-11-17
TXN_5177565,Sandwich,5,4.0,20.0,,,2023-10-24
TXN_2792107,Torta,1,3.0,3.0,,ERROR,2023-07-10
TXN_4036747,Granizado,1,4.0,4.0,Efectivo,Para llevar,2023-05-27
TXN_2955691,Torta,1,3.0,3.0,,Para llevar,2023-04-04
TXN_6324736,Sandwich,5,4.0,20.0,Tarjeta Crédito,,ERROR
TXN_9641364,Galleta,3,1.0,3.0,ERROR,Restaurante,2023-03-04
TXN_3488590,Galleta,,1.0,2.0,Tarjeta Crédito,Para llevar,2023-12-28
TXN_9720549,Galleta,1,1.0,1.0,Tarjeta Crédito,Restaurante,2023-07-30
TXN_2477550,ERROR,2,4.0,8.0,Efectivo,Para llevar,2023-02-02
TXN_2172960,Granizado,1,4.0,ERROR,Nequi/Daviplata,,2023-07-04
TXN_5901182,Sandwich,5,4.0,20.0,Nequi/Daviplata,Restaurante,2023-07-15
TXN_4695415,Torta,5,3.0,15.0,,Restaurante,ERROR
TXN_1923984,Torta,2,3.0,6.0,Tarjeta Crédito,Para llevar,2023-08-31
TXN_4163149,Ensalada,1,5.0,DESCONOCIDO,Efectivo,,2023-07-30
TXN_5996894,Jugo,1,3.0,3.0,Tarjeta Crédito,,2023-06-12
TXN_2979899,Torta,5,3.0,15.0,Nequi/Daviplata,,2023-05-26
TXN_7762739,Sandwich,4,4.0,16.0,,Restaurante,2023-11-05
TXN_6392156,Galleta,5,1.0,ERROR,Tarjeta Crédito,Para llevar,2023-11-12
TXN_7278248,Ensalada,DESCONOCIDO,5.0,25.0,Efectivo,Para llevar,2023-10-23
TXN_1315847,Torta,1,3.0,3.0,Nequi/Daviplata,Restaurante,2023-06-19
TXN_9367729,Café,2,2.0,4.0,,Para llevar,2023-10-10
TXN_1464150,Café,5,2.0,10.0,Efectivo,Para llevar,2023-02-14
TXN_1746001,Galleta,ERROR,1.0,3.0,Nequi/Daviplata,Para llevar,2023-03-15
TXN_4203560,Jugo,1,3.0,3.0,,DESCONOCIDO,2023-08-20
TXN_1493452,Sandwich,3,4.0,12.0,,,2023-11-08
TXN_4171998,Sandwich,,4.0,8.0,DESCONOCIDO,Para llevar,2023-10-18
TXN_4528664,Ensalada,3,5.0,,Efectivo,Restaurante,2023-12-31
TXN_1775278,Jugo,4,3.0,12.0,Tarjeta Crédito,Para llevar,2023-02-22
TXN_1459078,Galleta,5,1.0,5.0,,Restaurante,2023-11-10
TXN_6252589,Granizado,2,4.0,8.0,Nequi/Daviplata,Restaurante,ERROR
TXN_1411473,Café,3,2.0,6.0,Tarjeta Crédito,Restaurante,2023-01-04
TXN_5132747,Café,2,2.0,4.0,,,2023-10-28
TXN_9851026,Ensalada,2,5.0,10.0,,Para llevar,ERROR
TXN_7684072,Te,2,1.5,3.0,Tarjeta Crédito,,2023-05-12
TXN_3660999,Torta,3,3.0,9.0,Nequi/Daviplata,,2023-02-02
TXN_7828462,DESCONOCIDO,,1.5,4.5,Efectivo,Para llevar,2023-01-11
TXN_3976744,Jugo,1,3.0,3.0,Efectivo,,2023-12-25
TXN_3397978,Granizado,5,4.0,20.0,Nequi/Daviplata,Restaurante,2023-08-01
TXN_8568597,Jugo,1,3.0,3.0,Nequi/Daviplata,Para llevar,2023-04-03
TXN_4152709,Sandwich,4,4.0,16.0,,,2023-12-03
TXN_5222110,Café,2,2.0,4.0,,,2023-01-30
TXN_1987716,Café,1,2.0,2.0,Tarjeta Crédito,,2023-11-13
TXN_3643348,Sandwich,4,4.0,16.0,Nequi/Daviplata,Restaurante,2023-09-06
TXN_6537449,Ensalada,2,5.0,10.0,,Restaurante,2023-01-15
TXN_1244509,Granizado,3,4.0,12.0,Tarjeta Crédito,Restaurante,2023-02-21
TXN_3490516,Café,5,2.0,10.0,,,2023-04-28
TXN_2726254,Granizado,3,,12.0,,Para llevar,2023-06-08
TXN_9917989,Granizado,4,4.0,16.0,Nequi/Daviplata,Para llevar,2023-10-20
TXN_4933689,Torta,1,3.0,3.0,Efectivo,Restaurante,ERROR
TXN_4168628,Te,4,1.5,6.0,Nequi/Daviplata,Restaurante,2023-04-27
TXN_2490026,Torta,5,3.0,15.0,,,2023-10-21
TXN_7327440,DESCONOCIDO,3,1.0,3.0,Efectivo,Restaurante,2023-05-02
TXN_3597656,Café,4,2.0,8.0,Nequi/Daviplata,,2023-04-03
TXN_1765281,Granizado,3,4.0,12.0,Tarjeta Crédito,Restaurante,2023-01-28
TXN_4667663,Torta,5,3.0,15.0,Tarjeta Crédito,,2023-03-07
TXN_8571235,Torta,1,3.0,3.0,Efectivo,Para llevar,2023-03-01
TXN_2580487,Torta,1,3.0,3.0,,Para llevar,2023-01-13
TXN_2611683,Torta,3,3.0,9.0,Nequi/Daviplata,Restaurante,2023-04-11
TXN_4271744,Jugo,3,3.0,9.0,Nequi/Daviplata,Para llevar,2023-06-19
TXN_2917072,Te,3,1.5,4.5,DESCONOCIDO,Para llevar,2023-01-25
TXN_4653861,Sandwich,DESCONOCIDO,4.0,16.0,Efectivo,Para llevar,ERROR
TXN_5777903,Café,DESCONOCIDO,2.0,4.0,,Para llevar,2023-05-15
TXN_5153086,Te,3,1.5,4.5,Efectivo,Restaurante,2023-06-27
TXN_6004967,Ensalada,4,5.0,DESCONOCIDO,Tarjeta Crédito,,2023-01-13
TXN_3435509,Sandwich,1,4.0,4.0,Efectivo,Para llevar,2023-08-19
TXN_2488232,Te,2,1.5,3.0,,,2023-10-05
TXN_8771574,Café,3,2.0,6.0,Nequi/Daviplata,Para llevar,2023-05-03
TXN_1181626,Galleta,4,1.0,4.0,,Para llevar,2023-02-06
TXN_4081759,DESCONOCIDO,DESCONOCIDO,2.0,4.0,,,2023-09-30
TXN_6177161,Te,5,1.5,7.5,Tarjeta Crédito,Restaurante,2023-04-01
TXN_2500345,Ensalada,5,5.0,25.0,,Restaurante,2023-04-16
TXN_1228652,Ensalada,1,ERROR,5.0,Efectivo,Restaurante,2023-07-24
TXN_4476151,Jugo,4,3.0,12.0,Tarjeta Crédito,Restaurante,2023-02-15
TXN_7990902,Café,5,2.0,10.0,ERROR,Restaurante,ERROR
TXN_6557174,Ensalada,4,5.0,20.0,Tarjeta Crédito,Restaurante,2023-08-20
TXN_5089516,Granizado,2,4.0,8.0,Tarjeta Crédito,Restaurante,2023-11-04
TXN_5915706,Te,1,1.5,1.5,Efectivo,Restaurante,2023-08-18
TXN_9341159,Torta,5,3.0,15.0,,,2023-09-29
TXN_1870303,Café,4,2.0,8.0,Nequi/Daviplata,Restaurante,2023-05-05
TXN_5680238,Jugo,5,3.0,15.0,,,2023-12-17
TXN_7766134,Te,1,1.5,1.5,Tarjeta Crédito,Para llevar,2023-01-05
TXN_2617257,Galleta,1,1.0,1.0,Efectivo,Para llevar,2023-08-20
TXN_8993132,Torta,3,3.0,9.0,,Restaurante,2023-01-21
TXN_4268167,Granizado,4,4.0,16.0,,,2023-07-06
TXN_9358399,Te,5,1.5,7.5,Tarjeta Crédito,,2023-06-16
TXN_2793054,Granizado,4,4.0,16.0,,Para llevar,2023-04-29
TXN_6179169,Sandwich,2,4.0,8.0,Efectivo,Restaurante,2023-10-21
TXN_7932895,Granizado,2,4.0,8.0,,Restaurante,2023-04-04
TXN_3364751,Café,2,2.0,4.0,Nequi/Daviplata,Para llevar,2023-04-12
TXN_1097334,Café,2,2.0,4.0,Tarjeta Crédito,Para llevar,2023-03-21
TXN_9914084,DESCONOCIDO,1,2.0,2.0,ERROR,Para llevar,2023-06-16
TXN_5982786,Jugo,4,3.0,DESCONOCIDO,Tarjeta Crédito,Restaurante,2023-12-26
TXN_3160090,Ensalada,1,5.0,5.0,,Para llevar,2023-07-23
TXN_2300313,Café,4,2.0,8.0,,Restaurante,2023-06-02
TXN_9461396,Granizado,5,4.0,20.0,,,2023-05-23
TXN_6887407,Torta,3,3.0,9.0,Efectivo,Restaurante,2023-09-15
TXN_6425991,Ensalada,1,5.0,5.0,Tarjeta Crédito,Para llevar,2023-08-06
TXN_6040882,Galleta,1,1.0,1.0,Efectivo,Restaurante,2023-06-06
TXN_4151440,Torta,5,3.0,15.0,,Restaurante,2023-11-16
TXN_7921799,Galleta,1,1.0,1.0,Tarjeta Crédito,Para llevar,2023-09-14
TXN_1715317,DESCONOCIDO,5,3.0,15.0,Nequi/Daviplata,Restaurante,2023-02-10
TXN_2482242,Galleta,4,1.0,4.0,,,2023-02-07
TXN_5861636,Café,4,2.0,8.0,Tarjeta Crédito,,2023-05-15
TXN_7272630,Te,4,1.5,6.0,Efectivo,Para llevar,2023-03-24
TXN_7157169,Sandwich,3,4.0,12.0,,,2023-01-29
TXN_9325384,Jugo,5,3.0,15.0,,Restaurante,2023-04-24
TXN_2832778,Jugo,2,3.0,6.0,Tarjeta Crédito,,2023-09-27
TXN_9894745,Te,,1.5,3.0,Efectivo,Para llevar,2023-08-28
TXN_1244299,Sandwich,2,4.0,8.0,Efectivo,Para llevar,2023-07-18
TXN_1694090,Café,4,2.0,8.0,Nequi/Daviplata,,2023-11-30
TXN_5965095,Ensalada,4,5.0,20.0,Nequi/Daviplata,Restaurante,2023-06-16
TXN_7911650,Jugo,2,3.0,6.0,Efectivo,Para llevar,2023-03-13
TXN_9610933,Te,3,1.5,4.5,Efectivo,,2023-05-20
TXN_7440879,ERROR,1,3.0,3.0,,Restaurante,2023-12-30
TXN_4228312,Café,4,2.0,8.0,Nequi/Daviplata,,2023-01-22
TXN_6431703,Sandwich,1,4.0,,Tarjeta Crédito,Para llevar,2023-08-25
TXN_1063524,Granizado,5,4.0,20.0,Tarjeta Crédito,,2023-11-09
TXN_9031518,Sandwich,5,4.0,20.0,Tarjeta Crédito,Restaurante,2023-01-13
TXN_5781767,Sandwich,5,,20.0,Tarjeta Crédito,Restaurante,2023-04-27
TXN_4465589,,ERROR,1.5,3.0,Tarjeta Crédito,,2023-03-26
TXN_2035838,DESCONOCIDO,DESCONOCIDO,3.0,15.0,Nequi/Daviplata,Para llevar,2023-02-01
TXN_9817602,,2,4.0,8.0,Tarjeta Crédito,Para llevar,2023-12-26
TXN_9643180,Café,2,2.0,4.0,Efectivo,,2023-06-10
TXN_9070074,Café,5,2.0,10.0,Nequi/Daviplata,,2023-02-03
TXN_5274961,,1,3.0,3.0,Tarjeta Crédito,Restaurante,2023-11-04
TXN_8715388,Ensalada,1,5.0,5.0,,Restaurante,2023-11-04
TXN_1980303,Te,3,1.5,ERROR,Nequi/Daviplata,,2023-04-22
TXN_9291130,Galleta,,1.0,5.0,Efectivo,Restaurante,2023-05-11
TXN_6485220,Torta,3,3.0,9.0,Efectivo,ERROR,ERROR
TXN_2652800,Torta,4,3.0,12.0,Efectivo,,2023-11-30
TXN_7068406,Jugo,2,3.0,6.0,Nequi/Daviplata,Para llevar,2023-01-26
TXN_5380220,Café,4,2.0,8.0,Tarjeta Crédito,Restaurante,2023-10-18
TXN_7842557,Te,4,1.5,6.0,,Restaurante,2023-02-09
TXN_7208533,Te,1,1.5,1.5,Efectivo,Restaurante,2023-05-15
TXN_6916853,Granizado,5,4.0,20.0,Efectivo,,2023-12-22
TXN_9086710,Ensalada,2,5.0,10.0,,Restaurante,2023-10-27
TXN_1830278,Galleta,3,1.0,3.0,Tarjeta Crédito,,2023-05-15
TXN_8388122,Te,4,1.5,6.0,,Restaurante,2023-11-01
TXN_8612901,Jugo,3,3.0,DESCONOCIDO,Nequi/Daviplata,DESCONOCIDO,2023-03-18
TXN_7752958,Jugo,2,3.0,6.0,,,2023-09-22
TXN_5311814,Te,4,1.5,6.0,Nequi/Daviplata,,2023-07-06
TXN_2933739,Galleta,1,1.0,1.0,Nequi/Daviplata,,2023-09-15
TXN_1239876,,2,4.0,8.0,Nequi/Daviplata,Restaurante,2023-04-04
TXN_6295047,Te,DESCONOCIDO,1.5,6.0,Nequi/Daviplata,,2023-09-06
TXN_3858791,Galleta,5,1.0,5.0,Tarjeta Crédito,,2023-06-25
TXN_1737731,Granizado,5,4.0,20.0,Nequi/Daviplata,,2023-06-29
TXN_6131195,Ensalada,1,5.0,5.0,,,2023-10-24
TXN_3251829,Te,,1.5,,Nequi/Daviplata,Restaurante,2023-07-25
TXN_2727347,Torta,5,3.0,15.0,Efectivo,Para llevar,2023-01-20
TXN_7242713,Sandwich,1,4.0,4.0,,Restaurante,2023-04-21
TXN_7797231,,5,DESCONOCIDO,10.0,Nequi/Daviplata,,2023-05-05
TXN_3651337,Granizado,4,4.0,16.0,Efectivo,Restaurante,2023-10-25
TXN_4740892,Torta,1,3.0,3.0,Nequi/Daviplata,Para llevar,2023-11-19
TXN_7218719,Torta,1,3.0,3.0,Efectivo,,2023-10-07
TXN_3455415,Galleta,2,1.0,2.0,Tarjeta Crédito,,2023-03-31
TXN_2475259,Granizado,2,4.0,8.0,Efectivo,,
TXN_3390882,Sandwich,3,4.0,12.0,Tarjeta Crédito,Restaurante,2023-07-03
TXN_3848261,Te,2,1.5,3.0,,Para llevar,2023-08-03
TXN_2797925,Torta,2,3.0,DESCONOCIDO,Efectivo,,2023-10-19
TXN_2599005,Torta,2,3.0,6.0,Efectivo,,2023-06-10
TXN_1872692,Ensalada,5,5.0,25.0,Efectivo,Restaurante,2023-08-09
TXN_1372492,Ensalada,4,5.0,20.0,Efectivo,Para llevar,2023-03-28
TXN_6549132,Ensalada,5,,25.0,,,2023-12-05
TXN_1003246,Jugo,2,3.0,6.0,,,2023-02-15
TXN_5732615,Café,ERROR,2.0,4.0,Efectivo,Para llevar,2023-12-05
TXN_3197621,Sandwich,5,4.0,20.0,,Restaurante,2023-02-10
TXN_9006674,Te,1,1.5,1.5,,Para llevar,
TXN_6221348,Sandwich,1,ERROR,4.0,,,2023-03-28
TXN_4986514,Te,3,1.5,4.5,Tarjeta Crédito,Restaurante,2023-06-06
TXN_1050083,Torta,5,3.0,15.0,Tarjeta Crédito,Para llevar,2023-06-28
TXN_5880567,Granizado,5,4.0,20.0,ERROR,Restaurante,2023-02-13
TXN_1068317,Jugo,3,3.0,ERROR,Nequi/Daviplata,Para llevar,2023-03-16
TXN_7389329,Café,4,2.0,8.0,,,2023-01-18
TXN_3951460,,4,4.0,16.0,,Para llevar,2023-04-21
TXN_6584150,Jugo,5,3.0,15.0,Tarjeta Crédito,,2023-10-27
TXN_7754428,Galleta,2,1.0,2.0,,Restaurante,2023-07-27
TXN_3918515,DESCONOCIDO,4,5.0,20.0,Tarjeta Crédito,Para llevar,2023-03-29
TXN_6484387,Galleta,5,,5.0,Efectivo,,2023-11-23
TXN_4156369,Torta,5,3.0,15.0,,Restaurante,2023-08-07
TXN_4483226,Jugo,1,3.0,3.0,Tarjeta Crédito,,2023-08-08
TXN_6457997,DESCONOCIDO,1,ERROR,4.0,Tarjeta Crédito,,2023-12-12
TXN_2553269,ERROR,5,1.0,5.0,Nequi/Daviplata,,2023-04-09
TXN_5297692,Jugo,5,3.0,15.0,Tarjeta Crédito,,2023-03-21
TXN_8241724,Granizado,1,4.0,4.0,Tarjeta Crédito,Para llevar,2023-05-14
TXN_4916936,Granizado,1,4.0,4.0,,Para llevar,2023-06-04
TXN_1425215,Jugo,1,3.0,3.0,Efectivo,Para llevar,2023-03-13
TXN_4222908,Galleta,ERROR,1.0,1.0,,Restaurante,2023-12-14
TXN_3938018,Café,ERROR,2.0,8.0,,Para llevar,2023-10-10
TXN_2363378,Café,5,2.0,10.0,Efectivo,Para llevar,2023-04-23
TXN_8267616,Te,4,1.5,6.0,Efectivo,,2023-03-01
TXN_4786680,ERROR,3,4.0,12.0,DESCONOCIDO,Restaurante,2023-02-05
TXN_6437181,ERROR,4,3.0,12.0,Tarjeta Crédito,,2023-04-10
TXN_2335312,DESCONOCIDO,2,3.0,6.0,Nequi/Daviplata,,2023-06-23
TXN_8999576,Torta,5,3.0,15.0,Nequi/Daviplata,Para llevar,2023-04-09
TXN_4844022,ERROR,1,1.0,1.0,,Para llevar,2023-02-26
TXN_5513984,Te,1,1.5,1.5,Tarjeta Crédito,Restaurante,2023-09-13
TXN_1662024,DESCONOCIDO,4,1.0,4.0,,Restaurante,2023-01-16
TXN_5600914,Granizado,4,4.0,16.0,Tarjeta Crédito,,2023-02-16
TXN_9923860,Galleta,2,1.0,2.0,,,2023-11-16
TXN_5346493,Galleta,5,1.0,5.0,Nequi/Daviplata,Restaurante,2023-04-08
TXN_3528599,Galleta,1,1.0,1.0,,,2023-12-09
TXN_5738521,Café,5,2.0,10.0,Nequi/Daviplata,,2023-03-14
TXN_6219634,Ensalada,1,5.0,5.0,Efectivo,Para llevar,2023-09-11
TXN_3539062,Ensalada,2,5.0,10.0,Nequi/Daviplata,Restaurante,2023-10-04
TXN_8782513,Sandwich,5,4.0,20.0,,Para llevar,2023-10-15
TXN_2252218,DESCONOCIDO,4,5.0,20.0,Efectivo,,
TXN_2851804,Café,3,2.0,6.0,,,2023-11-30
TXN_9175519,Torta,4,3.0,12.0,,ERROR,2023-10-05
TXN_6224451,Sandwich,1,4.0,ERROR,Tarjeta Crédito,DESCONOCIDO,2023-03-19
TXN_3174488,DESCONOCIDO,4,1.0,4.0,Efectivo,Para llevar,2023-06-28
TXN_7630912,Jugo,2,ERROR,6.0,Tarjeta Crédito,,2023-01-04
TXN_5650608,Jugo,DESCONOCIDO,3.0,3.0,Nequi/Daviplata,,2023-06-25
TXN_2134911,Te,5,1.5,7.5,Nequi/Daviplata,Restaurante,2023-10-07
TXN_4013761,Café,3,2.0,6.0,DESCONOCIDO,,2023-09-07
TXN_9257475,DESCONOCIDO,4,3.0,12.0,Nequi/Daviplata,,2023-07-06
TXN_6616311,Café,4,2.0,8.0,ERROR,,2023-09-01
TXN_9123562,Jugo,5,3.0,15.0,Tarjeta Crédito,Para llevar,DESCONOCIDO
TXN_6991430,Galleta,5,1.0,5.0,Efectivo,Restaurante,2023-05-31
TXN_6778974,Granizado,2,4.0,8.0,,,2023-09-07
TXN_1818438,Café,5,2.0,10.0,Efectivo,,2023-06-18
TXN_5486886,Granizado,1,4.0,4.0,,,2023-12-23
TXN_5470598,Torta,3,3.0,9.0,Nequi/Daviplata,Restaurante,2023-03-14
TXN_3186333,Galleta,5,1.0,5.0,Efectivo,Restaurante,2023-08-19
TXN_8748633,Sandwich,5,ERROR,20.0,Efectivo,Para llevar,2023-04-27
TXN_3228558,Sandwich,2,4.0,8.0,Tarjeta Crédito,,2023-12-13
TXN_6388107,,3,3.0,9.0,Nequi/Daviplata,Restaurante,2023-12-04
TXN_6506895,Torta,5,3.0,15.0,Tarjeta Crédito,Restaurante,2023-08-10
TXN_2917211,Granizado,5,4.0,20.0,Nequi/Daviplata,Para llevar,2023-11-19
TXN_5882566,Torta,1,3.0,3.0,,Para llevar,2023-07-09
TXN_2413548,Te,2,1.5,3.0,Tarjeta Crédito,,2023-08-12
TXN_6633097,Jugo,4,3.0,12.0,Tarjeta Crédito,Restaurante,DESCONOCIDO
TXN_7116936,Café,5,2.0,10.0,Tarjeta Crédito,Para llevar,2023-05-19
TXN_7991322,Café,5,2.0,10.0,Nequi/Daviplata,,2023-11-14
TXN_1914728,,5,1.0,5.0,Efectivo,Restaurante,2023-06-16
TXN_4209748,Galleta,2,1.0,2.0,Nequi/Daviplata,Para llevar,2023-10-24
TXN_8941438,Jugo,4,3.0,12.0,Nequi/Daviplata,,2023-07-23
TXN_7932127,Café,3,2.0,DESCONOCIDO,,,2023-07-29
TXN_7097699,Te,4,1.5,6.0,,Para llevar,2023-12-16
TXN_7054849,Torta,4,3.0,12.0,Efectivo,Para llevar,2023-06-16
TXN_7185724,Torta,4,3.0,12.0,ERROR,Para llevar,2023-05-06
TXN_5664982,Te,5,1.5,,Nequi/Daviplata,Restaurante,2023-12-24
TXN_9378562,Jugo,3,3.0,9.0,,,2023-09-06
TXN_2892693,Galleta,4,1.0,4.0,Tarjeta Crédito,Restaurante,2023-03-02
TXN_2265603,Granizado,3,4.0,12.0,Nequi/Daviplata,Para llevar,
TXN_6552269,DESCONOCIDO,4,3.0,12.0,Efectivo,Para llevar,2023-04-29
TXN_4639918,Sandwich,1,4.0,4.0,Nequi/Daviplata,ERROR,2023-11-05
TXN_6037144,Te,3,1.5,4.5,Efectivo,Para llevar,2023-09-02
TXN_3494014,Torta,1,3.0,3.0,Tarjeta Crédito,Restaurante,2023-06-09
TXN_3656884,Café,5,2.0,10.0,Tarjeta Crédito,,2023-10-08
TXN_2277013,Granizado,3,4.0,12.0,,,2023-07-26
TXN_5423636,Sandwich,4,4.0,16.0,Efectivo,DESCONOCIDO,2023-10-18
TXN_8040251,Café,1,2.0,2.0,Nequi/Daviplata,,2023-04-16
TXN_1635137,Torta,2,3.0,6.0,Efectivo,,2023-12-28
TXN_8411549,Te,4,,6.0,Tarjeta Crédito,Restaurante,2023-02-15
TXN_3747376,DESCONOCIDO,2,1.0,2.0,Nequi/Daviplata,Para llevar,2023-11-03
TXN_1503903,Te,1,1.5,1.5,Efectivo,Para llevar,2023-03-20
TXN_8606152,Granizado,5,4.0,20.0,Tarjeta Crédito,,2023-08-05
TXN_1260517,Granizado,5,4.0,20.0,Nequi/Daviplata,Para llevar,2023-04-17
TXN_6898368,Granizado,3,4.0,12.0,Nequi/Daviplata,,2023-05-01
TXN_2224251,Jugo,4,3.0,,Nequi/Daviplata,Para llevar,2023-04-14
TXN_4567429,Te,3,1.5,4.5,Efectivo,,2023-10-11
TXN_8622404,Galleta,3,1.0,DESCONOCIDO,,,2023-09-21
TXN_1152249,Granizado,3,4.0,ERROR,,Restaurante,2023-05-09
TXN_2989533,Ensalada,5,5.0,25.0,,Para llevar,2023-01-30
TXN_3734446,,5,2.0,10.0,Nequi/Daviplata,,2023-04-16
TXN_9517380,Te,4,DESCONOCIDO,6.0,Efectivo,,2023-10-29
TXN_3599216,ERROR,ERROR,1.5,1.5,Efectivo,Restaurante,2023-09-21
TXN_1363508,Ensalada,4,5.0,20.0,Efectivo,,2023-08-08
TXN_7969017,Te,3,1.5,4.5,Nequi/Daviplata,,2023-02-17
TXN_6987705,Galleta,5,1.0,5.0,Efectivo,,2023-06-04
TXN_8490157,Ensalada,2,5.0,10.0,Tarjeta Crédito,Restaurante,2023-09-06
TXN_7878395,Ensalada,3,5.0,15.0,Tarjeta Crédito,Restaurante,2023-05-26
TXN_1672632,,3,5.0,15.0,Nequi/Daviplata,,2023-07-04
TXN_9216314,Torta,1,3.0,3.0,Tarjeta Crédito,DESCONOCIDO,2023-03-07
TXN_1647144,Ensalada,2,DESCONOCIDO,10.0,,Para llevar,2023-08-29
TXN_4090464,Sandwich,5,4.0,20.0,Efectivo,Para llevar,2023-01-16
TXN_2172301,Galleta,4,1.0,4.0,Nequi/Daviplata,Para llevar,2023-04-06
TXN_3730077,Galleta,2,1.0,2.0,Tarjeta Crédito,,2023-07-08
TXN_8253046,Torta,1,3.0,3.0,ERROR,Restaurante,2023-12-20
TXN_2901304,Galleta,3,1.0,3.0,,ERROR,2023-07-01
TXN_6198799,Ensalada,1,ERROR,5.0,,,2023-05-27
TXN_9910573,Ensalada,2,5.0,,,Para llevar,2023-01-28
TXN_3680192,Ensalada,4,5.0,20.0,Nequi/Daviplata,Para llevar,2023-05-20
TXN_9268974,Sandwich,2,4.0,8.0,Nequi/Daviplata,Para llevar,2023-10-29
TXN_7435796,Café,2,2.0,4.0,Efectivo,Restaurante,2023-11-03
TXN_1882390,Galleta,1,1.0,1.0,,Para llevar,2023-05-22
TXN_2465074,Granizado,1,4.0,DESCONOCIDO,Nequi/Daviplata,,2023-09-29
TXN_8038871,Jugo,5,3.0,15.0,Nequi/Daviplata,,2023-06-09
TXN_1269172,Sandwich,1,4.0,4.0,Efectivo,,2023-08-22
TXN_4564556,Café,3,2.0,6.0,Tarjeta Crédito,,2023-11-21
TXN_8139533,Granizado,1,ERROR,4.0,Efectivo,Restaurante,2023-09-21
TXN_1998401,,1,4.0,4.0,Efectivo,,2023-09-17
TXN_9327493,DESCONOCIDO,1,2.0,2.0,,DESCONOCIDO,2023-03-27
TXN_7349319,Galleta,3,1.0,3.0,Nequi/Daviplata,,2023-03-10
TXN_7294526,Granizado,5,4.0,20.0,Nequi/Daviplata,Para llevar,2023-12-02
TXN_5618976,Café,2,2.0,4.0,Efectivo,Para llevar,2023-12-05
TXN_3964398,Torta,4,3.0,12.0,Tarjeta Crédito,Para llevar,2023-10-20
TXN_4372163,Sandwich,1,4.0,4.0,,,2023-03-10
TXN_7242133,Café,3,2.0,6.0,,DESCONOCIDO,2023-05-20
TXN_7083168,Galleta,4,1.0,4.0,,Para llevar,2023-06-01
TXN_5107006,DESCONOCIDO,4,1.0,4.0,,,2023-04-18
TXN_1210183,Te,3,1.5,4.5,ERROR,Restaurante,2023-01-23
TXN_3419352,Ensalada,3,5.0,15.0,Nequi/Daviplata,Restaurante,2023-10-22
TXN_1900036,Galleta,1,1.0,1.0,DESCONOCIDO,,2023-12-20
TXN_7497565,Galleta,4,1.0,4.0,,Para llevar,2023-10-07
TXN_6851735,DESCONOCIDO,1,1.0,1.0,Nequi/Daviplata,,2023-01-17
TXN_6716918,Café,2,2.0,4.0,,,2023-04-10
TXN_6654975,Ensalada,3,5.0,15.0,,Restaurante,2023-08-11
TXN_9184804,Galleta,2,DESCONOCIDO,2.0,Nequi/Daviplata,,2023-11-08
TXN_9100063,Sandwich,2,4.0,8.0,,Restaurante,2023-09-16
TXN_6202631,Te,2,1.5,3.0,Nequi/Daviplata,Para llevar,2023-07-29
TXN_1868447,Te,3,1.5,4.5,Efectivo,ERROR,2023-09-30
TXN_4726531,Ensalada,5,5.0,25.0,Efectivo,Para llevar,2023-09-09
TXN_8640655,Café,3,2.0,6.0,,DESCONOCIDO,2023-12-27
TXN_8377812,Te,2,1.5,3.0,Nequi/Daviplata,Restaurante,2023-03-27
TXN_2603561,Café,3,2.0,6.0,Nequi/Daviplata,,2023-04-25
TXN_9822173,Torta,5,3.0,15.0,Nequi/Daviplata,,2023-05-22
TXN_2163150,Ensalada,1,5.0,5.0,Efectivo,Restaurante,2023-08-25
TXN_2371464,Granizado,4,4.0,16.0,Efectivo,Restaurante,2023-09-20
TXN_3389521,Ensalada,5,ERROR,25.0,Nequi/Daviplata,,2023-02-10
TXN_8916290,Ensalada,5,5.0,25.0,Nequi/Daviplata,,2023-07-08
TXN_6130281,ERROR,2,4.0,8.0,Efectivo,,2023-01-18
TXN_2505416,Galleta,DESCONOCIDO,1.0,2.0,ERROR,DESCONOCIDO,2023-05-18
TXN_8275626,Café,2,2.0,4.0,,Para llevar,2023-09-10
TXN_9803409,Galleta,4,1.0,4.0,,Restaurante,2023-01-24
TXN_3094597,Sandwich,4,4.0,16.0,,,2023-03-11
TXN_5276842,Café,2,2.0,4.0,Nequi/Daviplata,Para llevar,2023-06-26
TXN_1367003,Ensalada,5,5.0,25.0,Efectivo,Restaurante,2023-11-10
TXN_1752992,DESCONOCIDO,3,2.0,6.0,,,2023-12-12
TXN_5716276,DESCONOCIDO,4,1.5,6.0,Nequi/Daviplata,,2023-09-12
TXN_5696844,Galleta,2,1.0,2.0,,Restaurante,2023-01-29
TXN_5672156,Galleta,2,,2.0,Tarjeta Crédito,Restaurante,2023-07-05
TXN_6480646,ERROR,2,1.5,3.0,,Para llevar,2023-10-28
TXN_1603051,ERROR,4,1.0,4.0,Tarjeta Crédito,Para llevar,2023-03-21
TXN_6293225,Torta,4,3.0,12.0,Efectivo,DESCONOCIDO,2023-07-02
TXN_6567880,Sandwich,5,DESCONOCIDO,20.0,Tarjeta Crédito,,2023-08-15
TXN_6355620,Galleta,1,DESCONOCIDO,1.0,Efectivo,,2023-06-18
TXN_3466686,Granizado,3,4.0,12.0,Nequi/Daviplata,Para llevar,2023-09-03
TXN_6064301,Galleta,1,1.0,1.0,Tarjeta Crédito,Para llevar,2023-07-12
TXN_5005674,Ensalada,4,5.0,20.0,Tarjeta Crédito,Restaurante,2023-10-03
TXN_1714471,Jugo,4,3.0,12.0,Efectivo,Para llevar,2023-08-17
TXN_5420062,DESCONOCIDO,4,5.0,20.0,Efectivo,Restaurante,2023-06-06
TXN_6377813,Ensalada,2,5.0,10.0,Tarjeta Crédito,,2023-08-07
TXN_3271393,Granizado,4,4.0,16.0,Efectivo,Restaurante,
TXN_2857444,Granizado,1,ERROR,ERROR,Efectivo,Para llevar,2023-05-10
TXN_1064565,Jugo,4,3.0,12.0,Nequi/Daviplata,Restaurante,2023-03-14
TXN_1784150,DESCONOCIDO,3,1.0,,,,2023-03-10
TXN_9104545,Jugo,2,3.0,6.0,Nequi/Daviplata,Para llevar,2023-03-19
TXN_2108125,Café,1,2.0,2.0,Tarjeta Crédito,Restaurante,2023-10-06
TXN_7795324,Ensalada,2,5.0,10.0,,,2023-06-28
TXN_1203191,Café,5,2.0,10.0,ERROR,Restaurante,2023-10-12
TXN_8743849,Jugo,2,3.0,6.0,Nequi/Daviplata,Para llevar,2023-05-04
TXN_8588231,Torta,4,3.0,12.0,,Para llevar,2023-09-02
TXN_6324818,Ensalada,5,5.0,25.0,,,2023-06-26
TXN_4536827,Galleta,3,,3.0,Nequi/Daviplata,Para llevar,2023-10-14
TXN_6226704,,4,2.0,8.0,Nequi/Daviplata,Restaurante,2023-09-07
TXN_2693108,Galleta,3,1.0,ERROR,Efectivo,Restaurante,2023-11-18
TXN_6234070,Granizado,2,4.0,8.0,Tarjeta Crédito,Para llevar,2023-01-31
TXN_9816901,Café,2,2.0,4.0,Efectivo,ERROR,2023-12-07
TXN_9489495,Café,1,2.0,2.0,Tarjeta Crédito,,2023-05-20
TXN_7637178,Café,3,2.0,6.0,Nequi/Daviplata,Para llevar,2023-05-26
TXN_1281536,Granizado,5,4.0,20.0,Nequi/Daviplata,Restaurante,2023-03-19
TXN_2591969,Ensalada,ERROR,5.0,20.0,Tarjeta Crédito,Restaurante,ERROR
TXN_8736069,Te,5,1.5,7.5,Efectivo,Para llevar,2023-07-06
TXN_7975336,Te,5,1.5,DESCONOCIDO,Tarjeta Crédito,Para llevar,2023-12-03
TXN_9278090,Torta,5,3.0,15.0,Tarjeta Crédito,,2023-12-28
TXN_8939048,Galleta,3,1.0,3.0,Nequi/Daviplata,,
TXN_1193809,Te,3,1.5,4.5,Nequi/Daviplata,,2023-01-21
TXN_9281710,Jugo,3,3.0,9.0,Tarjeta Crédito,Restaurante,2023-08-05
TXN_3784001,Sandwich,1,4.0,4.0,,Para llevar,
TXN_3291149,Café,5,2.0,10.0,,,2023-12-09
TXN_3596270,Café,DESCONOCIDO,2.0,8.0,Tarjeta Crédito,Para llevar,2023-05-05
TXN_8172182,Torta,2,3.0,6.0,,,2023-06-22
TXN_3902135,Te,4,1.5,6.0,Tarjeta Crédito,ERROR,2023-06-20
TXN_9007414,Torta,3,3.0,9.0,Efectivo,,2023-12-08
TXN_9131337,Sandwich,4,4.0,16.0,Tarjeta Crédito,Para llevar,2023-05-24
TXN_2278015,Te,2,1.5,3.0,Nequi/Daviplata,Restaurante,2023-04-10
TXN_1077060,Café,3,2.0,6.0,,Para llevar,2023-08-22
TXN_9362728,Sandwich,1,4.0,4.0,,Restaurante,2023-12-26
TXN_6471185,Jugo,DESCONOCIDO,3.0,15.0,,Restaurante,2023-03-17
TXN_5677927,DESCONOCIDO,5,5.0,25.0,Nequi/Daviplata,,2023-12-20
TXN_6177081,Galleta,ERROR,DESCONOCIDO,1.0,Efectivo,ERROR,2023-07-26
TXN_9281586,Sandwich,5,4.0,20.0,,ERROR,2023-05-20
TXN_8721484,ERROR,4,2.0,8.0,,DESCONOCIDO,2023-04-03
TXN_9350427,Jugo,5,3.0,15.0,,,2023-01-24
TXN_7860054,Te,5,1.5,7.5,Tarjeta Crédito,Restaurante,2023-02-07
TXN_9233730,Te,5,1.5,7.5,Tarjeta Crédito,,2023-05-28
TXN_8304399,Te,2,1.5,3.0,Efectivo,Restaurante,2023-06-08
TXN_1538515,Jugo,4,3.0,12.0,Efectivo,,2023-06-11
TXN_9774251,,2,3.0,6.0,Nequi/Daviplata,Para llevar,2023-06-16
TXN_4565233,Ensalada,3,5.0,15.0,Tarjeta Crédito,Restaurante,2023-11-16
TXN_6898341,Te,2,1.5,3.0,Tarjeta Crédito,Restaurante,2023-08-21
TXN_1016246,Café,1,2.0,2.0,ERROR,,2023-01-19
TXN_9160109,Torta,1,3.0,3.0,Tarjeta Crédito,,2023-08-03
TXN_1082012,Granizado,5,4.0,20.0,Tarjeta Crédito,,2023-01-04
TXN_8325464,DESCONOCIDO,5,4.0,20.0,Tarjeta Crédito,Para llevar,2023-08-02
TXN_7322436,Sandwich,3,4.0,12.0,Nequi/Daviplata,Restaurante,2023-06-29
TXN_1733916,Sandwich,4,4.0,16.0,Nequi/Daviplata,Restaurante,2023-01-12
TXN_6068564,Torta,4,3.0,,Tarjeta Crédito,Para llevar,2023-09-28
TXN_7023753,Café,ERROR,2.0,10.0,Tarjeta Crédito,Para llevar,2023-05-16
TXN_4507630,Granizado,2,4.0,8.0,DESCONOCIDO,Para llevar,2023-05-11
TXN_5037728,Granizado,DESCONOCIDO,4.0,12.0,Tarjeta Crédito,ERROR,2023-08-18
TXN_4577234,DESCONOCIDO,4,3.0,12.0,DESCONOCIDO,Restaurante,2023-06-09
TXN_6309570,Granizado,1,4.0,4.0,Nequi/Daviplata,Restaurante,2023-09-26
TXN_7587652,DESCONOCIDO,1,3.0,3.0,Efectivo,,2023-08-23
TXN_1118799,ERROR,4,4.0,,Tarjeta Crédito,Para llevar,2023-09-19
TXN_5738282,Torta,4,3.0,12.0,Tarjeta Crédito,Restaurante,DESCONOCIDO
TXN_8192063,Jugo,4,3.0,12.0,Efectivo,,2023-02-06
TXN_2687593,DESCONOCIDO,5,3.0,15.0,,Para llevar,2023-06-27
TXN_1603563,Torta,4,3.0,12.0,,Para llevar,2023-04-13
TXN_6346483,Café,1,2.0,2.0,Tarjeta Crédito,,2023-06-08
TXN_3499910,Galleta,4,1.0,4.0,Tarjeta Crédito,Para llevar,2023-09-29
TXN_8616276,DESCONOCIDO,2,DESCONOCIDO,3.0,Nequi/Daviplata,Para llevar,2023-07-22
TXN_5941840,Galleta,4,1.0,4.0,,,2023-04-01
TXN_6249023,Jugo,1,3.0,3.0,Tarjeta Crédito,,2023-11-03
TXN_8620426,Galleta,3,1.0,3.0,Tarjeta Crédito,Para llevar,2023-11-28
TXN_2037742,Torta,4,3.0,12.0,Nequi/Daviplata,Restaurante,2023-11-14
TXN_7013527,Ensalada,2,5.0,10.0,Tarjeta Crédito,Restaurante,2023-05-18
TXN_2798420,Te,5,1.5,7.5,Nequi/Daviplata,Para llevar,2023-03-17
TXN_6500126,Granizado,2,DESCONOCIDO,DESCONOCIDO,,DESCONOCIDO,
TXN_8106064,Galleta,DESCONOCIDO,1.0,1.0,,,2023-06-17
TXN_5483442,Te,DESCONOCIDO,1.5,7.5,Efectivo,,2023-04-03
TXN_3926570,Café,3,2.0,6.0,,DESCONOCIDO,2023-09-04
TXN_9489442,,3,2.0,6.0,Tarjeta Crédito,Para llevar,2023-02-06
TXN_5506907,Galleta,2,1.0,2.0,Efectivo,Para llevar,2023-12-08
TXN_8155325,,5,2.0,10.0,Nequi/Daviplata,Restaurante,2023-11-27
TXN_5353468,Te,2,1.5,3.0,Tarjeta Crédito,Restaurante,2023-11-30
TXN_2111293,Granizado,3,4.0,12.0,,Para llevar,2023-05-29
TXN_2101632,Sandwich,4,4.0,16.0,,Para llevar,2023-06-12
TXN_3355537,Te,3,1.5,4.5,Nequi/Daviplata,ERROR,2023-01-09
TXN_4594866,Galleta,1,1.0,1.0,Nequi/Daviplata,ERROR,2023-03-24
TXN_7485712,Sandwich,4,4.0,16.0,Efectivo,Restaurante,2023-04-15
TXN_4848431,Ensalada,5,5.0,25.0,Tarjeta Crédito,,2023-01-09
TXN_7352058,Café,2,2.0,4.0,DESCONOCIDO,Para llevar,2023-08-24
TXN_3442244,Torta,4,3.0,12.0,,Para llevar,2023-05-13
TXN_9810868,Galleta,1,1.0,1.0,Tarjeta Crédito,Para llevar,2023-10-05
TXN_1430778,,1,1.5,1.5,Tarjeta Crédito,Para llevar,2023-05-26
TXN_4837909,Torta,5,3.0,15.0,,Para llevar,2023-11-19
TXN_4722816,Ensalada,4,5.0,20.0,Efectivo,Restaurante,2023-10-19
TXN_1833012,Ensalada,3,5.0,15.0,Nequi/Daviplata,,2023-08-16
TXN_6933222,Te,1,1.5,1.5,Efectivo,,2023-01-22
TXN_7737862,Galleta,2,1.0,2.0,Tarjeta Crédito,,2023-08-29
TXN_7814690,Granizado,1,4.0,4.0,Tarjeta Crédito,Para llevar,2023-05-10
TXN_8880299,DESCONOCIDO,1,1.5,1.5,DESCONOCIDO,,2023-11-16
TXN_6083650,Café,2,2.0,4.0,Nequi/Daviplata,Para llevar,2023-07-01
TXN_8342990,Te,1,1.5,1.5,Nequi/Daviplata,Para llevar,2023-04-23
TXN_4407959,Te,1,1.5,1.5,Nequi/Daviplata,Para llevar,2023-01-28
TXN_4382970,Te,,1.5,1.5,,Restaurante,2023-06-04
TXN_3422759,Ensalada,5,5.0,25.0,Tarjeta Crédito,Para llevar,2023-02-19
TXN_1074435,Café,1,2.0,2.0,,Restaurante,2023-11-25
TXN_8164332,Te,4,1.5,6.0,Efectivo,Para llevar,2023-04-22
TXN_1912525,ERROR,4,4.0,16.0,Efectivo,Para llevar,2023-11-25
TXN_9715885,Granizado,4,4.0,16.0,DESCONOCIDO,Restaurante,2023-06-16
TXN_1583983,Te,3,1.5,4.5,Tarjeta Crédito,,2023-03-02
TXN_3634860,Jugo,5,3.0,15.0,Tarjeta Crédito,,2023-05-28
TXN_5732357,Te,5,1.5,7.5,Tarjeta Crédito,,2023-05-06
TXN_2379052,DESCONOCIDO,1,5.0,5.0,,,2023-02-16
TXN_7502273,DESCONOCIDO,5,2.0,10.0,DESCONOCIDO,Restaurante,2023-11-14
TXN_2567222,Café,3,2.0,6.0,DESCONOCIDO,Para llevar,2023-09-09
TXN_3166181,Galleta,3,1.0,3.0,Tarjeta Crédito,Restaurante,2023-05-21
TXN_5644074,Sandwich,2,,8.0,Nequi/Daviplata,Restaurante,2023-11-08
TXN_5173881,Galleta,3,1.0,3.0,Efectivo,Para llevar,2023-01-29
TXN_2396923,Galleta,1,ERROR,1.0,Nequi/Daviplata,,2023-11-02
TXN_7249235,ERROR,3,4.0,12.0,Efectivo,ERROR,2023-05-27
TXN_9612877,Granizado,1,4.0,4.0,Efectivo,Restaurante,2023-03-07
TXN_4841285,Te,2,1.5,3.0,Tarjeta Crédito,DESCONOCIDO,2023-05-04
TXN_1263426,Sandwich,2,DESCONOCIDO,8.0,,DESCONOCIDO,2023-10-20
TXN_5293518,Sandwich,3,,12.0,,Restaurante,2023-07-16
TXN_4296204,Ensalada,5,5.0,25.0,Nequi/Daviplata,Restaurante,2023-11-28
TXN_7180164,Sandwich,ERROR,4.0,20.0,Efectivo,Para llevar,2023-01-05
TXN_6478978,Jugo,3,3.0,9.0,Tarjeta Crédito,Para llevar,2023-10-27
TXN_2030107,Jugo,4,3.0,12.0,,Para llevar,2023-01-03
TXN_4897182,Torta,3,3.0,9.0,Efectivo,Para llevar,2023-11-26
TXN_4612269,Ensalada,5,,25.0,,ERROR,2023-01-09
TXN_7630750,Jugo,2,3.0,6.0,Nequi/Daviplata,Restaurante,2023-03-16
TXN_6380978,Te,1,1.5,1.5,Efectivo,,2023-12-31
TXN_3744974,DESCONOCIDO,1,3.0,3.0,,Restaurante,2023-01-09
TXN_7551023,Ensalada,5,5.0,25.0,Efectivo,,2023-10-06
TXN_2629168,Jugo,1,3.0,3.0,Tarjeta Crédito,,
TXN_6416741,Café,ERROR,2.0,8.0,Efectivo,,2023-12-03
TXN_1269252,Torta,1,3.0,3.0,Nequi/Daviplata,Para llevar,2023-07-18
TXN_2377708,Galleta,1,1.0,1.0,,Para llevar,2023-01-03
TXN_3193212,Torta,1,3.0,3.0,Efectivo,Restaurante,2023-11-23
TXN_1427963,Café,1,2.0,2.0,Efectivo,,2023-10-14
TXN_3391446,Te,1,1.5,1.5,,Para llevar,2023-01-14
TXN_4849180,DESCONOCIDO,5,,15.0,Tarjeta Crédito,Restaurante,2023-10-14
TXN_2370338,Torta,4,3.0,12.0,Tarjeta Crédito,Para llevar,2023-10-30
TXN_8628848,Jugo,1,3.0,3.0,Tarjeta Crédito,Restaurante,2023-01-29
TXN_4294955,Ensalada,5,5.0,25.0,DESCONOCIDO,DESCONOCIDO,2023-10-19
TXN_6894703,Galleta,1,1.0,1.0,Nequi/Daviplata,,2023-06-06
TXN_9926931,Galleta,5,1.0,,,Para llevar,2023-01-26
TXN_9681369,Ensalada,5,5.0,25.0,,,2023-10-23
TXN_9246948,Torta,5,3.0,15.0,Tarjeta Crédito,,2023-11-11
TXN_8519330,Galleta,4,1.0,4.0,,,2023-03-18
TXN_1720329,Galleta,2,1.0,DESCONOCIDO,Efectivo,,2023-04-06
TXN_9859715,Granizado,5,4.0,20.0,,,2023-07-11
TXN_2805332,Torta,4,3.0,12.0,Efectivo,,2023-08-10
TXN_4807265,Sandwich,3,4.0,12.0,Nequi/Daviplata,ERROR,2023-11-19
TXN_5275315,Granizado,2,4.0,8.0,Nequi/Daviplata,Restaurante,2023-01-19
TXN_7423281,Jugo,1,3.0,3.0,Nequi/Daviplata,,2023-06-01
TXN_9764251,Galleta,4,1.0,4.0,ERROR,Para llevar,2023-06-18
TXN_1034956,Sandwich,4,4.0,16.0,Efectivo,Restaurante,ERROR
TXN_9272043,Torta,4,3.0,12.0,,,2023-04-20
TXN_5591048,DESCONOCIDO,3,2.0,6.0,,Restaurante,2023-01-15
TXN_4455667,Sandwich,2,4.0,8.0,Tarjeta Crédito,,2023-08-13
TXN_9945729,,2,5.0,10.0,Nequi/Daviplata,,2023-02-03
TXN_8124663,Sandwich,2,4.0,8.0,Tarjeta Crédito,Para llevar,2023-10-15
TXN_1769466,DESCONOCIDO,5,2.0,10.0,Nequi/Daviplata,Para llevar,2023-08-01
TXN_3209184,Ensalada,ERROR,5.0,20.0,Efectivo,Para llevar,2023-03-19
TXN_6717074,Te,3,1.5,4.5,Nequi/Daviplata,Para llevar,2023-06-12
TXN_2833327,DESCONOCIDO,3,2.0,6.0,Efectivo,,2023-07-05
TXN_3856021,Ensalada,1,5.0,5.0,Tarjeta Crédito,,2023-02-24
TXN_2902289,Te,5,1.5,7.5,Tarjeta Crédito,Restaurante,2023-12-16
TXN_9456575,Te,5,1.5,7.5,Efectivo,,2023-06-10
TXN_9231214,Te,4,1.5,6.0,Nequi/Daviplata,Para llevar,2023-05-24
TXN_6935106,Te,5,1.5,7.5,,Restaurante,DESCONOCIDO
TXN_2005789,Jugo,3,3.0,9.0,Tarjeta Crédito,Para llevar,2023-03-13
TXN_4814965,Ensalada,2,5.0,10.0,Nequi/Daviplata,,2023-07-23
TXN_5656252,Sandwich,4,4.0,16.0,,Para llevar,2023-08-04
TXN_6739950,Ensalada,ERROR,5.0,20.0,Tarjeta Crédito,Restaurante,2023-03-04
TXN_1165762,,3,2.0,6.0,Tarjeta Crédito,,2023-10-22
TXN_1122700,Ensalada,5,5.0,ERROR,Nequi/Daviplata,Restaurante,2023-11-09
TXN_6441337,Café,5,2.0,10.0,ERROR,Para llevar,2023-02-22
TXN_9134335,Torta,3,3.0,9.0,Nequi/Daviplata,Para llevar,2023-01-30
TXN_7278970,Ensalada,2,5.0,10.0,,Restaurante,2023-08-15
TXN_7376255,DESCONOCIDO,DESCONOCIDO,DESCONOCIDO,25.0,,Restaurante,2023-05-27
TXN_1075969,Galleta,2,1.0,2.0,Nequi/Daviplata,ERROR,2023-08-13
TXN_1972843,Café,2,2.0,4.0,ERROR,ERROR,2023-02-20
TXN_9546951,Sandwich,4,4.0,16.0,,,2023-12-14
TXN_2336946,Sandwich,4,4.0,16.0,,,2023-05-29
TXN_4219548,Café,5,2.0,10.0,,Para llevar,2023-07-24
TXN_5799196,Sandwich,3,4.0,12.0,Nequi/Daviplata,,2023-12-03
TXN_3337203,Granizado,3,4.0,12.0,,Para llevar,2023-11-16
TXN_4561006,Jugo,3,3.0,9.0,Tarjeta Crédito,,2023-11-23
TXN_6652858,Ensalada,5,5.0,25.0,Tarjeta Crédito,Restaurante,2023-09-13
TXN_5932892,Jugo,4,3.0,12.0,Nequi/Daviplata,Restaurante,2023-11-19
TXN_7466586,Ensalada,4,5.0,20.0,Nequi/Daviplata,Para llevar,2023-04-02
TXN_4207981,Granizado,1,4.0,4.0,Nequi/Daviplata,Restaurante,2023-03-17
TXN_2771482,Ensalada,4,5.0,20.0,Tarjeta Crédito,,2023-02-03
TXN_9450903,Granizado,3,4.0,12.0,Nequi/Daviplata,,2023-04-07
TXN_1165779,Galleta,4,1.0,4.0,Nequi/Daviplata,Para llevar,2023-06-30
TXN_8205635,Torta,5,3.0,15.0,Tarjeta Crédito,ERROR,
TXN_1984966,,2,1.5,3.0,Tarjeta Crédito,Para llevar,2023-03-31
TXN_4607933,Granizado,2,4.0,8.0,Tarjeta Crédito,Restaurante,2023-09-22
TXN_3486178,Torta,5,3.0,15.0,Efectivo,,2023-06-09
TXN_2324227,Galleta,1,1.0,1.0,Nequi/Daviplata,Restaurante,2023-06-07
TXN_2452819,Galleta,3,1.0,3.0,Tarjeta Crédito,Restaurante,2023-07-31
TXN_2342256,Te,3,1.5,4.5,,,
TXN_4789193,Jugo,3,3.0,9.0,,,2023-02-21
TXN_5743519,Granizado,2,4.0,,Efectivo,,2023-05-23
TXN_1783857,Café,2,DESCONOCIDO,4.0,Nequi/Daviplata,Restaurante,2023-11-29
TXN_6269540,ERROR,ERROR,4.0,12.0,,,2023-12-06
TXN_8106538,Café,3,DESCONOCIDO,6.0,Nequi/Daviplata,,2023-07-09
TXN_6732494,Café,2,2.0,4.0,Tarjeta Crédito,Para llevar,2023-03-18
TXN_3828620,ERROR,1,5.0,5.0,,Restaurante,2023-10-15
TXN_9958548,Te,4,1.5,6.0,,Restaurante,DESCONOCIDO
TXN_5458161,Sandwich,1,4.0,4.0,Nequi/Daviplata,Para llevar,2023-07-19
TXN_1518379,Jugo,4,3.0,12.0,,Restaurante,2023-08-12
TXN_9097840,Te,3,1.5,4.5,Tarjeta Crédito,,2023-02-06
TXN_5747094,Jugo,2,3.0,6.0,Nequi/Daviplata,Para llevar,2023-05-11
TXN_9782087,Sandwich,4,4.0,16.0,Tarjeta Crédito,Restaurante,2023-07-27
TXN_5824950,Café,1,2.0,2.0,Tarjeta Crédito,Restaurante,2023-12-06
TXN_6682782,Galleta,5,1.0,5.0,Efectivo,Restaurante,2023-12-15
TXN_2468359,,2,5.0,10.0,,,2023-07-20
TXN_1902038,DESCONOCIDO,4,2.0,8.0,Tarjeta Crédito,Para llevar,2023-04-07
TXN_9405019,Torta,5,3.0,15.0,,,
TXN_7210366,Torta,2,3.0,6.0,Nequi/Daviplata,DESCONOCIDO,2023-03-25
TXN_6327785,ERROR,3,1.5,4.5,Tarjeta Crédito,,2023-11-20
TXN_3206293,Galleta,5,1.0,5.0,Nequi/Daviplata,Para llevar,2023-05-04
TXN_5827969,Ensalada,5,5.0,25.0,Nequi/Daviplata,,2023-07-03
TXN_6999471,,1,3.0,3.0,,,2023-08-07
TXN_2859077,Granizado,3,4.0,12.0,Nequi/Daviplata,Para llevar,2023-01-31
TXN_3643361,Te,1,1.5,,Efectivo,,2023-01-12
TXN_8066306,Torta,5,3.0,15.0,Nequi/Daviplata,Para llevar,2023-01-07
TXN_2260351,Café,3,2.0,6.0,Efectivo,,2023-10-26
TXN_5224275,Galleta,4,1.0,4.0,Tarjeta Crédito,Restaurante,2023-12-17
TXN_3842567,Ensalada,1,5.0,5.0,Tarjeta Crédito,Restaurante,2023-03-13
TXN_8515063,DESCONOCIDO,3,1.0,3.0,,Para llevar,2023-12-06
TXN_2188137,DESCONOCIDO,1,1.5,1.5,Tarjeta Crédito,DESCONOCIDO,2023-01-15
TXN_3104589,ERROR,2,1.0,2.0,Efectivo,Para llevar,2023-03-01
TXN_9638367,Café,1,2.0,2.0,DESCONOCIDO,,2023-07-22
TXN_8742742,Torta,4,3.0,12.0,,DESCONOCIDO,2023-03-07
TXN_5687012,Ensalada,2,5.0,10.0,Efectivo,,2023-03-12
TXN_5784372,Ensalada,2,ERROR,10.0,Efectivo,,2023-05-23
TXN_2737300,Torta,ERROR,3.0,3.0,,Restaurante,2023-12-25
TXN_5905025,Galleta,4,1.0,4.0,,Para llevar,2023-03-08
TXN_6602557,Torta,4,3.0,12.0,Efectivo,Para llevar,2023-02-06
TXN_8065180,Granizado,5,4.0,20.0,Nequi/Daviplata,Para llevar,2023-06-07
TXN_4448424,Ensalada,4,,20.0,Nequi/Daviplata,,2023-01-31
TXN_3396099,Café,1,2.0,2.0,Nequi/Daviplata,Restaurante,2023-04-06
TXN_2693431,Ensalada,2,5.0,10.0,Nequi/Daviplata,,2023-05-20
TXN_7767493,Sandwich,5,4.0,20.0,Tarjeta Crédito,Restaurante,2023-02-20
TXN_2954575,Te,2,1.5,3.0,Nequi/Daviplata,Para llevar,2023-11-14
TXN_8983868,DESCONOCIDO,5,2.0,10.0,Tarjeta Crédito,,2023-03-10
TXN_3540841,ERROR,,1.5,4.5,Tarjeta Crédito,Restaurante,2023-03-22
TXN_8933027,Jugo,5,3.0,15.0,Tarjeta Crédito,,2023-07-14
TXN_5763287,Torta,2,,6.0,Tarjeta Crédito,,2023-06-27
TXN_7272945,Granizado,4,4.0,16.0,,Para llevar,2023-04-13
TXN_8511110,Te,3,1.5,4.5,,,2023-10-17
TXN_9307650,Café,3,2.0,6.0,DESCONOCIDO,Para llevar,2023-02-22
TXN_1812185,Jugo,2,3.0,6.0,Nequi/Daviplata,,2023-09-21
TXN_2134650,Jugo,4,3.0,12.0,Nequi/Daviplata,Para llevar,2023-02-11
TXN_7899761,Jugo,2,3.0,6.0,DESCONOCIDO,Restaurante,2023-10-08
TXN_6785552,Jugo,5,3.0,15.0,Efectivo,,2023-01-19
TXN_8794205,Torta,4,3.0,12.0,Tarjeta Crédito,Para llevar,2023-10-22
TXN_2464879,Torta,2,3.0,6.0,Tarjeta Crédito,,2023-10-11
TXN_8294790,Galleta,1,1.0,1.0,Nequi/Daviplata,Para llevar,2023-09-01
TXN_4207219,Torta,1,3.0,3.0,Efectivo,Restaurante,2023-09-16
TXN_1921415,Torta,1,3.0,3.0,Efectivo,Para llevar,2023-11-03
TXN_7122109,Café,5,2.0,10.0,,Para llevar,2023-05-19
TXN_3601338,Torta,3,3.0,9.0,Tarjeta Crédito,ERROR,2023-03-06
TXN_7403839,Café,1,2.0,2.0,,,2023-12-23
TXN_3709876,Café,1,2.0,2.0,Tarjeta Crédito,Para llevar,2023-11-04
TXN_6063689,Galleta,3,1.0,3.0,Efectivo,Restaurante,2023-02-01
TXN_8126762,Café,5,2.0,10.0,Nequi/Daviplata,Para llevar,2023-06-08
TXN_5940531,Te,1,1.5,1.5,,Restaurante,2023-01-11
TXN_9844453,Te,2,1.5,3.0,,,2023-01-09
TXN_5774784,Torta,5,3.0,15.0,,Restaurante,2023-10-04
TXN_6241682,Sandwich,3,4.0,12.0,,Restaurante,2023-09-07
TXN_1235828,Te,4,1.5,6.0,Efectivo,Para llevar,2023-02-19
TXN_9206403,Galleta,1,1.0,1.0,,Restaurante,2023-12-15
TXN_8377178,Café,5,2.0,10.0,,,2023-02-03
TXN_8125141,Te,3,1.5,4.5,,Para llevar,2023-04-18
TXN_9673343,,2,4.0,8.0,Efectivo,Restaurante,2023-06-22
TXN_8734331,,3,1.5,4.5,,,2023-05-17
TXN_9565246,Café,5,2.0,10.0,Efectivo,DESCONOCIDO,2023-12-28
TXN_9914747,Café,5,2.0,10.0,,,2023-12-05
TXN_6148776,Café,5,2.0,,,Para llevar,2023-03-02
TXN_4992510,Galleta,4,1.0,4.0,Efectivo,Restaurante,2023-01-26
TXN_8384806,Sandwich,3,DESCONOCIDO,12.0,,Para llevar,2023-07-07
TXN_6472826,Jugo,4,3.0,12.0,Efectivo,Restaurante,2023-04-11
TXN_8131052,Galleta,1,1.0,1.0,Tarjeta Crédito,Para llevar,2023-09-16
TXN_8425819,Sandwich,1,4.0,4.0,,,2023-01-09
TXN_8116619,Granizado,3,4.0,12.0,Efectivo,Restaurante,DESCONOCIDO
TXN_6636395,Jugo,4,3.0,12.0,Efectivo,Restaurante,2023-01-30
TXN_2137354,Café,2,2.0,4.0,,DESCONOCIDO,2023-05-17
TXN_3353615,Café,4,2.0,8.0,Tarjeta Crédito,Para llevar,2023-07-24
TXN_2703095,Ensalada,1,5.0,5.0,,DESCONOCIDO,2023-10-05
TXN_7282082,Sandwich,4,4.0,16.0,,Restaurante,2023-02-02
TXN_6705109,Torta,3,3.0,9.0,Efectivo,Restaurante,2023-08-05
TXN_1857902,Sandwich,5,4.0,20.0,ERROR,Para llevar,2023-04-26
TXN_5788053,Sandwich,5,4.0,20.0,Nequi/Daviplata,,2023-01-04
TXN_8650185,Granizado,5,4.0,20.0,Efectivo,,2023-06-13
TXN_1171281,Café,2,2.0,4.0,Nequi/Daviplata,,2023-02-06
TXN_9875865,Galleta,3,1.0,,Nequi/Daviplata,ERROR,2023-10-23
TXN_6244602,Torta,5,3.0,15.0,Nequi/Daviplata,,2023-05-06
TXN_5093855,,4,ERROR,6.0,Efectivo,Para llevar,2023-11-23
TXN_5588102,ERROR,4,1.0,4.0,Tarjeta Crédito,Restaurante,2023-01-14
TXN_7762815,Granizado,5,4.0,20.0,Tarjeta Crédito,,2023-07-26
TXN_8421481,Café,4,2.0,8.0,Nequi/Daviplata,Para llevar,2023-07-27
TXN_3717307,Galleta,,1.0,1.0,Tarjeta Crédito,Restaurante,2023-07-02
TXN_6201227,Ensalada,2,5.0,10.0,Efectivo,Para llevar,2023-01-15
TXN_9052231,Sandwich,1,4.0,4.0,Tarjeta Crédito,Restaurante,2023-08-20
TXN_8228865,Jugo,3,3.0,9.0,Nequi/Daviplata,Restaurante,2023-09-19
TXN_5875188,Ensalada,3,5.0,15.0,Nequi/Daviplata,Restaurante,2023-07-09
TXN_7997704,Sandwich,2,4.0,,Nequi/Daviplata,,2023-04-28
TXN_4409875,Torta,3,3.0,9.0,Nequi/Daviplata,,2023-09-08
TXN_4015427,Galleta,5,1.0,5.0,Tarjeta Crédito,,2023-08-05
TXN_3358787,Torta,1,3.0,3.0,Nequi/Daviplata,,2023-06-10
TXN_8557847,,4,4.0,16.0,,Para llevar,2023-09-02
TXN_1307239,Café,1,2.0,2.0,Nequi/Daviplata,Para llevar,2023-10-26
TXN_5138519,Torta,5,3.0,15.0,Efectivo,Restaurante,2023-05-22
TXN_8763436,Jugo,4,3.0,12.0,Efectivo,,2023-04-11
TXN_3067609,DESCONOCIDO,4,5.0,,Efectivo,,2023-12-25
TXN_2450896,Granizado,1,4.0,4.0,Nequi/Daviplata,Para llevar,
TXN_4052950,Ensalada,2,5.0,10.0,Tarjeta Crédito,DESCONOCIDO,2023-03-13
TXN_2207332,Café,1,2.0,2.0,Tarjeta Crédito,,2023-01-12
TXN_6633385,ERROR,2,3.0,6.0,Tarjeta Crédito,Para llevar,2023-02-12
TXN_8302551,Torta,4,3.0,12.0,,,
TXN_6710660,Ensalada,2,5.0,10.0,Efectivo,Restaurante,2023-02-08
TXN_9523369,Café,3,2.0,6.0,Nequi/Daviplata,Para llevar,2023-08-25
TXN_3548756,Jugo,3,3.0,9.0,Nequi/Daviplata,,2023-02-24
TXN_9332035,Galleta,2,1.0,2.0,Nequi/Daviplata,,2023-11-02
TXN_7539774,Ensalada,1,ERROR,5.0,,Restaurante,2023-02-12
TXN_7846513,Sandwich,3,4.0,12.0,Tarjeta Crédito,,2023-10-19
TXN_6188931,Torta,5,3.0,15.0,Nequi/Daviplata,Restaurante,2023-01-28
TXN_6707466,Ensalada,,5.0,10.0,Tarjeta Crédito,,2023-04-02
TXN_4076392,Café,3,2.0,6.0,,Restaurante,2023-12-24
TXN_2365394,Torta,2,3.0,6.0,Nequi/Daviplata,Restaurante,2023-04-06
TXN_7089466,Galleta,4,1.0,4.0,,,2023-12-26
TXN_2898188,Ensalada,4,5.0,20.0,Nequi/Daviplata,Para llevar,2023-04-26
TXN_1632205,Galleta,4,1.0,4.0,ERROR,Restaurante,2023-02-04
TXN_3741197,Torta,4,3.0,12.0,Tarjeta Crédito,,2023-10-13
TXN_5300938,Te,5,1.5,7.5,Efectivo,Para llevar,2023-10-30
TXN_3547013,Te,3,1.5,4.5,,DESCONOCIDO,2023-04-26
TXN_7705748,Jugo,3,3.0,9.0,Nequi/Daviplata,,2023-07-14
TXN_7469391,Café,5,2.0,10.0,Efectivo,Restaurante,DESCONOCIDO
TXN_8073173,Te,5,1.5,7.5,Efectivo,,2023-07-05
TXN_1489746,Galleta,3,1.0,3.0,Nequi/Daviplata,Restaurante,2023-12-18
TXN_2864951,Te,5,1.5,7.5,Tarjeta Crédito,Para llevar,2023-10-09
TXN_6817889,Te,1,1.5,1.5,,,2023-10-04
TXN_7809825,DESCONOCIDO,2,4.0,8.0,Tarjeta Crédito,,2023-08-26
TXN_7402573,Sandwich,4,4.0,DESCONOCIDO,,Para llevar,2023-02-13
TXN_4762520,Granizado,1,4.0,4.0,Efectivo,Para llevar,2023-07-17
TXN_6869880,Jugo,4,3.0,12.0,Nequi/Daviplata,Para llevar,2023-08-05
TXN_3054405,Jugo,3,3.0,9.0,Efectivo,Restaurante,2023-11-19
TXN_2085992,Torta,1,3.0,3.0,,Para llevar,2023-05-15
TXN_1443201,Galleta,5,1.0,5.0,Tarjeta Crédito,Restaurante,2023-10-03
TXN_9157460,Torta,4,3.0,12.0,Nequi/Daviplata,Para llevar,2023-01-23
TXN_2299364,Ensalada,1,5.0,5.0,Efectivo,Restaurante,2023-10-26
TXN_9948645,Ensalada,1,5.0,5.0,Tarjeta Crédito,,2023-08-29
TXN_8244640,Galleta,1,1.0,1.0,ERROR,Para llevar,2023-09-24
TXN_9507568,Granizado,4,4.0,16.0,Tarjeta Crédito,,2023-10-12
TXN_7952916,Café,4,2.0,8.0,,,2023-12-10
TXN_1058927,Sandwich,4,4.0,16.0,Efectivo,,2023-07-08
TXN_2165365,Café,5,,10.0,Nequi/Daviplata,Para llevar,2023-06-08
TXN_4497327,Galleta,2,1.0,2.0,Tarjeta Crédito,DESCONOCIDO,2023-11-08
TXN_3677890,Sandwich,DESCONOCIDO,4.0,12.0,Tarjeta Crédito,Restaurante,2023-02-28
TXN_6029333,Torta,1,3.0,3.0,,,2023-06-10
TXN_9300970,Torta,2,3.0,6.0,Tarjeta Crédito,Para llevar,2023-03-06
TXN_3931747,,4,1.0,4.0,,Para llevar,2023-01-14
TXN_5747642,Ensalada,2,5.0,10.0,Efectivo,Para llevar,2023-07-26
TXN_1505875,Granizado,4,4.0,16.0,Efectivo,Para llevar,2023-05-17
TXN_5417192,Galleta,4,1.0,4.0,Efectivo,Restaurante,2023-06-23
TXN_1522140,Galleta,4,1.0,4.0,Efectivo,,2023-05-28
TXN_5357157,Jugo,4,3.0,12.0,Tarjeta Crédito,Restaurante,2023-05-21
TXN_2000400,Te,5,1.5,7.5,Nequi/Daviplata,Para llevar,2023-09-29
TXN_5612022,Galleta,5,1.0,5.0,Nequi/Daviplata,ERROR,2023-09-27
TXN_3105489,Torta,3,3.0,9.0,Nequi/Daviplata,Restaurante,2023-03-14
TXN_4509329,Te,1,1.5,1.5,,Para llevar,2023-10-22
TXN_1724815,DESCONOCIDO,,4.0,12.0,,Restaurante,2023-08-16
TXN_2096922,Café,3,2.0,6.0,Nequi/Daviplata,Para llevar,2023-12-11
TXN_2563679,Ensalada,3,5.0,15.0,Nequi/Daviplata,,2023-04-09
TXN_2930503,Jugo,3,3.0,9.0,,Restaurante,2023-06-18
TXN_9265178,Sandwich,4,4.0,16.0,Efectivo,Para llevar,2023-03-18
TXN_7126770,Torta,4,3.0,12.0,Tarjeta Crédito,Para llevar,2023-11-09
TXN_6348409,Ensalada,3,5.0,15.0,Tarjeta Crédito,Para llevar,2023-07-26
TXN_3776109,DESCONOCIDO,1,5.0,5.0,,,2023-05-20
TXN_2538739,Ensalada,2,5.0,10.0,,Restaurante,2023-07-29
TXN_4159135,Café,3,2.0,6.0,,Para llevar,2023-02-09
TXN_1454866,Sandwich,1,DESCONOCIDO,4.0,Nequi/Daviplata,Para llevar,2023-12-13
TXN_4654061,Sandwich,2,4.0,8.0,Tarjeta Crédito,,2023-05-04
TXN_8160791,Torta,5,3.0,15.0,Nequi/Daviplata,Restaurante,2023-10-24
TXN_1647069,Sandwich,1,4.0,4.0,Tarjeta Crédito,Para llevar,2023-04-06
TXN_8499005,ERROR,5,2.0,10.0,,,2023-10-26
TXN_1512185,Café,4,2.0,8.0,Efectivo,Para llevar,2023-06-16
TXN_8632653,Jugo,2,3.0,6.0,ERROR,Restaurante,2023-12-24
TXN_8744240,,4,4.0,16.0,Efectivo,,2023-06-19
TXN_4190750,Jugo,5,3.0,15.0,,Para llevar,2023-04-02
TXN_9470260,Café,5,2.0,10.0,,Restaurante,2023-10-07
TXN_6257213,Jugo,5,3.0,15.0,Efectivo,,2023-12-12
TXN_1004563,Te,5,1.5,7.5,Tarjeta Crédito,Restaurante,2023-10-28
TXN_5352739,Sandwich,4,4.0,DESCONOCIDO,,,2023-07-31
TXN_7387056,Jugo,4,3.0,ERROR,Tarjeta Crédito,,2023-10-24
TXN_1927431,Galleta,1,1.0,1.0,Tarjeta Crédito,Restaurante,2023-02-07
TXN_3432433,Galleta,5,1.0,5.0,Efectivo,Restaurante,2023-02-19
TXN_1130142,Galleta,1,1.0,1.0,Tarjeta Crédito,Restaurante,2023-03-13
TXN_6682443,Torta,4,3.0,12.0,Nequi/Daviplata,,2023-09-03
TXN_3279039,Torta,4,3.0,12.0,Tarjeta Crédito,Restaurante,2023-06-26
TXN_6119612,,3,3.0,ERROR,Efectivo,,2023-12-25
TXN_1295824,Te,1,1.5,1.5,Tarjeta Crédito,,2023-08-01
TXN_8305936,Jugo,3,3.0,9.0,Nequi/Daviplata,Restaurante,2023-08-02
TXN_9550664,Ensalada,2,ERROR,10.0,,,2023-06-29
TXN_3808895,Ensalada,2,5.0,10.0,Efectivo,Restaurante,2023-07-13
TXN_9843811,Jugo,2,3.0,6.0,Tarjeta Crédito,,2023-03-01
TXN_6405258,Te,2,1.5,3.0,Tarjeta Crédito,Para llevar,2023-08-10
TXN_1224087,Café,5,2.0,10.0,Nequi/Daviplata,Para llevar,2023-03-20
TXN_7727118,Granizado,5,4.0,20.0,Nequi/Daviplata,Para llevar,2023-11-04
TXN_8456072,Granizado,1,4.0,4.0,,Restaurante,2023-07-11
TXN_8173006,Ensalada,3,5.0,15.0,,Para llevar,2023-12-21
TXN_2769769,ERROR,5,5.0,25.0,Tarjeta Crédito,Restaurante,2023-04-01
TXN_8413949,Jugo,1,3.0,3.0,Tarjeta Crédito,Restaurante,2023-10-14
TXN_7538763,Granizado,1,4.0,,,Para llevar,2023-11-18
TXN_6541110,Galleta,3,1.0,3.0,Efectivo,Restaurante,2023-12-30
TXN_6264390,,2,4.0,8.0,Efectivo,,2023-06-29
TXN_6814891,Café,1,2.0,2.0,Nequi/Daviplata,Para llevar,2023-06-26
TXN_9884180,Ensalada,1,5.0,5.0,Efectivo,Para llevar,2023-05-19
TXN_6424202,Galleta,2,DESCONOCIDO,DESCONOCIDO,Tarjeta Crédito,Restaurante,2023-11-20
TXN_6775024,Café,2,2.0,4.0,Efectivo,Restaurante,2023-01-30
TXN_8540553,Torta,1,3.0,3.0,,Restaurante,2023-07-13
TXN_6501361,Ensalada,5,5.0,25.0,Efectivo,Restaurante,2023-01-17
TXN_5671997,Jugo,3,,9.0,,Para llevar,2023-09-03
TXN_4283360,Café,2,2.0,4.0,Tarjeta Crédito,Restaurante,2023-12-19
TXN_3956393,Galleta,4,1.0,4.0,Tarjeta Crédito,Restaurante,2023-01-14
TXN_1971103,Jugo,4,3.0,12.0,,,2023-08-22
TXN_9576057,Te,5,1.5,7.5,Nequi/Daviplata,Para llevar,2023-03-03
TXN_1435035,Granizado,1,4.0,4.0,,Restaurante,2023-12-31
TXN_8111101,Sandwich,5,4.0,20.0,Efectivo,,2023-01-12
TXN_8323012,Te,3,1.5,4.5,Tarjeta Crédito,,2023-12-17
TXN_9415451,Torta,3,3.0,9.0,,Para llevar,2023-01-04
TXN_7072883,Granizado,1,4.0,4.0,Tarjeta Crédito,,2023-10-05
TXN_7455637,Jugo,3,3.0,9.0,,Para llevar,2023-04-23
TXN_3779292,Ensalada,2,5.0,10.0,Tarjeta Crédito,Restaurante,2023-12-30
TXN_2629420,Granizado,2,4.0,8.0,,Para llevar,2023-01-16
TXN_5848025,Te,5,1.5,7.5,Tarjeta Crédito,Restaurante,2023-01-19
TXN_1452253,Sandwich,2,4.0,,,,2023-05-12
TXN_4661976,Granizado,3,4.0,12.0,Nequi/Daviplata,,2023-10-13
TXN_4818703,Galleta,2,1.0,2.0,Nequi/Daviplata,Para llevar,2023-04-20
TXN_9849760,Torta,2,3.0,6.0,,Para llevar,2023-09-01
TXN_6387334,Granizado,5,4.0,ERROR,Nequi/Daviplata,Restaurante,2023-02-19
TXN_6431384,Jugo,4,3.0,12.0,Nequi/Daviplata,Restaurante,2023-08-06
TXN_2445017,Te,5,1.5,7.5,,Para llevar,2023-07-23
TXN_9202190,Sandwich,,4.0,20.0,,Restaurante,2023-08-25
TXN_4695464,Galleta,4,1.0,4.0,,Para llevar,DESCONOCIDO
TXN_1486576,Sandwich,4,4.0,16.0,,Para llevar,2023-09-10
TXN_5530717,Jugo,1,3.0,3.0,Tarjeta Crédito,Restaurante,2023-03-10
TXN_7490314,Galleta,2,1.0,2.0,,Restaurante,2023-05-14
TXN_1811734,Café,4,2.0,8.0,,,2023-07-16
TXN_3100053,Torta,3,3.0,9.0,Efectivo,Restaurante,2023-12-19
TXN_5812394,Ensalada,5,5.0,25.0,Efectivo,,2023-10-17
TXN_6315475,Café,2,2.0,4.0,,,2023-09-23
TXN_5477578,Granizado,,4.0,4.0,Nequi/Daviplata,Para llevar,2023-03-12
TXN_5373441,Ensalada,1,5.0,ERROR,,Restaurante,2023-06-02
TXN_1094145,Galleta,3,1.0,3.0,Tarjeta Crédito,,2023-03-15
TXN_8680875,ERROR,2,1.5,DESCONOCIDO,Efectivo,Para llevar,2023-07-21
TXN_6504180,Granizado,1,4.0,4.0,Nequi/Daviplata,Restaurante,2023-08-31
TXN_6378045,Sandwich,5,4.0,20.0,Nequi/Daviplata,Restaurante,2023-05-07
TXN_4502704,Te,4,1.5,6.0,DESCONOCIDO,Restaurante,2023-04-04
TXN_6992967,Granizado,5,4.0,20.0,Efectivo,,2023-08-29
TXN_6266147,Jugo,3,3.0,9.0,Tarjeta Crédito,Restaurante,2023-01-31
TXN_7499330,Galleta,1,1.0,DESCONOCIDO,Tarjeta Crédito,Restaurante,2023-10-28
TXN_8815623,Café,2,2.0,4.0,Nequi/Daviplata,Restaurante,2023-02-03
TXN_7632478,Jugo,2,3.0,6.0,Nequi/Daviplata,,2023-04-11
TXN_5431854,Galleta,3,1.0,3.0,,Restaurante,2023-01-18
TXN_3518789,Café,2,2.0,4.0,Nequi/Daviplata,Para llevar,2023-12-01
TXN_6162668,ERROR,4,5.0,20.0,Nequi/Daviplata,,2023-03-30
TXN_4767006,Torta,1,3.0,3.0,Efectivo,Para llevar,2023-08-23
TXN_2880409,Te,4,1.5,6.0,Efectivo,,2023-09-11
TXN_4277671,Te,5,1.5,7.5,,Para llevar,2023-08-21
TXN_8810601,Jugo,2,3.0,6.0,Nequi/Daviplata,,2023-08-18
TXN_6572164,Galleta,4,1.0,4.0,Tarjeta Crédito,Para llevar,2023-01-15
TXN_6281959,,4,1.5,6.0,DESCONOCIDO,Restaurante,2023-03-16
TXN_6714068,Café,1,DESCONOCIDO,2.0,,,2023-02-17
TXN_2470532,ERROR,1,2.0,2.0,Nequi/Daviplata,Restaurante,2023-01-21
TXN_6920323,Sandwich,1,4.0,4.0,Tarjeta Crédito,,2023-06-10
TXN_6519486,Torta,5,3.0,15.0,,,2023-02-05
TXN_7524971,Te,4,1.5,6.0,Nequi/Daviplata,Para llevar,2023-09-05
TXN_4650447,Te,1,1.5,1.5,Efectivo,DESCONOCIDO,2023-08-18
TXN_3928174,Café,3,2.0,6.0,,,2023-09-11
TXN_1475403,Galleta,1,1.0,,Efectivo,Restaurante,
TXN_1700027,Granizado,4,4.0,16.0,Nequi/Daviplata,Restaurante,2023-06-04
TXN_2026084,ERROR,2,2.0,4.0,Efectivo,Restaurante,2023-10-20
TXN_5942938,,3,3.0,9.0,Tarjeta Crédito,,2023-05-24
TXN_8813764,Galleta,DESCONOCIDO,1.0,1.0,Tarjeta Crédito,Restaurante,2023-05-08
TXN_5202349,Galleta,4,1.0,4.0,,Restaurante,2023-11-27
TXN_2409052,Sandwich,1,4.0,4.0,Tarjeta Crédito,Restaurante,2023-07-08
TXN_8528546,Torta,3,3.0,9.0,Efectivo,,2023-12-09
TXN_4849860,Te,4,1.5,6.0,Tarjeta Crédito,Restaurante,2023-12-01
TXN_1840897,DESCONOCIDO,1,DESCONOCIDO,5.0,ERROR,,2023-06-03
TXN_7689696,ERROR,5,4.0,20.0,Nequi/Daviplata,Para llevar,2023-07-03
TXN_6905794,Ensalada,1,5.0,,Efectivo,Para llevar,2023-05-31
TXN_4469769,Ensalada,5,5.0,25.0,,DESCONOCIDO,2023-08-15
TXN_9452261,Torta,5,3.0,15.0,,,2023-11-29
TXN_7347515,Granizado,3,4.0,12.0,ERROR,Para llevar,2023-04-25
TXN_1940330,Te,4,1.5,6.0,,Restaurante,2023-01-12
TXN_1576355,Café,4,2.0,8.0,,,2023-10-20
TXN_8615635,DESCONOCIDO,ERROR,1.0,4.0,,Restaurante,2023-01-12
TXN_9511794,Galleta,1,1.0,1.0,Efectivo,Para llevar,2023-06-10
TXN_9024781,Granizado,4,4.0,16.0,Efectivo,Restaurante,2023-09-12
TXN_7771526,Jugo,1,3.0,3.0,Efectivo,Restaurante,2023-04-28
TXN_7070302,Ensalada,3,5.0,15.0,,Restaurante,2023-04-30
TXN_6511228,Ensalada,4,5.0,20.0,Tarjeta Crédito,DESCONOCIDO,2023-11-01
TXN_5320512,Te,5,1.5,7.5,,Restaurante,2023-04-25
TXN_2972777,Jugo,4,ERROR,12.0,Tarjeta Crédito,,2023-04-08
TXN_8591813,Café,3,2.0,6.0,Efectivo,Para llevar,2023-10-31
TXN_4095768,Ensalada,5,5.0,25.0,Nequi/Daviplata,Restaurante,2023-06-18
TXN_9107508,Café,1,2.0,2.0,,,2023-06-06
TXN_2791987,Granizado,DESCONOCIDO,4.0,4.0,Tarjeta Crédito,DESCONOCIDO,2023-06-23
TXN_6045577,ERROR,3,2.0,6.0,Tarjeta Crédito,,2023-07-06
TXN_5534944,Te,5,1.5,7.5,Tarjeta Crédito,Para llevar,2023-01-26
TXN_7887682,DESCONOCIDO,2,2.0,4.0,Tarjeta Crédito,Para llevar,2023-06-17
TXN_5037517,DESCONOCIDO,5,4.0,20.0,ERROR,Restaurante,2023-06-01
TXN_6805091,ERROR,2,4.0,8.0,Efectivo,ERROR,2023-12-28
TXN_5839300,Torta,1,3.0,3.0,Tarjeta Crédito,DESCONOCIDO,2023-07-01
TXN_7801115,Te,1,1.5,1.5,Efectivo,,2023-12-18
TXN_4753853,,5,3.0,15.0,Tarjeta Crédito,Para llevar,2023-05-07
TXN_7145259,Jugo,2,3.0,6.0,Nequi/Daviplata,Restaurante,2023-11-11
TXN_2817018,Sandwich,3,4.0,12.0,Tarjeta Crédito,Para llevar,2023-04-25
TXN_6762490,Jugo,5,3.0,15.0,Efectivo,ERROR,2023-05-03
TXN_9705872,Galleta,3,ERROR,3.0,,Restaurante,
TXN_6012446,Granizado,4,4.0,16.0,Efectivo,Para llevar,2023-07-20
TXN_8936086,Sandwich,4,4.0,16.0,,Restaurante,2023-11-27
TXN_4135134,Galleta,5,1.0,5.0,Tarjeta Crédito,Para llevar,2023-08-11
TXN_7808032,Galleta,4,ERROR,4.0,,Para llevar,2023-12-19
TXN_2212234,Jugo,2,3.0,6.0,Efectivo,Restaurante,2023-12-22
TXN_8611918,ERROR,3,5.0,15.0,Efectivo,Para llevar,2023-06-27
TXN_5115009,Torta,4,3.0,12.0,,Para llevar,2023-02-21
TXN_9827492,Te,3,1.5,4.5,,,2023-07-13
TXN_6344003,Torta,1,3.0,3.0,,,2023-12-22
TXN_1993155,Jugo,1,3.0,3.0,,,2023-05-23
TXN_4566012,Galleta,5,1.0,5.0,Tarjeta Crédito,Para llevar,2023-05-10
TXN_1030539,Torta,3,3.0,9.0,,Para llevar,2023-11-06
TXN_3830605,Café,ERROR,2.0,2.0,,Para llevar,2023-12-07
TXN_5052515,Te,,1.5,1.5,Efectivo,Restaurante,2023-09-19
TXN_5125382,Café,1,2.0,2.0,Nequi/Daviplata,Restaurante,2023-12-26
TXN_5015183,Torta,2,3.0,6.0,ERROR,Restaurante,2023-08-29
TXN_1661068,Ensalada,3,5.0,15.0,Efectivo,Para llevar,2023-04-09
TXN_9549381,Jugo,1,3.0,3.0,Nequi/Daviplata,Restaurante,2023-11-23
TXN_7812084,Sandwich,4,4.0,16.0,Efectivo,Restaurante,2023-01-17
TXN_1694364,Sandwich,3,4.0,12.0,,Para llevar,2023-06-10
TXN_4191925,Café,2,2.0,4.0,,DESCONOCIDO,2023-10-21
TXN_2258091,Jugo,2,3.0,6.0,,Restaurante,2023-10-11
TXN_6482262,Jugo,3,3.0,9.0,Tarjeta Crédito,,2023-05-13
TXN_1951166,Te,2,1.5,,Tarjeta Crédito,ERROR,2023-08-28
TXN_4552615,Torta,2,3.0,6.0,Efectivo,Para llevar,2023-04-09
TXN_6745856,Torta,4,3.0,12.0,Efectivo,Restaurante,2023-06-16
TXN_4898949,Ensalada,1,5.0,5.0,,Restaurante,2023-09-18
TXN_7027560,ERROR,5,1.5,7.5,,Restaurante,2023-10-05
TXN_9646000,ERROR,2,ERROR,DESCONOCIDO,,Restaurante,2023-12-14
TXN_2338426,Café,2,2.0,4.0,,,2023-05-07
TXN_3369191,Galleta,5,1.0,5.0,Efectivo,Para llevar,2023-02-07
TXN_5551020,Sandwich,2,4.0,ERROR,Tarjeta Crédito,,2023-01-31
TXN_9269683,Sandwich,5,4.0,20.0,Nequi/Daviplata,,2023-09-26
TXN_9287350,Granizado,2,4.0,8.0,,Restaurante,2023-01-28
TXN_6541809,Te,3,1.5,4.5,,,2023-05-01
TXN_4398750,Sandwich,2,4.0,8.0,Efectivo,Restaurante,2023-05-28
TXN_7493097,Torta,,3.0,15.0,Tarjeta Crédito,DESCONOCIDO,2023-11-04
TXN_9850541,Galleta,4,1.0,4.0,Efectivo,Para llevar,2023-09-02
TXN_4262142,Torta,2,3.0,6.0,Efectivo,Para llevar,2023-01-02
TXN_7153313,Te,1,1.5,1.5,Efectivo,,2023-12-29
TXN_8581124,Ensalada,2,5.0,10.0,Tarjeta Crédito,,2023-05-08
TXN_3589218,Ensalada,2,5.0,10.0,Tarjeta Crédito,Restaurante,2023-06-21
TXN_7303515,Ensalada,4,5.0,20.0,Efectivo,Restaurante,2023-05-29
TXN_2586183,Galleta,2,1.0,2.0,Efectivo,,2023-09-04
TXN_2436779,Torta,1,3.0,3.0,Tarjeta Crédito,Para llevar,2023-05-24
TXN_4001763,Jugo,3,3.0,9.0,,Para llevar,2023-05-11
TXN_9317529,Jugo,4,,12.0,Tarjeta Crédito,,2023-07-10
TXN_6974587,Ensalada,3,5.0,15.0,Efectivo,ERROR,2023-06-16
TXN_4379467,Te,DESCONOCIDO,1.5,1.5,,,2023-06-16
TXN_2719734,Torta,5,3.0,15.0,Nequi/Daviplata,Restaurante,2023-05-22
TXN_2887332,Sandwich,5,4.0,20.0,,,2023-11-16
TXN_8566668,Sandwich,5,4.0,20.0,Nequi/Daviplata,Restaurante,2023-02-12
TXN_8284384,Jugo,2,3.0,6.0,Nequi/Daviplata,Para llevar,2023-06-05
TXN_2139240,Sandwich,4,4.0,16.0,Nequi/Daviplata,,2023-04-06
TXN_5454841,Galleta,5,1.0,5.0,,Para llevar,2023-06-04
TXN_8104431,Te,5,1.5,7.5,,Restaurante,2023-03-07
TXN_5141000,Granizado,4,4.0,16.0,,Para llevar,2023-06-16
TXN_2508499,Te,3,1.5,4.5,Tarjeta Crédito,Restaurante,2023-02-22
TXN_4571510,Granizado,3,4.0,12.0,Efectivo,Para llevar,2023-11-19
TXN_4742476,Café,2,2.0,4.0,Efectivo,Restaurante,2023-10-27
TXN_8510436,Torta,1,3.0,3.0,Nequi/Daviplata,Restaurante,2023-07-19
TXN_7509630,Galleta,3,1.0,3.0,Efectivo,Restaurante,2023-04-20
TXN_5276301,Torta,3,3.0,9.0,Efectivo,DESCONOCIDO,2023-03-13
TXN_4977130,Sandwich,1,4.0,4.0,Nequi/Daviplata,Restaurante,2023-07-08
TXN_4293196,Galleta,,1.0,3.0,,Restaurante,2023-06-17
TXN_9284099,Torta,2,3.0,6.0,Nequi/Daviplata,Restaurante,2023-07-20
TXN_1900411,Ensalada,3,5.0,15.0,,,2023-09-24
TXN_7454416,Te,1,1.5,1.5,Tarjeta Crédito,Para llevar,2023-12-07
TXN_4178899,Café,2,2.0,4.0,,Para llevar,2023-04-05
TXN_9027002,Granizado,4,DESCONOCIDO,16.0,Tarjeta Crédito,Para llevar,2023-12-31
TXN_6587399,Granizado,1,4.0,4.0,,Para llevar,2023-08-08
TXN_7179013,Jugo,5,3.0,15.0,Tarjeta Crédito,Restaurante,2023-05-06
TXN_7694559,Galleta,3,1.0,3.0,Efectivo,Para llevar,2023-05-05
TXN_4391496,Sandwich,1,4.0,4.0,Efectivo,,2023-02-20
TXN_5668193,Café,5,2.0,10.0,Efectivo,Para llevar,2023-08-14
TXN_1448501,Torta,4,3.0,12.0,Tarjeta Crédito,Para llevar,2023-09-10
TXN_7139869,Te,1,1.5,1.5,Efectivo,Restaurante,2023-06-22
TXN_6419668,Sandwich,3,4.0,12.0,Tarjeta Crédito,Restaurante,2023-04-29
TXN_8810001,Granizado,5,4.0,20.0,Nequi/Daviplata,Para llevar,2023-12-23
TXN_5647773,Ensalada,2,5.0,10.0,,Restaurante,2023-07-20
TXN_4439120,Galleta,2,1.0,2.0,Tarjeta Crédito,Restaurante,2023-03-31
TXN_4613510,Torta,5,3.0,15.0,Tarjeta Crédito,Para llevar,2023-02-16
TXN_7937275,Torta,4,3.0,12.0,Tarjeta Crédito,ERROR,2023-09-18
TXN_7565052,Granizado,5,4.0,20.0,,Restaurante,2023-06-18
TXN_2044375,Ensalada,1,5.0,5.0,Efectivo,Para llevar,2023-01-05
TXN_1772692,Granizado,3,4.0,12.0,Efectivo,,2023-09-05
TXN_6399545,Sandwich,4,4.0,16.0,Tarjeta Crédito,Para llevar,2023-03-22
TXN_2980279,,1,3.0,3.0,Nequi/Daviplata,Para llevar,2023-04-23
TXN_6286062,Café,1,2.0,2.0,Tarjeta Crédito,,DESCONOCIDO
TXN_4049031,Café,5,2.0,10.0,Nequi/Daviplata,,2023-08-22
TXN_1328968,Te,1,ERROR,1.5,,Restaurante,2023-06-28
TXN_8549381,ERROR,5,4.0,20.0,Nequi/Daviplata,,2023-02-06
TXN_2080228,Jugo,1,3.0,3.0,,Restaurante,2023-06-21
TXN_7416880,Torta,1,3.0,3.0,Tarjeta Crédito,Restaurante,2023-07-20
TXN_1360379,Te,1,1.5,1.5,Tarjeta Crédito,DESCONOCIDO,2023-08-23
TXN_9617454,Granizado,1,4.0,4.0,Nequi/Daviplata,Para llevar,2023-08-22
TXN_6421446,Torta,2,3.0,6.0,Efectivo,Para llevar,2023-09-17
TXN_6272674,Café,3,2.0,6.0,Efectivo,,2023-09-12
TXN_6805882,Galleta,4,1.0,4.0,Efectivo,Restaurante,2023-09-04
TXN_1475459,Te,4,1.5,6.0,,Para llevar,2023-11-09
TXN_2825812,Torta,3,,9.0,Efectivo,Para llevar,2023-06-26
TXN_5380198,Torta,3,3.0,9.0,DESCONOCIDO,,DESCONOCIDO
TXN_5398922,Ensalada,1,5.0,5.0,Efectivo,Restaurante,2023-01-10
TXN_3458602,Torta,2,3.0,6.0,Efectivo,Restaurante,2023-11-18
TXN_6571440,Granizado,2,4.0,8.0,,Para llevar,2023-01-18
TXN_1368769,Galleta,3,1.0,3.0,Tarjeta Crédito,Para llevar,2023-06-02
TXN_4343848,Galleta,5,1.0,5.0,Tarjeta Crédito,Para llevar,2023-07-16
TXN_7656355,Sandwich,3,4.0,12.0,Tarjeta Crédito,Para llevar,2023-09-11
TXN_4434005,Galleta,1,1.0,1.0,Nequi/Daviplata,Restaurante,2023-03-20
TXN_7975760,,3,3.0,9.0,Nequi/Daviplata,Restaurante,2023-12-02
TXN_9177867,Te,3,1.5,4.5,Nequi/Daviplata,,2023-09-14
TXN_8158986,Galleta,5,1.0,5.0,,Restaurante,2023-12-10
TXN_9882625,Sandwich,1,4.0,4.0,Efectivo,Restaurante,2023-03-26
TXN_8937461,Galleta,5,1.0,5.0,Nequi/Daviplata,,2023-12-22
TXN_2485272,Te,4,1.5,6.0,Nequi/Daviplata,Para llevar,2023-06-30
TXN_4085337,Granizado,3,4.0,12.0,,Restaurante,2023-10-25
TXN_6838802,Café,1,2.0,2.0,,Para llevar,2023-08-29
TXN_2114182,Galleta,3,1.0,3.0,Nequi/Daviplata,DESCONOCIDO,2023-07-28
TXN_8417552,Café,1,2.0,2.0,ERROR,Para llevar,2023-12-09
TXN_4126189,Te,,1.5,1.5,Tarjeta Crédito,,2023-09-30
TXN_1892454,Jugo,1,3.0,3.0,DESCONOCIDO,,2023-07-19
TXN_9592941,Te,5,1.5,7.5,Nequi/Daviplata,Restaurante,2023-04-08
TXN_1063342,Sandwich,5,4.0,20.0,,Restaurante,2023-01-13
TXN_4407203,DESCONOCIDO,4,1.0,4.0,Efectivo,Para llevar,2023-08-21
TXN_7153885,Ensalada,1,5.0,5.0,Tarjeta Crédito,,2023-05-22
TXN_1917388,ERROR,2,3.0,6.0,Nequi/Daviplata,,2023-04-15
TXN_5279972,Granizado,4,4.0,16.0,Tarjeta Crédito,Para llevar,2023-01-07
TXN_6953244,Granizado,5,4.0,20.0,Efectivo,,2023-09-13
TXN_5347792,Ensalada,3,5.0,15.0,Nequi/Daviplata,,2023-02-10
TXN_4876195,Te,2,1.5,3.0,,Restaurante,ERROR
TXN_1574190,Granizado,3,4.0,12.0,DESCONOCIDO,,2023-12-17
TXN_4829492,,2,3.0,6.0,Tarjeta Crédito,Para llevar,2023-01-09
TXN_9550629,Granizado,1,4.0,4.0,,Restaurante,2023-02-06
TXN_6470865,Café,ERROR,2.0,ERROR,Nequi/Daviplata,Para llevar,2023-09-18
TXN_3986639,Ensalada,1,5.0,5.0,Tarjeta Crédito,Restaurante,2023-10-09
TXN_3227673,Galleta,1,1.0,ERROR,Efectivo,,2023-10-13
TXN_2915287,Ensalada,1,5.0,5.0,Nequi/Daviplata,Para llevar,2023-01-16
TXN_2513558,Jugo,4,3.0,12.0,,,2023-10-11
TXN_7460497,Torta,5,3.0,15.0,Efectivo,,2023-11-13
TXN_1607471,Sandwich,2,4.0,8.0,Tarjeta Crédito,Para llevar,2023-01-03
TXN_1244739,Ensalada,2,5.0,10.0,Tarjeta Crédito,Para llevar,2023-09-13
TXN_7878672,Café,1,DESCONOCIDO,2.0,Efectivo,Restaurante,2023-10-25
TXN_6807913,Jugo,3,3.0,9.0,Tarjeta Crédito,Para llevar,2023-01-22
TXN_6438869,Jugo,5,3.0,15.0,Tarjeta Crédito,Para llevar,2023-10-30
TXN_1047204,Galleta,3,1.0,3.0,Nequi/Daviplata,DESCONOCIDO,2023-04-13
TXN_6017458,,5,5.0,25.0,Tarjeta Crédito,,2023-04-23
TXN_4311086,Torta,4,3.0,12.0,ERROR,Restaurante,2023-10-10
TXN_1075446,Galleta,4,1.0,4.0,Tarjeta Crédito,,2023-07-17
TXN_8958723,Sandwich,4,4.0,16.0,Nequi/Daviplata,,2023-11-12
TXN_2206740,Café,3,2.0,6.0,,Para llevar,2023-06-07
TXN_2337113,Café,1,2.0,2.0,Nequi/Daviplata,Para llevar,2023-11-19
TXN_2417721,Café,4,2.0,8.0,Tarjeta Crédito,Para llevar,2023-10-20
TXN_5808539,Sandwich,1,4.0,ERROR,,Para llevar,2023-06-30
TXN_6574910,Galleta,1,1.0,1.0,Nequi/Daviplata,,2023-09-13
TXN_5342900,Torta,5,3.0,15.0,Efectivo,,2023-07-12
TXN_8949453,,5,4.0,20.0,,Para llevar,2023-11-13
TXN_2853459,Te,4,1.5,6.0,Efectivo,,2023-08-14
TXN_3379182,Jugo,4,3.0,12.0,Efectivo,,2023-06-03
TXN_9629448,Te,2,1.5,3.0,,Restaurante,2023-02-22
TXN_8233101,Ensalada,2,5.0,10.0,Efectivo,Restaurante,2023-02-12
TXN_1247244,Sandwich,1,4.0,4.0,Nequi/Daviplata,Restaurante,2023-12-27
TXN_4292280,Torta,4,3.0,12.0,Efectivo,Para llevar,2023-01-01
TXN_3670476,Te,3,1.5,4.5,Efectivo,Para llevar,2023-03-25
TXN_4506936,Galleta,1,1.0,1.0,Tarjeta Crédito,Para llevar,2023-03-20
TXN_4009914,Sandwich,2,4.0,8.0,,Restaurante,ERROR
TXN_2827994,Torta,5,3.0,15.0,Nequi/Daviplata,Restaurante,2023-12-04
TXN_5342051,Sandwich,3,4.0,12.0,Efectivo,,2023-04-21
TXN_7924635,Granizado,5,4.0,20.0,Nequi/Daviplata,Para llevar,2023-02-21
TXN_5958999,Te,2,1.5,3.0,,,2023-04-13
TXN_9098841,Torta,1,3.0,3.0,Tarjeta Crédito,,2023-08-07
TXN_9723314,Café,4,2.0,8.0,Efectivo,Restaurante,2023-10-10
TXN_2311186,Granizado,3,4.0,12.0,Nequi/Daviplata,ERROR,2023-07-16
TXN_8061460,Sandwich,3,4.0,12.0,Tarjeta Crédito,Para llevar,DESCONOCIDO
TXN_4659573,Torta,DESCONOCIDO,3.0,15.0,,,2023-05-15
TXN_3920436,Jugo,2,3.0,6.0,Nequi/Daviplata,Restaurante,2023-11-19
TXN_5514988,Galleta,5,1.0,5.0,Tarjeta Crédito,ERROR,DESCONOCIDO
TXN_7825638,DESCONOCIDO,4,3.0,12.0,ERROR,,2023-12-09
TXN_8710758,Sandwich,3,4.0,12.0,Tarjeta Crédito,Restaurante,2023-01-12
TXN_4873180,Te,5,1.5,7.5,Nequi/Daviplata,Restaurante,2023-01-17
TXN_9643918,,3,1.0,3.0,Tarjeta Crédito,Restaurante,2023-07-21
TXN_9997620,Galleta,2,1.0,2.0,Efectivo,,2023-12-11
TXN_2830671,Sandwich,1,4.0,4.0,Efectivo,Para llevar,2023-11-08
TXN_7876619,DESCONOCIDO,2,3.0,6.0,Efectivo,Restaurante,2023-09-27
TXN_5898238,DESCONOCIDO,DESCONOCIDO,2.0,10.0,Tarjeta Crédito,DESCONOCIDO,2023-06-29
TXN_5337074,Galleta,3,1.0,3.0,Tarjeta Crédito,Restaurante,2023-01-12
TXN_9774186,Te,3,1.5,4.5,,,2023-07-03
TXN_8619494,Café,2,2.0,4.0,Nequi/Daviplata,Restaurante,ERROR
TXN_7268802,Ensalada,2,5.0,ERROR,Nequi/Daviplata,Para llevar,2023-04-10
TXN_3894735,Jugo,5,3.0,15.0,ERROR,,2023-03-10
TXN_1842981,Te,5,1.5,ERROR,Tarjeta Crédito,,2023-04-12
TXN_1720238,Ensalada,5,5.0,25.0,ERROR,Para llevar,2023-05-08
TXN_8520687,Ensalada,5,5.0,25.0,,Para llevar,2023-04-21
TXN_5793417,Sandwich,2,4.0,8.0,Nequi/Daviplata,Restaurante,2023-12-29
TXN_2927909,Torta,4,3.0,12.0,Tarjeta Crédito,,2023-10-04
TXN_3412484,Torta,4,3.0,12.0,,Para llevar,2023-09-06
TXN_3754190,DESCONOCIDO,3,3.0,9.0,Nequi/Daviplata,Restaurante,DESCONOCIDO
TXN_4048203,Granizado,2,4.0,8.0,,Para llevar,2023-12-13
TXN_9181224,Sandwich,5,4.0,20.0,Efectivo,,DESCONOCIDO
TXN_6841304,Torta,1,3.0,3.0,,,2023-03-13
TXN_2156454,Galleta,5,1.0,5.0,,Restaurante,2023-08-17
TXN_2001807,DESCONOCIDO,5,4.0,20.0,DESCONOCIDO,Restaurante,2023-08-10
TXN_4781960,Jugo,1,3.0,3.0,Nequi/Daviplata,,2023-03-28
TXN_4381404,Ensalada,ERROR,5.0,25.0,,,2023-08-15
TXN_8406851,DESCONOCIDO,2,3.0,6.0,,Restaurante,2023-09-09
TXN_3982257,Café,2,2.0,4.0,Nequi/Daviplata,,2023-07-23
TXN_1463795,Café,5,2.0,10.0,Tarjeta Crédito,,2023-08-04
TXN_7454894,Te,,1.5,1.5,Efectivo,Para llevar,2023-07-25
TXN_5930304,Sandwich,2,4.0,8.0,Nequi/Daviplata,,2023-11-02
TXN_4249989,Café,4,2.0,8.0,Nequi/Daviplata,,2023-01-22
TXN_2957017,Sandwich,,4.0,20.0,Efectivo,Restaurante,2023-06-13
TXN_2733833,Torta,,3.0,12.0,,Restaurante,2023-09-09
TXN_6585794,Granizado,5,4.0,20.0,Tarjeta Crédito,Restaurante,2023-02-15
TXN_5721846,Galleta,3,1.0,3.0,Efectivo,Para llevar,2023-04-14
TXN_6487493,Ensalada,3,5.0,15.0,Efectivo,Restaurante,2023-03-13
TXN_4476636,Café,3,DESCONOCIDO,6.0,Tarjeta Crédito,Restaurante,DESCONOCIDO
TXN_1197495,Jugo,5,3.0,15.0,DESCONOCIDO,Para llevar,ERROR
TXN_9395087,Te,1,1.5,1.5,Efectivo,Restaurante,2023-06-12
TXN_4477559,Jugo,5,3.0,15.0,Tarjeta Crédito,,2023-10-02
TXN_5542033,Sandwich,3,4.0,12.0,Nequi/Daviplata,DESCONOCIDO,2023-06-26
TXN_8850984,Sandwich,3,,12.0,Efectivo,Para llevar,2023-05-27
TXN_1710823,Ensalada,2,5.0,10.0,Tarjeta Crédito,,2023-01-27
TXN_6575440,Te,1,1.5,1.5,Efectivo,,2023-02-05
TXN_5225537,Te,5,1.5,7.5,Nequi/Daviplata,,2023-11-04
TXN_1583315,Galleta,3,1.0,3.0,,Para llevar,2023-10-17
TXN_8130122,Sandwich,2,4.0,8.0,,Restaurante,2023-10-23
TXN_3587444,Jugo,2,3.0,6.0,Tarjeta Crédito,,2023-02-03
TXN_7053280,DESCONOCIDO,,2.0,10.0,,Restaurante,2023-05-28
TXN_9407000,Sandwich,4,4.0,16.0,,Para llevar,2023-10-03
TXN_3017917,Galleta,3,DESCONOCIDO,3.0,Tarjeta Crédito,Para llevar,2023-08-31
TXN_8090925,ERROR,3,1.0,3.0,Nequi/Daviplata,Restaurante,2023-07-11
TXN_7738013,Ensalada,5,5.0,25.0,Tarjeta Crédito,Para llevar,2023-11-28
TXN_8542781,Torta,2,3.0,6.0,,DESCONOCIDO,2023-05-18
TXN_6617283,Te,4,1.5,6.0,Nequi/Daviplata,,2023-06-09
TXN_1461221,Ensalada,2,5.0,10.0,Efectivo,Restaurante,2023-04-30
TXN_2056358,Café,3,2.0,6.0,Efectivo,Restaurante,2023-09-17
TXN_1858674,Granizado,2,4.0,8.0,,Restaurante,2023-04-09
TXN_2251009,Galleta,5,1.0,5.0,,,2023-04-02
TXN_5616473,Sandwich,4,4.0,16.0,Efectivo,ERROR,2023-07-28
TXN_7022398,Sandwich,4,4.0,16.0,,,2023-12-23
TXN_2615514,Galleta,5,,5.0,Nequi/Daviplata,DESCONOCIDO,
TXN_7379939,,1,1.0,1.0,Efectivo,DESCONOCIDO,2023-04-21
TXN_7331525,Torta,2,3.0,6.0,,,ERROR
TXN_1004184,Granizado,1,4.0,4.0,Tarjeta Crédito,Restaurante,2023-05-18
TXN_4141868,Te,3,1.5,4.5,Tarjeta Crédito,,2023-02-08
TXN_9871971,Granizado,3,4.0,12.0,,Para llevar,2023-10-06
TXN_4168771,Café,5,2.0,10.0,Nequi/Daviplata,,2023-08-02
TXN_6328925,Ensalada,4,5.0,20.0,Tarjeta Crédito,,2023-09-05
TXN_1226662,Ensalada,1,5.0,5.0,,Restaurante,2023-06-17
TXN_7562171,Te,1,1.5,1.5,,Restaurante,2023-09-02
TXN_6843677,,ERROR,2.0,8.0,,Para llevar,2023-09-09
TXN_2980632,Galleta,3,1.0,3.0,Tarjeta Crédito,Para llevar,2023-01-14
TXN_2609762,Café,5,2.0,10.0,,Para llevar,2023-07-26
TXN_7253734,Sandwich,DESCONOCIDO,4.0,20.0,Nequi/Daviplata,,2023-09-28
TXN_6679600,Café,1,2.0,2.0,Nequi/Daviplata,,2023-03-15
TXN_8722854,Jugo,1,3.0,3.0,Tarjeta Crédito,Para llevar,DESCONOCIDO
TXN_8279992,Jugo,5,3.0,15.0,ERROR,,2023-07-03
TXN_5722123,Torta,4,3.0,12.0,Nequi/Daviplata,Para llevar,2023-11-23
TXN_3446174,Torta,5,3.0,15.0,Efectivo,,2023-10-31
TXN_3518261,Sandwich,2,4.0,8.0,Nequi/Daviplata,,2023-08-05
TXN_5927925,Jugo,4,3.0,12.0,Nequi/Daviplata,Restaurante,2023-11-02
TXN_5101593,Torta,5,3.0,15.0,Tarjeta Crédito,Para llevar,2023-01-25
TXN_1578981,Torta,1,3.0,3.0,Efectivo,Restaurante,2023-05-15
TXN_7876388,Galleta,4,1.0,4.0,Efectivo,Restaurante,2023-10-05
TXN_5939363,Te,5,1.5,7.5,Tarjeta Crédito,Restaurante,2023-02-14
TXN_1636908,Torta,4,3.0,12.0,Nequi/Daviplata,,2023-10-17
TXN_5221688,Café,2,2.0,4.0,Efectivo,,2023-07-03
TXN_1196923,Granizado,2,4.0,8.0,ERROR,,2023-04-27
TXN_8944698,Café,3,2.0,6.0,Tarjeta Crédito,,2023-09-15
TXN_8167275,Ensalada,5,5.0,25.0,,,DESCONOCIDO
TXN_2167159,Torta,,3.0,6.0,Efectivo,DESCONOCIDO,2023-04-06
TXN_7811387,Galleta,5,1.0,5.0,Tarjeta Crédito,Para llevar,2023-11-30
TXN_1884923,Café,4,2.0,8.0,Nequi/Daviplata,Para llevar,2023-05-11
TXN_8215595,Te,2,1.5,3.0,Efectivo,,2023-11-23
TXN_7618171,Torta,5,3.0,15.0,Efectivo,,
TXN_9857674,Te,5,1.5,7.5,,Para llevar,2023-06-12
TXN_7389626,Te,2,1.5,3.0,,DESCONOCIDO,ERROR
TXN_6035512,Torta,5,3.0,15.0,Efectivo,Para llevar,2023-02-19
TXN_1398769,Granizado,1,4.0,4.0,Efectivo,Restaurante,2023-06-02
TXN_6874354,Sandwich,4,4.0,16.0,Tarjeta Crédito,,2023-03-23
TXN_9690711,Galleta,2,1.0,2.0,Tarjeta Crédito,Restaurante,2023-09-13
TXN_5620636,Te,4,DESCONOCIDO,6.0,,Restaurante,2023-06-12
TXN_7234224,Torta,3,3.0,9.0,,,2023-10-31
TXN_3844347,Sandwich,4,ERROR,16.0,Efectivo,,2023-10-04
TXN_4507533,Torta,1,3.0,3.0,Nequi/Daviplata,,2023-08-31
TXN_7636238,Sandwich,4,4.0,16.0,Tarjeta Crédito,,2023-03-27
TXN_8913153,Granizado,2,4.0,8.0,Tarjeta Crédito,,2023-09-02
TXN_7595206,Sandwich,5,4.0,20.0,Tarjeta Crédito,Restaurante,2023-12-02
TXN_8424592,Granizado,4,4.0,16.0,Tarjeta Crédito,Para llevar,2023-11-09
TXN_1769882,ERROR,3,3.0,DESCONOCIDO,,Para llevar,2023-03-17
TXN_2000406,Torta,2,3.0,6.0,Tarjeta Crédito,DESCONOCIDO,2023-06-06
TXN_3105786,Granizado,3,4.0,12.0,,Restaurante,2023-10-04
TXN_7820220,Torta,3,3.0,9.0,Tarjeta Crédito,Restaurante,2023-03-16
TXN_5880883,Sandwich,5,4.0,20.0,Nequi/Daviplata,Restaurante,2023-02-02
TXN_4447856,Granizado,2,4.0,8.0,Efectivo,Para llevar,2023-09-11
TXN_6613909,Torta,4,3.0,12.0,Tarjeta Crédito,Restaurante,2023-06-30
TXN_5331924,Sandwich,2,4.0,8.0,Efectivo,Para llevar,2023-06-30
TXN_9090433,Galleta,2,1.0,,Efectivo,ERROR,2023-07-12
TXN_9393467,ERROR,5,3.0,15.0,Efectivo,DESCONOCIDO,2023-09-25
TXN_9811033,Galleta,3,1.0,DESCONOCIDO,Efectivo,Para llevar,2023-11-30
TXN_5452419,Café,4,DESCONOCIDO,8.0,Efectivo,Restaurante,2023-01-25
TXN_5384343,Jugo,1,3.0,3.0,Tarjeta Crédito,,2023-03-29
TXN_6580743,Café,1,2.0,2.0,Nequi/Daviplata,Para llevar,2023-12-18
TXN_8361821,Te,5,1.5,7.5,Efectivo,Restaurante,2023-06-30
TXN_2103626,Jugo,3,3.0,9.0,Efectivo,Restaurante,2023-04-23
TXN_1891141,Jugo,4,3.0,12.0,Nequi/Daviplata,Restaurante,2023-10-25
TXN_1252575,Te,1,1.5,1.5,Nequi/Daviplata,Para llevar,2023-10-16
TXN_5354721,,5,3.0,15.0,DESCONOCIDO,Para llevar,2023-09-07
TXN_6723498,Ensalada,3,5.0,15.0,,Para llevar,2023-01-28
TXN_1852224,Te,4,ERROR,6.0,Efectivo,Para llevar,2023-01-06
TXN_5247378,Sandwich,2,4.0,8.0,Nequi/Daviplata,Para llevar,2023-06-16
TXN_8786479,Café,4,2.0,8.0,,,2023-05-29
TXN_5108439,Ensalada,2,5.0,10.0,,Restaurante,2023-05-06
TXN_4993989,Granizado,2,4.0,8.0,,,2023-11-15
TXN_8004510,Torta,ERROR,3.0,9.0,Efectivo,Para llevar,2023-12-29
TXN_8541473,Café,3,2.0,6.0,ERROR,ERROR,2023-08-02
TXN_8917822,Torta,2,3.0,6.0,Nequi/Daviplata,,2023-12-12
TXN_8108731,Jugo,5,3.0,15.0,,,2023-08-13
TXN_4570750,DESCONOCIDO,1,2.0,,Efectivo,Para llevar,2023-05-18
TXN_1190151,Jugo,5,3.0,15.0,Nequi/Daviplata,,2023-08-14
TXN_8304002,Jugo,1,3.0,3.0,Tarjeta Crédito,Para llevar,2023-05-02
TXN_4341764,Café,2,2.0,4.0,Efectivo,,2023-12-02
TXN_1751183,,5,4.0,20.0,Tarjeta Crédito,,2023-12-25
TXN_2112333,Galleta,2,1.0,2.0,Tarjeta Crédito,Restaurante,DESCONOCIDO
TXN_1046384,Granizado,1,4.0,4.0,Efectivo,DESCONOCIDO,2023-06-09
TXN_1736630,ERROR,5,1.5,7.5,Tarjeta Crédito,,2023-07-16
TXN_8287437,Te,2,1.5,3.0,,,2023-03-16
TXN_4153132,Ensalada,3,5.0,DESCONOCIDO,Nequi/Daviplata,,2023-03-21
TXN_3243410,Te,2,ERROR,3.0,,,2023-10-30
TXN_3061634,Café,1,2.0,2.0,Nequi/Daviplata,,2023-03-17
TXN_7433308,Ensalada,4,5.0,20.0,Efectivo,Para llevar,2023-02-14
TXN_6991736,Jugo,2,3.0,6.0,Nequi/Daviplata,Restaurante,2023-11-07
TXN_7334272,Sandwich,2,4.0,8.0,Tarjeta Crédito,Para llevar,2023-07-07
TXN_8120577,,3,3.0,9.0,Efectivo,Restaurante,2023-09-08
TXN_9072093,Galleta,1,1.0,1.0,,,2023-03-06
TXN_4705417,Ensalada,5,5.0,25.0,Tarjeta Crédito,Para llevar,2023-12-14
TXN_8145970,Jugo,5,3.0,15.0,Nequi/Daviplata,Para llevar,2023-10-26
TXN_1910553,Granizado,5,4.0,20.0,Efectivo,,2023-10-01
TXN_9115899,Torta,2,DESCONOCIDO,6.0,Tarjeta Crédito,Restaurante,2023-02-23
TXN_2785563,Jugo,5,3.0,15.0,Efectivo,Para llevar,ERROR
TXN_6020552,Sandwich,2,4.0,8.0,Efectivo,Para llevar,2023-01-14
TXN_7970906,Café,DESCONOCIDO,2.0,8.0,ERROR,Restaurante,2023-03-07
TXN_5317458,Ensalada,2,5.0,10.0,Tarjeta Crédito,,2023-01-22
TXN_6913384,Te,3,1.5,4.5,Tarjeta Crédito,Para llevar,2023-09-18
TXN_1910487,Sandwich,3,,12.0,Nequi/Daviplata,Restaurante,2023-08-14
TXN_6142549,Jugo,3,3.0,9.0,Nequi/Daviplata,ERROR,2023-03-12
TXN_7266318,Sandwich,1,4.0,ERROR,,Restaurante,2023-01-16
TXN_4390911,Ensalada,2,5.0,10.0,Nequi/Daviplata,,2023-12-19
TXN_1445532,Café,3,2.0,6.0,Efectivo,Para llevar,2023-03-03
TXN_8841996,Sandwich,2,4.0,8.0,,,2023-12-09
TXN_9814511,ERROR,1,3.0,3.0,Tarjeta Crédito,,2023-01-05
TXN_2563505,Sandwich,1,4.0,4.0,Efectivo,Para llevar,2023-10-27
TXN_5183674,Café,2,2.0,4.0,Nequi/Daviplata,,2023-04-13
TXN_6748199,Ensalada,2,5.0,10.0,Efectivo,,2023-07-23
TXN_3463281,Torta,5,,15.0,,Para llevar,2023-10-06
TXN_5795475,Te,3,1.5,4.5,Nequi/Daviplata,Restaurante,2023-09-21
TXN_2322399,Ensalada,4,5.0,20.0,,Para llevar,2023-04-15
TXN_5865534,Granizado,4,4.0,16.0,Nequi/Daviplata,ERROR,2023-10-16
TXN_7060144,Torta,5,3.0,15.0,Tarjeta Crédito,,
TXN_5159669,Te,4,1.5,6.0,Tarjeta Crédito,,2023-09-30
TXN_4268051,Galleta,1,1.0,DESCONOCIDO,Nequi/Daviplata,Restaurante,2023-05-05
TXN_8120958,Galleta,5,,5.0,Tarjeta Crédito,,2023-06-21
TXN_6126149,Te,2,1.5,3.0,,,
TXN_5530097,Jugo,2,3.0,6.0,Tarjeta Crédito,Para llevar,2023-12-19
TXN_7805241,Ensalada,4,5.0,20.0,ERROR,,2023-04-16
TXN_2427834,Te,4,1.5,6.0,ERROR,Restaurante,2023-06-15
TXN_6949949,Ensalada,3,5.0,15.0,,,2023-05-14
TXN_9094261,Jugo,2,3.0,6.0,Nequi/Daviplata,Para llevar,2023-05-15
TXN_5661323,Galleta,2,1.0,2.0,Tarjeta Crédito,Para llevar,2023-05-06
TXN_2356583,Granizado,4,ERROR,16.0,Nequi/Daviplata,Restaurante,2023-11-30
TXN_4248711,Granizado,1,4.0,4.0,Efectivo,,2023-08-01
TXN_6270766,Galleta,1,1.0,1.0,,Restaurante,2023-11-10
TXN_9697154,Te,3,1.5,4.5,Tarjeta Crédito,Restaurante,2023-10-08
TXN_6381860,Café,1,2.0,2.0,Nequi/Daviplata,Restaurante,2023-08-21
TXN_6028331,Torta,4,3.0,12.0,Efectivo,,2023-10-22
TXN_8830924,Te,2,1.5,3.0,Tarjeta Crédito,,2023-10-25
TXN_3866156,Café,4,2.0,8.0,,Para llevar,2023-02-28
TXN_6872833,Café,DESCONOCIDO,2.0,2.0,,,2023-11-02
TXN_6405210,Café,4,2.0,8.0,Efectivo,DESCONOCIDO,2023-08-11
TXN_4740952,Te,4,1.5,6.0,,Para llevar,2023-02-21
TXN_6321174,Te,4,1.5,6.0,Nequi/Daviplata,,2023-12-09
TXN_5613875,Te,5,1.5,7.5,,Restaurante,DESCONOCIDO
TXN_6052901,Granizado,5,4.0,20.0,Tarjeta Crédito,Para llevar,2023-08-16
TXN_1253619,Jugo,5,3.0,15.0,,,2023-05-25
TXN_5537517,Granizado,3,4.0,12.0,Nequi/Daviplata,Para llevar,2023-10-27
TXN_5496019,Galleta,5,1.0,5.0,Efectivo,Restaurante,2023-11-26
TXN_4579666,Granizado,2,4.0,8.0,,,2023-10-23
TXN_6359281,Café,2,2.0,4.0,Tarjeta Crédito,DESCONOCIDO,2023-09-16
TXN_3620122,Sandwich,1,4.0,4.0,Efectivo,Restaurante,2023-05-06
TXN_8367716,Te,2,1.5,3.0,Tarjeta Crédito,Para llevar,2023-02-03
TXN_6779763,Galleta,1,1.0,ERROR,Tarjeta Crédito,DESCONOCIDO,2023-04-25
TXN_1985142,Granizado,3,4.0,12.0,Nequi/Daviplata,,DESCONOCIDO
TXN_8385321,Granizado,2,4.0,8.0,Tarjeta Crédito,Para llevar,2023-02-08
TXN_5345258,Ensalada,2,5.0,10.0,Tarjeta Crédito,Para llevar,2023-03-13
TXN_8932759,Granizado,3,4.0,12.0,Tarjeta Crédito,Para llevar,2023-09-01
TXN_6958638,Te,,1.5,1.5,Nequi/Daviplata,Para llevar,2023-11-27
TXN_3898665,Sandwich,2,4.0,8.0,Efectivo,Para llevar,2023-03-07
TXN_4996304,Café,2,2.0,4.0,Tarjeta Crédito,,2023-08-17
TXN_9566593,Torta,2,3.0,6.0,Nequi/Daviplata,,2023-09-30
TXN_4808700,Galleta,4,1.0,4.0,Efectivo,Para llevar,2023-01-13
TXN_5776252,Te,4,1.5,6.0,Efectivo,Para llevar,2023-08-11
TXN_5673476,Granizado,4,4.0,16.0,Efectivo,Para llevar,2023-02-09
TXN_6363733,Te,1,1.5,1.5,ERROR,Para llevar,2023-10-25
TXN_5297995,Te,5,1.5,7.5,,Restaurante,2023-07-04
TXN_8049635,Ensalada,3,5.0,15.0,Efectivo,,2023-11-16
TXN_2881529,,1,3.0,3.0,,Restaurante,2023-07-04
TXN_3459927,Galleta,ERROR,1.0,5.0,Nequi/Daviplata,Restaurante,2023-07-20
TXN_6478968,Ensalada,2,5.0,10.0,,,2023-09-12
TXN_4135861,Ensalada,2,5.0,10.0,Tarjeta Crédito,,2023-03-16
TXN_2031545,Jugo,2,3.0,6.0,Nequi/Daviplata,Restaurante,2023-05-02
TXN_4676976,Granizado,3,4.0,12.0,Nequi/Daviplata,Restaurante,2023-05-26
TXN_7421018,Sandwich,4,4.0,16.0,Nequi/Daviplata,,2023-08-26
TXN_8239121,Granizado,DESCONOCIDO,4.0,4.0,,Restaurante,2023-05-11
TXN_1435192,Torta,2,3.0,6.0,,,2023-06-18
TXN_5364052,Sandwich,2,4.0,8.0,Tarjeta Crédito,,2023-02-05
TXN_8345649,Galleta,5,1.0,5.0,Efectivo,,2023-08-23
TXN_8560548,Sandwich,1,4.0,4.0,Tarjeta Crédito,Para llevar,2023-09-02
TXN_2345332,Te,3,1.5,4.5,,Restaurante,2023-07-05
TXN_9389434,Torta,5,3.0,15.0,,Restaurante,2023-06-16
TXN_1240476,Jugo,2,3.0,6.0,Nequi/Daviplata,Para llevar,2023-04-20
TXN_8345092,Granizado,1,4.0,4.0,Tarjeta Crédito,ERROR,2023-07-24
TXN_5849947,Sandwich,5,4.0,20.0,Efectivo,ERROR,2023-02-02
TXN_8227648,ERROR,,1.5,4.5,,Para llevar,2023-05-31
TXN_7800602,Te,1,1.5,1.5,Efectivo,,2023-04-30
TXN_5926836,Torta,5,3.0,15.0,,Restaurante,2023-08-07
TXN_4397994,Galleta,5,1.0,5.0,,Para llevar,2023-09-26
TXN_1585827,Torta,3,3.0,9.0,Tarjeta Crédito,Restaurante,2023-09-30
TXN_3384640,Ensalada,4,5.0,20.0,,Para llevar,2023-10-17
TXN_1990029,Te,4,1.5,6.0,Tarjeta Crédito,Restaurante,2023-11-18
TXN_5796131,Granizado,3,4.0,12.0,Nequi/Daviplata,Para llevar,2023-09-30
TXN_5166412,DESCONOCIDO,4,1.0,4.0,DESCONOCIDO,Para llevar,2023-06-17
TXN_7804740,Granizado,2,4.0,8.0,Nequi/Daviplata,,2023-10-19
TXN_9082461,Torta,5,ERROR,15.0,Nequi/Daviplata,Restaurante,2023-05-30
TXN_6665881,Jugo,2,3.0,6.0,Tarjeta Crédito,,2023-07-04
TXN_4046039,Jugo,5,3.0,15.0,,Restaurante,2023-04-20
TXN_8447640,Sandwich,DESCONOCIDO,4.0,20.0,Efectivo,Restaurante,2023-06-12
TXN_3042768,Galleta,3,1.0,3.0,Nequi/Daviplata,Para llevar,2023-09-07
TXN_4664329,Te,2,1.5,3.0,Tarjeta Crédito,Para llevar,2023-01-06
TXN_7442492,Ensalada,5,5.0,25.0,Tarjeta Crédito,Para llevar,2023-07-23
TXN_8664335,Sandwich,5,4.0,20.0,Nequi/Daviplata,Para llevar,2023-06-12
TXN_7379007,Torta,2,3.0,6.0,,Para llevar,
TXN_1434857,Torta,5,3.0,15.0,ERROR,Restaurante,2023-01-13
TXN_1700374,Sandwich,5,4.0,20.0,,Restaurante,2023-08-11
TXN_8383484,ERROR,2,3.0,6.0,,,2023-12-20
TXN_1261028,Jugo,3,3.0,9.0,ERROR,Restaurante,2023-10-27
TXN_1478016,,4,1.0,4.0,,Restaurante,2023-08-04
TXN_5321145,Sandwich,5,4.0,20.0,Nequi/Daviplata,Para llevar,2023-08-29
TXN_3884995,Jugo,5,3.0,15.0,Efectivo,Restaurante,2023-12-25
TXN_4178488,Sandwich,3,4.0,12.0,Efectivo,Restaurante,2023-05-08
TXN_4826214,DESCONOCIDO,3,2.0,6.0,Nequi/Daviplata,Para llevar,2023-11-23
TXN_2579157,Sandwich,1,4.0,4.0,DESCONOCIDO,,2023-09-27
TXN_3597806,Galleta,3,1.0,3.0,Tarjeta Crédito,DESCONOCIDO,2023-12-11
TXN_7897119,Jugo,4,3.0,DESCONOCIDO,ERROR,Restaurante,2023-05-27
TXN_2245037,Café,2,2.0,4.0,,,2023-10-18
TXN_4833378,Torta,5,3.0,15.0,Nequi/Daviplata,,2023-10-15
TXN_7055306,Ensalada,1,5.0,5.0,,Para llevar,2023-03-09
TXN_9135433,Galleta,4,1.0,DESCONOCIDO,,Restaurante,2023-12-18
TXN_1715684,Granizado,1,4.0,4.0,DESCONOCIDO,Restaurante,2023-07-13
TXN_9073440,Sandwich,2,4.0,8.0,Tarjeta Crédito,Para llevar,2023-08-28
TXN_4089355,Ensalada,2,5.0,10.0,Tarjeta Crédito,Para llevar,2023-02-18
TXN_3834078,Jugo,1,3.0,3.0,,Restaurante,2023-01-29
TXN_5048650,Granizado,2,4.0,DESCONOCIDO,Efectivo,Para llevar,2023-11-18
TXN_1882700,Te,3,1.5,4.5,Nequi/Daviplata,Restaurante,2023-04-18
TXN_2112911,Ensalada,3,5.0,15.0,Nequi/Daviplata,Para llevar,2023-09-18
TXN_7568316,Torta,2,3.0,6.0,Tarjeta Crédito,,2023-11-28
TXN_3642982,Café,5,2.0,10.0,Efectivo,DESCONOCIDO,2023-10-04
TXN_4475094,Sandwich,3,4.0,12.0,ERROR,ERROR,2023-08-12
TXN_6768812,Café,4,2.0,8.0,ERROR,,2023-03-30
TXN_1419669,Torta,5,3.0,15.0,Efectivo,Para llevar,2023-03-07
TXN_9810604,Torta,2,3.0,6.0,ERROR,Para llevar,2023-04-02
TXN_4791243,Galleta,5,1.0,5.0,,Para llevar,2023-05-12
TXN_5665311,DESCONOCIDO,2,1.0,2.0,Tarjeta Crédito,Restaurante,2023-05-17
TXN_7920897,Ensalada,2,5.0,10.0,,Restaurante,2023-07-29
TXN_7515272,DESCONOCIDO,1,3.0,3.0,,,2023-08-12
TXN_5453836,Granizado,2,4.0,8.0,Tarjeta Crédito,Restaurante,2023-05-29
TXN_5578796,Te,4,1.5,6.0,,Restaurante,2023-04-27
TXN_8620592,Granizado,2,4.0,8.0,,Restaurante,2023-07-14
TXN_7402846,Jugo,DESCONOCIDO,3.0,6.0,Tarjeta Crédito,Para llevar,2023-10-11
TXN_9487214,Café,5,2.0,10.0,DESCONOCIDO,,2023-03-25
TXN_2274702,Galleta,5,1.0,5.0,Tarjeta Crédito,Restaurante,2023-12-11
TXN_2701016,Torta,5,3.0,15.0,Nequi/Daviplata,,2023-03-06
TXN_8809853,Café,1,2.0,2.0,Nequi/Daviplata,Para llevar,2023-10-29
TXN_7683607,Torta,1,3.0,3.0,Efectivo,,2023-03-17
TXN_2402928,Café,4,2.0,8.0,Efectivo,,2023-10-20
TXN_6516391,Torta,2,3.0,6.0,Nequi/Daviplata,,2023-06-16
TXN_9685326,Granizado,3,4.0,12.0,Nequi/Daviplata,Para llevar,2023-04-07
TXN_6181456,ERROR,1,1.0,,,Para llevar,2023-05-08
TXN_9858627,Jugo,4,3.0,12.0,DESCONOCIDO,,2023-01-22
TXN_9923613,Sandwich,4,4.0,16.0,,Restaurante,2023-11-08
TXN_7656770,Café,1,2.0,2.0,Tarjeta Crédito,,2023-12-24
TXN_4092551,Jugo,5,3.0,15.0,Tarjeta Crédito,Para llevar,2023-10-11
TXN_9894204,DESCONOCIDO,2,2.0,4.0,Efectivo,Para llevar,2023-08-08
TXN_7241288,Sandwich,5,4.0,20.0,Efectivo,Para llevar,2023-04-11
TXN_9833195,Café,2,2.0,4.0,,Para llevar,2023-03-03
TXN_9153854,Sandwich,2,4.0,8.0,,Restaurante,2023-04-04
TXN_1436851,Sandwich,5,4.0,20.0,Efectivo,Para llevar,2023-07-28
TXN_8598575,Sandwich,4,4.0,16.0,Nequi/Daviplata,,2023-11-14
TXN_1417871,Ensalada,3,5.0,15.0,Efectivo,Para llevar,2023-03-12
TXN_7844352,ERROR,2,,6.0,Tarjeta Crédito,,2023-07-26
TXN_2339781,Granizado,2,4.0,8.0,,Restaurante,2023-01-02
TXN_6674257,Sandwich,3,4.0,12.0,Efectivo,Para llevar,2023-07-20
TXN_2649010,Te,DESCONOCIDO,1.5,6.0,Efectivo,Para llevar,2023-08-01
TXN_1339158,Ensalada,4,5.0,20.0,Efectivo,,DESCONOCIDO
TXN_7948933,Sandwich,3,4.0,12.0,Efectivo,,ERROR
TXN_4965631,Granizado,3,4.0,12.0,Tarjeta Crédito,ERROR,2023-01-27
TXN_9254064,Café,2,2.0,4.0,Efectivo,Para llevar,2023-12-10
TXN_4554168,Te,4,1.5,6.0,Nequi/Daviplata,Restaurante,2023-04-08
TXN_6536418,Ensalada,5,5.0,25.0,Tarjeta Crédito,Restaurante,2023-02-11
TXN_9024186,Jugo,2,DESCONOCIDO,6.0,Efectivo,Para llevar,2023-12-17
TXN_4580084,Sandwich,5,4.0,,Tarjeta Crédito,Para llevar,2023-12-17
TXN_3996874,Te,4,1.5,6.0,Nequi/Daviplata,,2023-05-18
TXN_7106595,ERROR,ERROR,1.5,3.0,Tarjeta Crédito,Para llevar,2023-06-19
TXN_5439860,Te,1,1.5,1.5,Nequi/Daviplata,Restaurante,2023-04-18
TXN_3216618,Ensalada,4,5.0,20.0,Tarjeta Crédito,Restaurante,2023-12-30
TXN_8360779,Galleta,4,1.0,4.0,Tarjeta Crédito,Restaurante,2023-10-25
TXN_3700419,Galleta,4,1.0,4.0,ERROR,,2023-01-09
TXN_6369590,Ensalada,5,5.0,25.0,Nequi/Daviplata,Para llevar,2023-10-26
TXN_5039782,Te,3,1.5,4.5,Tarjeta Crédito,Para llevar,2023-06-21
TXN_7047860,Café,2,,4.0,,Para llevar,2023-06-18
TXN_2985748,Café,3,2.0,6.0,,Para llevar,2023-12-19
TXN_8616557,Sandwich,5,4.0,20.0,,Restaurante,2023-08-28
TXN_3171673,Granizado,2,4.0,8.0,Nequi/Daviplata,Para llevar,2023-12-07
TXN_4827637,Granizado,4,4.0,16.0,Efectivo,Restaurante,2023-04-28
TXN_1170198,Te,4,1.5,6.0,Tarjeta Crédito,Restaurante,2023-02-09
TXN_8166527,Ensalada,2,5.0,10.0,Efectivo,Restaurante,2023-05-24
TXN_3097593,Granizado,2,4.0,8.0,Tarjeta Crédito,Restaurante,2023-06-18
TXN_2981117,DESCONOCIDO,1,3.0,3.0,DESCONOCIDO,Restaurante,2023-10-02
TXN_3431526,Galleta,3,1.0,3.0,Tarjeta Crédito,Para llevar,2023-12-27
TXN_1817076,ERROR,3,3.0,DESCONOCIDO,Efectivo,Restaurante,2023-05-31
TXN_1489218,Ensalada,2,5.0,10.0,Nequi/Daviplata,,2023-09-13
TXN_1936644,Jugo,3,3.0,9.0,Nequi/Daviplata,ERROR,2023-01-28
TXN_4293694,Granizado,5,4.0,20.0,Efectivo,,2023-08-03
TXN_9469529,Café,2,2.0,4.0,,DESCONOCIDO,2023-08-09
TXN_2946861,DESCONOCIDO,3,3.0,,DESCONOCIDO,,2023-03-28
TXN_7919609,Sandwich,ERROR,4.0,12.0,,Restaurante,2023-01-31
TXN_7692019,Jugo,3,3.0,9.0,,Restaurante,2023-10-14
TXN_7677750,Te,2,1.5,,Efectivo,Para llevar,2023-12-24
TXN_9799633,Jugo,4,3.0,12.0,Efectivo,Restaurante,2023-11-07
TXN_4252036,Sandwich,2,4.0,8.0,Efectivo,Para llevar,2023-01-22
TXN_6637989,Granizado,1,4.0,4.0,Efectivo,,2023-11-09
TXN_2860514,Galleta,5,1.0,5.0,Tarjeta Crédito,,2023-09-01
TXN_4143449,Granizado,3,4.0,12.0,Nequi/Daviplata,,2023-08-23
TXN_1499208,,1,4.0,4.0,Efectivo,Para llevar,2023-11-01
TXN_1960599,Torta,4,3.0,12.0,Efectivo,,2023-01-06
TXN_1184377,Jugo,1,3.0,3.0,Efectivo,,2023-10-25
TXN_6995795,Ensalada,4,5.0,20.0,,Restaurante,2023-11-28
TXN_7805508,Granizado,5,4.0,20.0,,Restaurante,2023-07-10
TXN_6193929,Jugo,5,3.0,15.0,ERROR,Para llevar,2023-06-20
TXN_1942950,Sandwich,4,4.0,16.0,,Para llevar,2023-03-25
TXN_9759221,Café,3,ERROR,6.0,Efectivo,Para llevar,2023-06-23
TXN_1205522,Torta,5,3.0,15.0,,Restaurante,2023-12-26
TXN_7792223,Granizado,3,4.0,DESCONOCIDO,Tarjeta Crédito,,2023-07-21
TXN_7205370,Granizado,4,4.0,16.0,Efectivo,,2023-12-07
TXN_9992148,Te,3,1.5,4.5,Efectivo,Para llevar,2023-01-14
TXN_6305420,Galleta,3,1.0,3.0,,Restaurante,2023-06-17
TXN_9982090,Te,5,1.5,7.5,Nequi/Daviplata,Restaurante,2023-06-03
TXN_6507690,Jugo,,3.0,3.0,Nequi/Daviplata,Restaurante,2023-01-30
TXN_8487057,Granizado,5,4.0,20.0,,Para llevar,2023-06-01
TXN_6646382,Te,4,1.5,6.0,ERROR,ERROR,2023-09-16
TXN_5255092,Sandwich,1,4.0,4.0,ERROR,Para llevar,2023-10-08
TXN_8402941,Torta,5,3.0,15.0,Tarjeta Crédito,Restaurante,2023-11-26
TXN_4265056,Jugo,1,3.0,3.0,Efectivo,,2023-07-16
TXN_4605871,Galleta,1,1.0,1.0,ERROR,ERROR,2023-06-20
TXN_7976001,Jugo,4,3.0,12.0,Tarjeta Crédito,Restaurante,2023-06-27
TXN_4969003,Galleta,1,1.0,DESCONOCIDO,Nequi/Daviplata,Restaurante,2023-04-19
TXN_3629728,Granizado,1,4.0,4.0,Nequi/Daviplata,Para llevar,2023-03-11
TXN_7027319,Granizado,,4.0,12.0,Tarjeta Crédito,Para llevar,2023-02-25
TXN_1907428,Jugo,4,3.0,12.0,Tarjeta Crédito,Restaurante,2023-06-06
TXN_6594753,Jugo,3,3.0,9.0,,DESCONOCIDO,2023-03-16
TXN_8554646,Café,2,2.0,4.0,Efectivo,,2023-01-10
TXN_5860664,Jugo,5,3.0,15.0,Nequi/Daviplata,,2023-06-06
TXN_3586768,Café,2,2.0,4.0,,Restaurante,2023-05-23
TXN_5765294,Galleta,4,1.0,4.0,Nequi/Daviplata,Restaurante,2023-11-14
TXN_4966149,Jugo,2,3.0,6.0,Efectivo,,2023-04-10
TXN_3652726,Sandwich,3,4.0,12.0,,Restaurante,2023-08-03
TXN_2273573,Galleta,5,1.0,5.0,Efectivo,Restaurante,2023-11-12
TXN_7924516,Galleta,1,1.0,1.0,Tarjeta Crédito,,2023-04-23
TXN_2083132,Ensalada,1,5.0,5.0,DESCONOCIDO,,2023-08-31
TXN_8837131,ERROR,3,4.0,12.0,Nequi/Daviplata,Restaurante,2023-12-23
TXN_2659832,Sandwich,3,,12.0,Tarjeta Crédito,ERROR,2023-12-05
TXN_5049646,Jugo,2,3.0,6.0,Tarjeta Crédito,Restaurante,2023-08-30
TXN_9182359,Ensalada,3,5.0,15.0,,Restaurante,DESCONOCIDO
TXN_7401217,Ensalada,DESCONOCIDO,5.0,20.0,,,2023-02-06
TXN_6853142,Granizado,3,4.0,12.0,Efectivo,ERROR,2023-07-21
TXN_4031726,Torta,4,3.0,12.0,Tarjeta Crédito,Para llevar,2023-11-22
TXN_9512112,Café,4,2.0,8.0,Efectivo,Para llevar,2023-05-25
TXN_9428611,Ensalada,4,5.0,20.0,Nequi/Daviplata,,2023-07-13
TXN_1472433,ERROR,1,2.0,2.0,Nequi/Daviplata,Para llevar,2023-04-05
TXN_5235471,Torta,5,3.0,15.0,,Restaurante,DESCONOCIDO
TXN_5483635,Jugo,3,3.0,9.0,Tarjeta Crédito,Restaurante,2023-03-23
TXN_1848481,Galleta,4,1.0,4.0,Tarjeta Crédito,,DESCONOCIDO
TXN_3478169,Jugo,2,3.0,6.0,Efectivo,Restaurante,2023-02-03
TXN_3842766,Te,3,1.5,4.5,Tarjeta Crédito,Restaurante,2023-03-24
TXN_7805115,Granizado,2,4.0,8.0,ERROR,,2023-12-18
TXN_7565447,Ensalada,1,5.0,ERROR,,,2023-02-15
TXN_8225343,Granizado,1,4.0,4.0,Efectivo,,2023-05-10
TXN_3822036,Granizado,3,4.0,12.0,Tarjeta Crédito,Para llevar,2023-05-07
TXN_3019996,Sandwich,2,4.0,8.0,Efectivo,,2023-06-27
TXN_8397209,DESCONOCIDO,3,1.5,4.5,Efectivo,Restaurante,2023-10-12
TXN_5634977,Café,5,2.0,10.0,,Restaurante,2023-03-06
TXN_8165784,Torta,5,3.0,15.0,Nequi/Daviplata,,2023-10-15
TXN_3619141,Galleta,4,1.0,4.0,Nequi/Daviplata,Restaurante,2023-09-30
TXN_7160017,Jugo,1,3.0,3.0,Efectivo,Restaurante,2023-09-27
TXN_9513509,Sandwich,1,4.0,4.0,Tarjeta Crédito,,2023-04-27
TXN_5919038,Galleta,1,1.0,1.0,Tarjeta Crédito,Restaurante,2023-12-15
TXN_8384229,Te,4,1.5,6.0,Nequi/Daviplata,,2023-01-08
TXN_9011816,Torta,1,3.0,3.0,DESCONOCIDO,Para llevar,2023-04-02
TXN_2916992,Ensalada,2,5.0,10.0,Efectivo,Para llevar,2023-08-20
TXN_4350788,Te,3,DESCONOCIDO,4.5,,Restaurante,2023-06-28
TXN_3132488,Sandwich,DESCONOCIDO,4.0,16.0,Tarjeta Crédito,Para llevar,2023-09-12
TXN_9126573,Ensalada,4,5.0,20.0,Nequi/Daviplata,,2023-06-17
TXN_5347338,Torta,4,3.0,12.0,Nequi/Daviplata,Para llevar,2023-07-04
TXN_9455737,ERROR,3,5.0,15.0,,,DESCONOCIDO
TXN_2930963,DESCONOCIDO,2,4.0,8.0,Nequi/Daviplata,Restaurante,2023-02-09
TXN_7997252,DESCONOCIDO,3,3.0,9.0,Tarjeta Crédito,,2023-05-28
TXN_1907740,Sandwich,1,4.0,4.0,Efectivo,,2023-03-17
TXN_3654670,Jugo,1,3.0,3.0,Tarjeta Crédito,Para llevar,2023-06-14
TXN_1432682,Te,1,1.5,1.5,,DESCONOCIDO,2023-07-11
TXN_3938271,Ensalada,3,5.0,15.0,,Restaurante,2023-01-12
TXN_7619641,Jugo,3,3.0,9.0,,Restaurante,2023-04-02
TXN_1870423,Ensalada,2,5.0,10.0,Tarjeta Crédito,Para llevar,2023-04-12
TXN_1006942,Ensalada,1,5.0,5.0,Tarjeta Crédito,Restaurante,2023-11-30
TXN_2282319,Jugo,2,3.0,,Efectivo,Restaurante,2023-08-14
TXN_6812735,Te,5,1.5,7.5,,ERROR,2023-04-21
TXN_6922833,Te,1,1.5,1.5,ERROR,Para llevar,2023-11-17
TXN_1026799,Torta,5,3.0,15.0,Tarjeta Crédito,,DESCONOCIDO
TXN_5783469,Ensalada,ERROR,5.0,15.0,,ERROR,2023-06-14
TXN_8489120,Galleta,2,1.0,2.0,Tarjeta Crédito,,2023-11-07
TXN_6200609,Ensalada,5,5.0,DESCONOCIDO,Nequi/Daviplata,Para llevar,2023-04-12
TXN_8194534,Café,2,2.0,4.0,Efectivo,,2023-05-19
TXN_7238674,Galleta,1,1.0,1.0,,,2023-11-03
TXN_6968752,Te,1,DESCONOCIDO,1.5,,,2023-04-07
TXN_2582926,Granizado,4,4.0,16.0,,ERROR,ERROR
TXN_1346953,Te,3,1.5,4.5,,Restaurante,2023-09-24
TXN_8742689,Te,5,1.5,7.5,Nequi/Daviplata,Para llevar,2023-01-05
TXN_2144031,Jugo,1,3.0,3.0,,,2023-02-25
TXN_1996466,Granizado,1,4.0,4.0,Nequi/Daviplata,,2023-04-24
TXN_1124796,ERROR,5,1.5,7.5,Tarjeta Crédito,,2023-10-28
TXN_7124156,Ensalada,1,5.0,5.0,Tarjeta Crédito,Para llevar,2023-07-28
TXN_3150614,Sandwich,1,4.0,4.0,Efectivo,Para llevar,2023-08-06
TXN_5263693,Jugo,1,3.0,3.0,Nequi/Daviplata,Para llevar,2023-01-20
TXN_1785644,,5,1.5,7.5,,,2023-08-13
TXN_1702437,Granizado,4,4.0,16.0,Tarjeta Crédito,Para llevar,2023-06-27
TXN_6500713,Galleta,3,1.0,3.0,,Restaurante,2023-04-30
TXN_8725721,Sandwich,1,4.0,4.0,Efectivo,ERROR,2023-06-04
TXN_8965025,Ensalada,1,5.0,5.0,Efectivo,Restaurante,2023-04-14
TXN_8491490,Café,2,2.0,4.0,,Restaurante,2023-01-16
TXN_4328869,Sandwich,2,4.0,8.0,Efectivo,,2023-05-02
TXN_3849711,Granizado,5,4.0,20.0,Efectivo,,2023-08-14
TXN_1334406,Jugo,1,3.0,3.0,Nequi/Daviplata,Restaurante,2023-09-26
TXN_1556708,Granizado,1,4.0,4.0,Nequi/Daviplata,Para llevar,2023-06-11
TXN_8422494,Ensalada,4,5.0,20.0,Efectivo,Restaurante,2023-06-08
TXN_3427754,Granizado,2,4.0,8.0,Nequi/Daviplata,Para llevar,2023-08-06
TXN_3512545,Galleta,,1.0,4.0,Tarjeta Crédito,Restaurante,2023-08-08
TXN_7703185,Torta,1,DESCONOCIDO,3.0,Nequi/Daviplata,Para llevar,2023-12-10
TXN_8455321,Granizado,3,4.0,12.0,,Restaurante,2023-01-25
TXN_9904505,Granizado,2,4.0,8.0,Nequi/Daviplata,ERROR,2023-06-07
TXN_5020643,Te,3,1.5,4.5,Nequi/Daviplata,Restaurante,2023-10-19
TXN_8170122,Galleta,5,1.0,5.0,Nequi/Daviplata,Restaurante,2023-03-20
TXN_5067216,DESCONOCIDO,4,5.0,20.0,,Para llevar,2023-07-24
TXN_3930540,Granizado,3,4.0,12.0,Efectivo,DESCONOCIDO,2023-03-24
TXN_4663537,Café,5,2.0,10.0,Tarjeta Crédito,,2023-10-22
TXN_5392630,Jugo,5,3.0,ERROR,Efectivo,Para llevar,2023-11-23
TXN_9480851,Torta,3,3.0,ERROR,,Restaurante,2023-03-21
TXN_5927620,Granizado,1,4.0,4.0,Tarjeta Crédito,,2023-05-04
TXN_1561430,Te,2,1.5,3.0,,Para llevar,2023-10-13
TXN_1133945,Granizado,2,4.0,8.0,Nequi/Daviplata,Restaurante,2023-10-23
TXN_5467240,Granizado,5,4.0,20.0,Nequi/Daviplata,DESCONOCIDO,2023-10-20
TXN_3210288,Ensalada,3,ERROR,15.0,DESCONOCIDO,Para llevar,2023-04-30
TXN_1586452,Ensalada,2,5.0,ERROR,Efectivo,Restaurante,2023-02-01
TXN_9814929,Torta,3,3.0,9.0,Nequi/Daviplata,Restaurante,2023-10-01
TXN_8961480,Te,4,1.5,6.0,Efectivo,,2023-02-18
TXN_1826919,Jugo,4,3.0,12.0,Tarjeta Crédito,Restaurante,2023-02-21
TXN_3135048,Ensalada,1,5.0,5.0,Tarjeta Crédito,Para llevar,2023-02-03
TXN_3105263,ERROR,4,4.0,16.0,Tarjeta Crédito,Para llevar,2023-11-25
TXN_4504141,Sandwich,5,4.0,,Tarjeta Crédito,,2023-09-28
TXN_7408461,Jugo,3,3.0,9.0,DESCONOCIDO,Restaurante,2023-11-05
TXN_8108115,Café,ERROR,2.0,6.0,,Restaurante,2023-08-24
TXN_6655437,Jugo,1,3.0,3.0,ERROR,,2023-07-07
TXN_9120328,Te,5,1.5,7.5,Tarjeta Crédito,Para llevar,2023-10-22
TXN_3906862,Torta,5,3.0,15.0,Efectivo,,2023-08-14
TXN_8468071,Galleta,4,1.0,4.0,,,2023-08-22
TXN_7543921,Café,3,2.0,6.0,Efectivo,Restaurante,2023-12-06
TXN_8714536,ERROR,4,4.0,16.0,Nequi/Daviplata,Para llevar,2023-05-06
TXN_3282601,,2,3.0,6.0,Nequi/Daviplata,Restaurante,2023-02-03
TXN_4569599,DESCONOCIDO,2,1.5,3.0,Efectivo,,2023-02-07
TXN_2970011,Café,4,2.0,8.0,Tarjeta Crédito,Para llevar,2023-06-04
TXN_5556328,Te,5,1.5,7.5,Nequi/Daviplata,Restaurante,2023-12-10
TXN_8786159,Café,3,2.0,6.0,Efectivo,Restaurante,2023-04-05
TXN_2467699,Te,1,1.5,1.5,Efectivo,DESCONOCIDO,2023-06-17
TXN_3085628,Ensalada,1,5.0,5.0,Efectivo,,2023-08-26
TXN_7952153,Granizado,2,4.0,8.0,Nequi/Daviplata,,2023-07-24
TXN_4439321,Café,3,2.0,6.0,Efectivo,Restaurante,2023-04-25
TXN_1488127,Te,5,,7.5,,Para llevar,2023-12-12
TXN_6687734,Torta,1,3.0,3.0,ERROR,Restaurante,2023-03-14
TXN_7323885,Sandwich,5,4.0,20.0,Efectivo,Restaurante,2023-09-15
TXN_7894558,Café,2,2.0,4.0,,,2023-01-04
TXN_4019040,Te,1,1.5,1.5,Efectivo,Restaurante,2023-02-01
TXN_1570573,Sandwich,3,4.0,12.0,Nequi/Daviplata,Para llevar,2023-04-09
TXN_5991995,Torta,1,3.0,3.0,Nequi/Daviplata,Restaurante,2023-01-08
TXN_2437586,Sandwich,4,4.0,16.0,Efectivo,,2023-08-29
TXN_7326827,Granizado,1,4.0,4.0,,Restaurante,2023-06-30
TXN_6004431,Sandwich,2,4.0,8.0,Efectivo,Para llevar,2023-04-07
TXN_7475500,Galleta,2,1.0,2.0,Efectivo,,2023-11-22
TXN_8122317,Café,3,2.0,6.0,Efectivo,Para llevar,2023-10-16
TXN_2028930,Galleta,2,1.0,2.0,Nequi/Daviplata,,2023-11-25
TXN_3394874,Café,4,2.0,8.0,Tarjeta Crédito,Para llevar,2023-06-18
TXN_5804346,Te,DESCONOCIDO,1.5,1.5,Tarjeta Crédito,,2023-07-05
TXN_5926025,,2,4.0,,Nequi/Daviplata,,2023-07-29
TXN_2220389,Ensalada,4,5.0,20.0,Tarjeta Crédito,DESCONOCIDO,2023-07-26
TXN_9603773,Galleta,2,1.0,2.0,Tarjeta Crédito,,2023-10-10
TXN_1285279,Café,2,2.0,4.0,Efectivo,Para llevar,2023-04-09
TXN_5244558,Granizado,4,4.0,16.0,Nequi/Daviplata,,2023-06-06
TXN_1702434,Granizado,3,4.0,12.0,Nequi/Daviplata,,2023-07-22
TXN_2425755,Granizado,1,4.0,4.0,,Para llevar,2023-09-14
TXN_5350200,DESCONOCIDO,1,4.0,4.0,Efectivo,Restaurante,2023-12-02
TXN_7151817,Sandwich,1,4.0,4.0,Efectivo,Restaurante,2023-05-18
TXN_7514589,Jugo,3,3.0,9.0,Efectivo,Para llevar,2023-07-25
TXN_5962237,Jugo,1,3.0,3.0,,Para llevar,2023-10-31
TXN_9059245,DESCONOCIDO,1,4.0,4.0,Efectivo,,2023-07-11
TXN_2188356,Te,1,1.5,1.5,,Restaurante,2023-07-14
TXN_8019335,Granizado,3,4.0,12.0,Nequi/Daviplata,Para llevar,2023-11-26
TXN_5921650,Ensalada,,5.0,20.0,,Restaurante,2023-10-13
TXN_5248011,Torta,2,3.0,6.0,,Restaurante,2023-01-21
TXN_7332957,Sandwich,5,4.0,20.0,Nequi/Daviplata,,2023-07-26
TXN_1278539,Te,1,1.5,1.5,Tarjeta Crédito,Para llevar,2023-04-04
TXN_1186221,Ensalada,4,5.0,20.0,Efectivo,Para llevar,2023-04-21
TXN_3086676,Torta,2,3.0,6.0,Efectivo,DESCONOCIDO,2023-07-21
TXN_9696138,Jugo,3,3.0,9.0,,,2023-12-01
TXN_1846455,Sandwich,4,4.0,16.0,,,2023-03-16
TXN_1548245,,4,4.0,16.0,Tarjeta Crédito,,2023-03-15
TXN_1839407,Galleta,3,1.0,3.0,Efectivo,,2023-03-15
TXN_9028798,Torta,2,3.0,6.0,Efectivo,Restaurante,2023-05-25
TXN_4672332,Torta,4,3.0,,Efectivo,Restaurante,2023-03-29
TXN_2726078,Café,3,2.0,6.0,Nequi/Daviplata,,2023-11-27
TXN_5249091,Granizado,5,4.0,20.0,Tarjeta Crédito,Restaurante,2023-08-15
TXN_9507397,Galleta,3,1.0,3.0,Tarjeta Crédito,Para llevar,2023-10-26
TXN_6948649,ERROR,5,1.5,7.5,Efectivo,Restaurante,2023-11-27
TXN_3300171,Galleta,5,1.0,5.0,Tarjeta Crédito,Restaurante,2023-02-14
TXN_2773085,Café,1,,2.0,,,2023-10-16
TXN_4697112,Sandwich,3,4.0,12.0,Tarjeta Crédito,,2023-04-08
TXN_7897423,DESCONOCIDO,4,5.0,20.0,,,2023-05-24
TXN_6373380,Café,4,2.0,8.0,Efectivo,Restaurante,2023-07-21
TXN_8668590,Galleta,4,1.0,4.0,Nequi/Daviplata,,2023-04-18
TXN_9121676,Granizado,4,4.0,16.0,,,2023-12-25
TXN_4956012,Sandwich,1,4.0,4.0,,Restaurante,2023-07-20
TXN_4341126,Torta,2,3.0,6.0,Efectivo,,2023-07-01
TXN_9792412,Te,DESCONOCIDO,1.5,6.0,Nequi/Daviplata,Para llevar,2023-06-15
TXN_2103018,Torta,5,3.0,,Tarjeta Crédito,Restaurante,2023-11-24
TXN_9843421,ERROR,3,3.0,9.0,DESCONOCIDO,Restaurante,2023-09-06
TXN_2227781,Torta,1,3.0,3.0,Efectivo,Para llevar,2023-01-21
TXN_6159539,Jugo,1,3.0,3.0,Nequi/Daviplata,,2023-01-12
TXN_8014766,DESCONOCIDO,1,4.0,4.0,,,2023-10-05
TXN_5234152,Galleta,5,1.0,5.0,Nequi/Daviplata,Para llevar,2023-03-26
TXN_9468033,Jugo,1,3.0,3.0,Tarjeta Crédito,,2023-12-13
TXN_3132304,Sandwich,1,4.0,4.0,Tarjeta Crédito,,2023-01-21
TXN_6262910,Torta,4,3.0,12.0,Efectivo,Para llevar,2023-07-02
TXN_7543841,Galleta,3,1.0,3.0,Efectivo,Restaurante,2023-11-07
TXN_7901672,Galleta,1,1.0,1.0,,,2023-06-24
TXN_1058957,Jugo,2,3.0,6.0,Efectivo,Restaurante,2023-03-21
TXN_7635738,Café,ERROR,2.0,8.0,Efectivo,Para llevar,2023-08-08
TXN_2728444,Ensalada,1,5.0,5.0,Nequi/Daviplata,Para llevar,2023-01-23
TXN_9073184,Torta,2,3.0,6.0,DESCONOCIDO,,2023-04-14
TXN_2044945,ERROR,2,1.5,3.0,Efectivo,,2023-10-18
TXN_5665341,Te,5,1.5,7.5,Efectivo,,2023-02-27
TXN_1509627,Jugo,4,DESCONOCIDO,12.0,Nequi/Daviplata,,2023-03-23
TXN_7813066,Jugo,1,,3.0,,,2023-02-28
TXN_5518591,Galleta,4,1.0,4.0,Nequi/Daviplata,,2023-09-21
TXN_6540415,Torta,5,3.0,15.0,,DESCONOCIDO,2023-05-27
TXN_2991726,Jugo,5,ERROR,15.0,,Restaurante,2023-09-01
TXN_7939659,Torta,3,3.0,9.0,Nequi/Daviplata,Para llevar,2023-07-26
TXN_7531403,Granizado,2,4.0,8.0,Efectivo,Restaurante,2023-07-08
TXN_3767196,Ensalada,4,5.0,20.0,Efectivo,,2023-08-30
TXN_3562332,Ensalada,5,5.0,25.0,,,2023-06-20
TXN_7302788,Café,1,2.0,2.0,Efectivo,Restaurante,2023-09-18
TXN_9233948,Galleta,4,1.0,4.0,Efectivo,,2023-03-26
TXN_1510673,Jugo,3,3.0,9.0,,ERROR,2023-02-26
TXN_9867586,Granizado,4,4.0,16.0,,Restaurante,2023-06-02
TXN_1750875,Jugo,3,3.0,9.0,,,2023-12-13
TXN_6397944,Ensalada,5,5.0,25.0,,DESCONOCIDO,2023-10-31
TXN_5216430,Galleta,3,,3.0,,DESCONOCIDO,2023-02-05
TXN_2723755,Jugo,3,3.0,9.0,Efectivo,,2023-06-30
TXN_2313646,Sandwich,3,4.0,12.0,,Restaurante,2023-08-24
TXN_6327139,ERROR,4,4.0,16.0,,Para llevar,ERROR
TXN_4028494,Torta,3,3.0,9.0,Nequi/Daviplata,Restaurante,2023-10-22
TXN_1412415,Jugo,3,3.0,9.0,Efectivo,Restaurante,2023-02-24
TXN_7398884,ERROR,3,4.0,12.0,,Para llevar,2023-12-24
TXN_6546131,Café,4,2.0,8.0,Tarjeta Crédito,Restaurante,2023-06-26
TXN_9030656,Jugo,5,3.0,15.0,Nequi/Daviplata,Para llevar,2023-12-12
TXN_1950777,Ensalada,5,5.0,25.0,Efectivo,Para llevar,2023-08-26
TXN_4605239,Café,1,2.0,2.0,Tarjeta Crédito,,2023-08-06
TXN_8019396,Sandwich,3,4.0,12.0,,,2023-10-20
TXN_3716685,,5,4.0,20.0,Nequi/Daviplata,Para llevar,ERROR
TXN_1580822,Jugo,5,3.0,15.0,Tarjeta Crédito,,ERROR
TXN_5060289,Te,5,1.5,7.5,Tarjeta Crédito,DESCONOCIDO,
TXN_7874772,Te,1,1.5,1.5,Tarjeta Crédito,Para llevar,2023-04-26
TXN_2625464,Granizado,3,4.0,12.0,Tarjeta Crédito,Restaurante,2023-10-06
TXN_9338442,Torta,1,3.0,3.0,Nequi/Daviplata,Restaurante,2023-12-29
TXN_2953908,Café,5,2.0,10.0,Tarjeta Crédito,Restaurante,2023-10-11
TXN_2576936,Torta,3,3.0,9.0,Efectivo,,2023-10-14
TXN_4586482,Jugo,3,3.0,9.0,,Restaurante,2023-09-04
TXN_3660806,Galleta,5,DESCONOCIDO,5.0,,Para llevar,2023-02-14
TXN_8069514,Granizado,4,4.0,16.0,Tarjeta Crédito,,
TXN_6410244,Te,4,1.5,6.0,Tarjeta Crédito,Para llevar,2023-01-06
TXN_5026431,,5,4.0,20.0,Efectivo,,2023-12-05
TXN_3106348,Ensalada,4,5.0,20.0,Nequi/Daviplata,Restaurante,2023-01-10
TXN_6216278,Café,4,2.0,8.0,Tarjeta Crédito,Restaurante,2023-11-06
TXN_9947324,Sandwich,2,4.0,8.0,Nequi/Daviplata,Para llevar,2023-08-22
TXN_9531434,Galleta,1,1.0,DESCONOCIDO,Tarjeta Crédito,Para llevar,2023-10-09
TXN_4104718,Galleta,2,1.0,2.0,Efectivo,,2023-11-08
TXN_5789560,Jugo,2,3.0,6.0,Efectivo,Para llevar,2023-02-13
TXN_8285752,Galleta,4,1.0,4.0,,Restaurante,2023-01-07
TXN_8099340,DESCONOCIDO,4,1.5,6.0,,Restaurante,2023-04-23
TXN_7733300,Granizado,2,4.0,8.0,Efectivo,Para llevar,2023-12-10
TXN_4416331,Galleta,1,1.0,1.0,,Para llevar,2023-02-13
TXN_3551665,Jugo,4,3.0,12.0,Tarjeta Crédito,Restaurante,2023-04-06
TXN_7377496,DESCONOCIDO,1,3.0,3.0,Tarjeta Crédito,Para llevar,2023-02-28
TXN_4637438,Ensalada,2,5.0,10.0,,Para llevar,2023-04-07
TXN_5493965,Jugo,1,3.0,3.0,,,2023-06-16
TXN_2525207,Galleta,2,1.0,2.0,Nequi/Daviplata,,2023-11-25
TXN_7354480,Torta,2,3.0,6.0,Efectivo,,2023-01-17
TXN_6819128,Ensalada,1,5.0,5.0,Efectivo,,2023-10-19
TXN_5023419,Galleta,3,1.0,3.0,Nequi/Daviplata,Para llevar,2023-02-26
TXN_9864890,Sandwich,3,4.0,12.0,,Restaurante,2023-12-06
TXN_8798330,,1,2.0,2.0,,Restaurante,2023-02-16
TXN_9951411,Café,1,2.0,2.0,Efectivo,Restaurante,2023-08-09
TXN_6755795,Granizado,5,4.0,20.0,Efectivo,DESCONOCIDO,2023-02-22
TXN_7507071,Granizado,2,4.0,8.0,,Restaurante,2023-01-10
TXN_1018470,Jugo,3,3.0,9.0,,ERROR,2023-01-14
TXN_2924262,Galleta,5,1.0,5.0,,,2023-09-01
TXN_6472242,Sandwich,1,4.0,4.0,,,2023-03-27
TXN_8482647,Sandwich,5,4.0,20.0,Tarjeta Crédito,,2023-01-08
TXN_6994354,Ensalada,5,5.0,25.0,,Para llevar,2023-07-03
TXN_3520910,Ensalada,1,5.0,5.0,Tarjeta Crédito,Para llevar,2023-05-06
TXN_8589003,Te,4,1.5,,Efectivo,DESCONOCIDO,2023-08-25
TXN_3219263,Granizado,5,4.0,20.0,DESCONOCIDO,Para llevar,2023-03-31
TXN_9619442,Torta,4,3.0,12.0,Nequi/Daviplata,Restaurante,2023-05-23
TXN_1050323,Jugo,1,3.0,3.0,,Restaurante,2023-03-10
TXN_8379815,Granizado,5,,20.0,Tarjeta Crédito,,2023-07-31
TXN_6746916,Café,1,2.0,2.0,Efectivo,Para llevar,2023-11-15
TXN_1547717,Sandwich,5,4.0,,,,2023-12-15
TXN_8407982,Ensalada,2,5.0,10.0,Nequi/Daviplata,Para llevar,2023-09-17
TXN_3484276,Galleta,5,1.0,5.0,Nequi/Daviplata,Para llevar,2023-06-14
TXN_3705669,Te,2,1.5,3.0,ERROR,,2023-11-23
TXN_4105487,Sandwich,4,4.0,16.0,Nequi/Daviplata,Restaurante,2023-04-13
TXN_6856558,Jugo,4,3.0,12.0,,Para llevar,2023-10-30
TXN_3669990,Te,2,1.5,3.0,Efectivo,Para llevar,2023-01-27
TXN_5994713,Te,3,1.5,4.5,,Para llevar,2023-03-05
TXN_8091357,Café,1,2.0,2.0,Efectivo,DESCONOCIDO,2023-12-28
TXN_9555958,Granizado,4,4.0,16.0,Nequi/Daviplata,Para llevar,2023-09-30
TXN_4194085,Ensalada,1,5.0,5.0,Tarjeta Crédito,,2023-05-25
TXN_7780748,Galleta,3,1.0,3.0,Tarjeta Crédito,Restaurante,2023-01-19
TXN_7914340,Te,DESCONOCIDO,1.5,1.5,,ERROR,2023-09-04
TXN_7780786,Torta,1,3.0,3.0,Tarjeta Crédito,,2023-10-30
TXN_1048284,Ensalada,2,5.0,10.0,Efectivo,Restaurante,2023-08-19
TXN_3301517,Ensalada,DESCONOCIDO,5.0,25.0,Tarjeta Crédito,Restaurante,2023-04-13
TXN_3120848,Galleta,1,1.0,1.0,Efectivo,Restaurante,2023-11-01
TXN_3764807,Granizado,2,,8.0,,,2023-08-28
TXN_3315467,Sandwich,2,4.0,8.0,Nequi/Daviplata,Para llevar,2023-11-17
TXN_9363990,Torta,3,3.0,,Tarjeta Crédito,DESCONOCIDO,2023-01-17
TXN_9666257,Jugo,2,3.0,6.0,,Restaurante,2023-09-27
TXN_1504466,Café,1,2.0,2.0,Efectivo,,2023-11-07
TXN_3324387,DESCONOCIDO,1,4.0,4.0,Tarjeta Crédito,,2023-12-13
TXN_7603895,Granizado,5,4.0,20.0,Tarjeta Crédito,Restaurante,DESCONOCIDO
TXN_1477525,Ensalada,3,5.0,15.0,Efectivo,Para llevar,2023-11-06
TXN_9063624,Café,1,2.0,2.0,Tarjeta Crédito,DESCONOCIDO,2023-04-21
TXN_1595139,Granizado,5,4.0,20.0,Efectivo,,2023-08-24
TXN_8606912,Ensalada,5,ERROR,25.0,Nequi/Daviplata,,2023-03-10
TXN_8548232,Sandwich,4,4.0,16.0,Nequi/Daviplata,Restaurante,2023-06-21
TXN_6074414,Ensalada,2,5.0,10.0,Tarjeta Crédito,ERROR,2023-11-13
TXN_2010658,Granizado,3,4.0,12.0,,ERROR,2023-02-20
TXN_5070577,Galleta,,1.0,4.0,Tarjeta Crédito,Para llevar,2023-02-07
TXN_5426236,,3,4.0,12.0,Efectivo,Para llevar,2023-08-31
TXN_8867957,Sandwich,1,4.0,4.0,Nequi/Daviplata,,2023-01-04
TXN_3241422,Ensalada,2,5.0,10.0,Efectivo,Para llevar,2023-07-17
TXN_6036254,ERROR,3,2.0,6.0,Tarjeta Crédito,,2023-09-20
TXN_3580048,Granizado,5,,20.0,,,2023-05-17
TXN_2756336,Granizado,3,4.0,12.0,Tarjeta Crédito,Para llevar,2023-07-07
TXN_9691873,Jugo,2,ERROR,6.0,Nequi/Daviplata,Para llevar,2023-02-15
TXN_2466187,Café,2,2.0,4.0,,Para llevar,2023-04-18
TXN_9699116,Galleta,2,1.0,2.0,Nequi/Daviplata,Restaurante,
TXN_7964520,Café,1,2.0,2.0,,Restaurante,2023-03-26
TXN_3185667,Te,5,DESCONOCIDO,7.5,Nequi/Daviplata,,2023-12-26
TXN_8167741,Sandwich,4,4.0,16.0,,Para llevar,2023-09-09
TXN_1015883,Galleta,4,1.0,4.0,Efectivo,Restaurante,2023-10-16
TXN_8838566,Torta,5,3.0,15.0,Nequi/Daviplata,Restaurante,2023-07-25
TXN_2423343,Te,4,1.5,6.0,ERROR,Restaurante,2023-09-25
TXN_1496038,Jugo,4,3.0,12.0,,Restaurante,2023-12-22
TXN_9484436,Ensalada,1,,5.0,Tarjeta Crédito,Restaurante,2023-01-20
TXN_7670699,Jugo,1,3.0,3.0,Efectivo,Restaurante,2023-12-24
TXN_7765640,ERROR,ERROR,2.0,2.0,Tarjeta Crédito,,2023-07-07
TXN_5412418,,3,3.0,9.0,Efectivo,,2023-09-23
TXN_2053631,Ensalada,1,5.0,5.0,Tarjeta Crédito,,2023-03-21
TXN_3632064,Galleta,5,1.0,5.0,Efectivo,,2023-02-12
TXN_4254587,Granizado,1,4.0,4.0,Nequi/Daviplata,,2023-05-27
TXN_9605972,Torta,3,3.0,9.0,,ERROR,2023-09-30
TXN_1323030,Ensalada,4,5.0,20.0,,Restaurante,2023-03-30
TXN_7989903,Jugo,2,3.0,6.0,Efectivo,,2023-06-19
TXN_7423885,Jugo,4,3.0,12.0,Nequi/Daviplata,Para llevar,2023-09-06
TXN_1495371,Sandwich,2,4.0,ERROR,Tarjeta Crédito,Para llevar,2023-07-21
TXN_8934025,Galleta,2,1.0,2.0,,,2023-12-18
TXN_7515290,Granizado,DESCONOCIDO,4.0,12.0,Nequi/Daviplata,,2023-12-23
TXN_3711520,Te,1,1.5,1.5,,Restaurante,2023-06-29
TXN_3841683,Sandwich,1,4.0,4.0,DESCONOCIDO,Restaurante,2023-06-20
TXN_9100530,Sandwich,3,4.0,12.0,Nequi/Daviplata,,2023-05-21
TXN_3112013,Sandwich,5,4.0,20.0,Efectivo,Restaurante,2023-01-06
TXN_7786787,Te,1,1.5,1.5,Tarjeta Crédito,Para llevar,2023-07-08
TXN_7160196,Sandwich,1,4.0,4.0,,Restaurante,2023-12-06
TXN_4634894,Café,1,2.0,2.0,,,2023-12-09
TXN_8214944,DESCONOCIDO,3,1.5,4.5,Tarjeta Crédito,Restaurante,2023-11-18
TXN_1080377,Torta,2,3.0,6.0,ERROR,,2023-04-08
TXN_8566683,Granizado,4,4.0,16.0,Efectivo,Para llevar,2023-08-09
TXN_2784588,Jugo,2,3.0,6.0,Efectivo,Para llevar,2023-03-26
TXN_6110769,Galleta,2,1.0,2.0,,,2023-03-02
TXN_9999124,Jugo,2,3.0,6.0,Nequi/Daviplata,Para llevar,DESCONOCIDO
TXN_1637334,ERROR,2,1.5,3.0,Tarjeta Crédito,Restaurante,2023-08-09
TXN_9514452,ERROR,5,,10.0,Tarjeta Crédito,Para llevar,2023-07-29
TXN_8787350,Sandwich,5,4.0,20.0,,,2023-05-21
TXN_7533675,Granizado,3,4.0,12.0,,Restaurante,2023-10-28
TXN_2264601,Te,1,1.5,1.5,,,2023-01-21
TXN_6024139,Jugo,4,3.0,12.0,Nequi/Daviplata,DESCONOCIDO,2023-08-15
TXN_9841397,Café,4,2.0,8.0,Efectivo,Restaurante,2023-12-28
TXN_7302991,,4,4.0,16.0,Nequi/Daviplata,Para llevar,2023-04-05
TXN_6093331,Granizado,2,4.0,8.0,Tarjeta Crédito,,2023-06-24
TXN_3087096,Te,3,,4.5,Efectivo,,2023-08-19
TXN_8324315,Ensalada,1,5.0,5.0,,,2023-08-07
TXN_8933679,Ensalada,3,5.0,15.0,Nequi/Daviplata,Restaurante,2023-09-24
TXN_3528653,Torta,1,3.0,3.0,DESCONOCIDO,,2023-02-26
TXN_4256155,Torta,5,3.0,15.0,,Para llevar,2023-04-06
TXN_7186675,Galleta,4,1.0,4.0,Efectivo,,2023-11-09
TXN_5295223,ERROR,5,5.0,25.0,Efectivo,Restaurante,2023-03-23
TXN_8578861,Ensalada,5,5.0,25.0,Nequi/Daviplata,Restaurante,2023-05-16
TXN_8028042,Café,3,2.0,6.0,,,2023-04-05
TXN_4021467,Café,2,2.0,4.0,,Para llevar,2023-04-02
TXN_4807037,Ensalada,5,5.0,25.0,Efectivo,Restaurante,2023-12-08
TXN_3975938,Sandwich,3,4.0,12.0,Tarjeta Crédito,,2023-09-04
TXN_3312653,Galleta,5,1.0,5.0,Efectivo,Para llevar,2023-12-09
TXN_1405498,Jugo,2,3.0,6.0,DESCONOCIDO,Para llevar,2023-12-31
TXN_6571288,Sandwich,2,4.0,8.0,Tarjeta Crédito,,2023-10-23
TXN_7560210,Jugo,5,3.0,15.0,ERROR,Para llevar,2023-02-21
TXN_2905234,Galleta,1,1.0,1.0,Tarjeta Crédito,,2023-09-24
TXN_3630981,Café,2,2.0,4.0,,Restaurante,2023-10-31
TXN_3339728,Jugo,5,3.0,15.0,,Restaurante,2023-05-13
TXN_3826298,Galleta,3,1.0,3.0,,,2023-11-28
TXN_7854306,Sandwich,1,4.0,4.0,Efectivo,Restaurante,2023-09-17
TXN_6034709,DESCONOCIDO,2,2.0,4.0,Tarjeta Crédito,,2023-06-16
TXN_3072565,Jugo,3,3.0,ERROR,Tarjeta Crédito,,2023-07-09
TXN_9544977,Galleta,4,1.0,4.0,,Restaurante,2023-07-04
TXN_9924421,Torta,5,3.0,15.0,Tarjeta Crédito,,DESCONOCIDO
TXN_8374101,Ensalada,5,5.0,25.0,Tarjeta Crédito,,2023-08-16
TXN_5814878,Granizado,2,4.0,8.0,Nequi/Daviplata,,2023-04-02
TXN_2398895,Jugo,5,3.0,15.0,Nequi/Daviplata,Restaurante,2023-04-04
TXN_1205020,Te,5,1.5,7.5,Efectivo,,2023-10-03
TXN_4620459,Sandwich,5,4.0,20.0,Efectivo,ERROR,
TXN_1631377,Café,5,2.0,10.0,,Para llevar,2023-06-07
TXN_6368424,Galleta,3,1.0,3.0,,,ERROR
TXN_8116676,Torta,2,3.0,6.0,Nequi/Daviplata,,2023-09-16
TXN_4116036,Ensalada,2,ERROR,10.0,Tarjeta Crédito,Restaurante,2023-01-22
TXN_3172090,Jugo,1,3.0,3.0,Tarjeta Crédito,,2023-05-09
TXN_5193568,Jugo,3,3.0,9.0,Efectivo,,2023-12-10
TXN_3725152,Café,5,2.0,10.0,,,2023-07-08
TXN_8724711,Ensalada,3,5.0,15.0,Efectivo,Restaurante,2023-02-07
TXN_9477344,DESCONOCIDO,2,1.0,2.0,Tarjeta Crédito,Restaurante,2023-09-30
TXN_5899361,Torta,1,3.0,3.0,Tarjeta Crédito,,2023-08-08
TXN_8261380,Torta,3,3.0,9.0,Efectivo,Restaurante,2023-10-01
TXN_1188551,DESCONOCIDO,2,2.0,4.0,,,2023-03-20
TXN_1887250,Te,3,1.5,ERROR,,Para llevar,2023-05-15
TXN_4799873,Galleta,3,1.0,3.0,Nequi/Daviplata,Restaurante,2023-03-04
TXN_9691151,Café,4,2.0,8.0,,Restaurante,2023-08-23
TXN_3014261,Ensalada,4,5.0,20.0,Efectivo,Restaurante,2023-11-29
TXN_9987991,Granizado,ERROR,4.0,16.0,Tarjeta Crédito,Para llevar,2023-02-21
TXN_1093668,Café,2,2.0,4.0,Nequi/Daviplata,ERROR,2023-05-18
TXN_8279966,Café,DESCONOCIDO,2.0,6.0,Efectivo,Restaurante,2023-08-24
TXN_3977835,Te,5,ERROR,7.5,,Restaurante,2023-05-06
TXN_1758689,Granizado,3,4.0,12.0,Efectivo,ERROR,2023-02-17
TXN_4312977,Jugo,1,3.0,3.0,Nequi/Daviplata,Restaurante,2023-03-15
TXN_6503526,Galleta,5,ERROR,5.0,Tarjeta Crédito,Restaurante,2023-10-20
TXN_8676485,Ensalada,2,5.0,10.0,,Restaurante,2023-04-28
TXN_7176851,Te,4,1.5,6.0,Tarjeta Crédito,Para llevar,2023-11-20
TXN_8695037,Granizado,ERROR,4.0,8.0,DESCONOCIDO,,2023-01-24
TXN_6632882,Granizado,1,4.0,4.0,Nequi/Daviplata,Restaurante,2023-04-30
TXN_7775016,Sandwich,5,4.0,20.0,Efectivo,Restaurante,2023-09-27
TXN_2176024,Café,5,ERROR,10.0,Nequi/Daviplata,Restaurante,2023-02-03
TXN_7051683,ERROR,3,3.0,9.0,Nequi/Daviplata,Restaurante,2023-11-16
TXN_3670041,Granizado,3,4.0,12.0,Nequi/Daviplata,,2023-03-22
TXN_5124080,Galleta,1,1.0,1.0,Tarjeta Crédito,Restaurante,2023-01-14
TXN_3317649,Sandwich,3,4.0,12.0,ERROR,Para llevar,2023-11-06
TXN_3953316,Galleta,2,1.0,2.0,Nequi/Daviplata,,2023-06-06
TXN_6160209,Ensalada,3,5.0,15.0,,Restaurante,2023-07-28
TXN_7089316,Te,2,1.5,3.0,Efectivo,Restaurante,2023-11-27
TXN_5421310,Café,ERROR,2.0,8.0,Nequi/Daviplata,Restaurante,2023-06-10
TXN_9081409,ERROR,1,3.0,DESCONOCIDO,Tarjeta Crédito,Restaurante,2023-06-16
TXN_6850528,Galleta,3,1.0,3.0,Efectivo,Restaurante,2023-10-13
TXN_6900182,Granizado,3,4.0,DESCONOCIDO,Efectivo,Restaurante,2023-09-10
TXN_2643748,Ensalada,3,5.0,15.0,Efectivo,,2023-11-28
TXN_4858908,Torta,2,3.0,6.0,Efectivo,Restaurante,2023-02-11
TXN_8972137,ERROR,4,3.0,12.0,Tarjeta Crédito,Restaurante,2023-05-15
TXN_2828785,Granizado,1,4.0,4.0,,Restaurante,2023-01-24
TXN_3489721,Café,3,2.0,DESCONOCIDO,Efectivo,,2023-09-27
TXN_4791031,Café,DESCONOCIDO,2.0,10.0,Efectivo,,DESCONOCIDO
TXN_5223702,Granizado,4,4.0,16.0,Tarjeta Crédito,,2023-06-23
TXN_2788676,Galleta,2,1.0,2.0,Nequi/Daviplata,,2023-11-05
TXN_1643447,,1,3.0,3.0,ERROR,,2023-09-03
TXN_5172164,Te,3,1.5,4.5,Nequi/Daviplata,Restaurante,2023-09-13
TXN_2818867,Ensalada,3,5.0,15.0,Efectivo,,2023-01-11
TXN_1303984,Ensalada,4,5.0,20.0,Nequi/Daviplata,,2023-07-24
TXN_3373078,Granizado,4,4.0,16.0,Nequi/Daviplata,Restaurante,2023-12-01
TXN_3982146,Café,3,2.0,6.0,,Restaurante,2023-07-09
TXN_1185156,Granizado,4,4.0,16.0,,Para llevar,2023-03-23
TXN_6720290,Granizado,1,4.0,4.0,,Restaurante,2023-01-25
TXN_9365447,,2,1.5,3.0,Efectivo,,2023-12-10
TXN_7701878,Granizado,4,4.0,16.0,Tarjeta Crédito,Restaurante,2023-08-11
TXN_7677817,,DESCONOCIDO,2.0,2.0,Tarjeta Crédito,,2023-01-17
TXN_9983530,Granizado,3,4.0,12.0,,,2023-01-04
TXN_4755934,Te,2,1.5,3.0,Efectivo,,2023-12-29
TXN_2931198,Torta,2,3.0,6.0,Tarjeta Crédito,Restaurante,2023-04-21
TXN_7426387,Granizado,5,4.0,20.0,Efectivo,,2023-10-30
TXN_3182547,Jugo,,3.0,9.0,Nequi/Daviplata,Para llevar,2023-07-28
TXN_6980463,Ensalada,1,5.0,5.0,Nequi/Daviplata,Restaurante,2023-09-03
TXN_6708165,Jugo,5,3.0,15.0,ERROR,Restaurante,2023-10-19
TXN_4310629,Torta,3,3.0,9.0,Tarjeta Crédito,Para llevar,2023-10-02
TXN_4650611,Café,1,2.0,2.0,Tarjeta Crédito,,2023-10-14
TXN_7952232,Te,4,1.5,6.0,Efectivo,,2023-03-31
TXN_1593691,Sandwich,2,4.0,8.0,,,2023-03-11
TXN_9432007,Galleta,4,1.0,4.0,,,ERROR
TXN_3781198,Torta,3,3.0,9.0,Nequi/Daviplata,Restaurante,2023-11-04
TXN_3585464,Galleta,3,1.0,3.0,,Para llevar,2023-09-12
TXN_8286164,Granizado,1,4.0,DESCONOCIDO,,Restaurante,2023-03-08
TXN_8851113,Te,3,1.5,4.5,Nequi/Daviplata,,2023-12-23
TXN_9131136,Jugo,2,3.0,6.0,Tarjeta Crédito,DESCONOCIDO,2023-03-20
TXN_8872160,Ensalada,5,5.0,25.0,Nequi/Daviplata,,DESCONOCIDO
TXN_1449065,Ensalada,2,5.0,10.0,Efectivo,,2023-10-03
TXN_1230311,Jugo,3,3.0,9.0,Nequi/Daviplata,DESCONOCIDO,2023-08-14
TXN_2325484,Ensalada,1,DESCONOCIDO,5.0,Nequi/Daviplata,Para llevar,2023-08-16
TXN_2647425,Jugo,4,3.0,12.0,Tarjeta Crédito,ERROR,2023-07-30
TXN_5525916,Café,2,2.0,4.0,Efectivo,Para llevar,2023-03-02
TXN_4297979,Café,1,2.0,2.0,Nequi/Daviplata,Restaurante,2023-08-14
TXN_1686323,Granizado,4,4.0,16.0,Nequi/Daviplata,Restaurante,2023-11-30
TXN_5373154,Torta,3,3.0,9.0,Nequi/Daviplata,,2023-04-06
TXN_6225571,Granizado,2,4.0,8.0,Tarjeta Crédito,Para llevar,2023-09-13
TXN_9772556,Café,5,2.0,10.0,,,2023-10-20
TXN_3033598,Sandwich,5,4.0,ERROR,Efectivo,Para llevar,2023-03-12
TXN_4382956,DESCONOCIDO,4,1.5,6.0,Tarjeta Crédito,,2023-11-16
TXN_8117583,Ensalada,1,5.0,5.0,Efectivo,Restaurante,2023-02-25
TXN_1101527,Granizado,DESCONOCIDO,4.0,20.0,Nequi/Daviplata,,2023-04-20
TXN_2118759,Café,2,2.0,4.0,Nequi/Daviplata,,2023-08-07
TXN_7603948,Torta,3,3.0,9.0,Tarjeta Crédito,,2023-01-28
TXN_5519424,Te,2,1.5,3.0,Nequi/Daviplata,,2023-09-23
TXN_3483911,Ensalada,1,5.0,5.0,Nequi/Daviplata,Para llevar,2023-07-10
TXN_5447967,Granizado,2,ERROR,8.0,Tarjeta Crédito,,2023-06-06
TXN_2893987,Torta,4,,12.0,,Para llevar,2023-05-31
TXN_5120215,Café,2,2.0,4.0,Nequi/Daviplata,,2023-10-29
TXN_4417257,Ensalada,5,5.0,25.0,Nequi/Daviplata,Para llevar,2023-05-06
TXN_2871592,Galleta,4,1.0,4.0,Efectivo,Restaurante,2023-08-07
TXN_8283199,Jugo,3,3.0,9.0,Nequi/Daviplata,Para llevar,2023-01-23
TXN_1571874,Torta,1,3.0,3.0,Nequi/Daviplata,ERROR,2023-07-10
TXN_8059782,Torta,5,3.0,15.0,,Para llevar,ERROR
TXN_6534833,Ensalada,4,5.0,DESCONOCIDO,Nequi/Daviplata,Restaurante,2023-12-14
TXN_6027500,Granizado,4,4.0,16.0,,,2023-09-22
TXN_7029944,Galleta,2,1.0,2.0,Efectivo,Para llevar,2023-04-17
TXN_3075169,Sandwich,DESCONOCIDO,4.0,8.0,Tarjeta Crédito,Restaurante,2023-06-25
TXN_9791421,Sandwich,1,4.0,4.0,Efectivo,Para llevar,2023-07-15
TXN_6359031,Café,1,2.0,2.0,,,2023-02-28
TXN_8236432,Ensalada,1,5.0,5.0,,,2023-12-04
TXN_7359566,Café,1,2.0,2.0,Efectivo,Restaurante,2023-04-06
TXN_4813580,Sandwich,3,4.0,12.0,Nequi/Daviplata,Para llevar,2023-04-15
TXN_9940829,Granizado,3,4.0,12.0,,Restaurante,2023-04-04
TXN_4583957,Galleta,2,1.0,2.0,Tarjeta Crédito,Para llevar,2023-10-08
TXN_8187222,Café,4,2.0,8.0,Tarjeta Crédito,,2023-03-08
TXN_1298084,DESCONOCIDO,2,1.5,3.0,Tarjeta Crédito,Para llevar,2023-01-02
TXN_4403699,,1,1.0,1.0,Tarjeta Crédito,,2023-08-19
TXN_5639908,Te,ERROR,1.5,4.5,,Restaurante,
TXN_9005782,Te,4,1.5,ERROR,,Restaurante,2023-06-18
TXN_5083311,Sandwich,4,4.0,16.0,Nequi/Daviplata,,2023-04-30
TXN_4325098,ERROR,5,3.0,15.0,,Para llevar,DESCONOCIDO
TXN_8847610,Jugo,3,3.0,9.0,Nequi/Daviplata,Para llevar,2023-12-06
TXN_9817102,Café,3,2.0,6.0,Tarjeta Crédito,Restaurante,2023-02-22
TXN_5566774,Te,3,1.5,4.5,DESCONOCIDO,Restaurante,2023-03-29
TXN_5555790,Te,5,ERROR,7.5,Tarjeta Crédito,Restaurante,2023-02-19
TXN_3575713,,,1.5,1.5,Efectivo,Para llevar,2023-02-18
TXN_5811955,Ensalada,2,5.0,10.0,Tarjeta Crédito,Para llevar,2023-06-29
TXN_3737378,Granizado,1,4.0,4.0,Efectivo,,ERROR
TXN_5406762,Ensalada,4,5.0,20.0,Tarjeta Crédito,ERROR,2023-09-12
TXN_3039985,Galleta,5,1.0,5.0,Nequi/Daviplata,Restaurante,2023-04-08
TXN_1424056,Granizado,1,4.0,4.0,Efectivo,,2023-07-31
TXN_1193221,Te,3,1.5,4.5,Tarjeta Crédito,Restaurante,2023-10-21
TXN_8610501,Sandwich,5,4.0,20.0,Efectivo,DESCONOCIDO,2023-09-29
TXN_9587445,Café,4,2.0,8.0,,Restaurante,2023-08-24
TXN_3694901,Galleta,2,1.0,2.0,DESCONOCIDO,Restaurante,2023-08-16
TXN_5749454,Jugo,DESCONOCIDO,3.0,12.0,Nequi/Daviplata,Para llevar,2023-12-04
TXN_8356048,,5,4.0,20.0,Efectivo,Para llevar,2023-06-05
TXN_3480278,Granizado,4,,16.0,Nequi/Daviplata,Restaurante,2023-12-26
TXN_9252414,Te,1,,1.5,,Restaurante,2023-11-13
TXN_3010103,ERROR,5,4.0,20.0,,,2023-02-14
TXN_6699408,Galleta,5,1.0,5.0,Efectivo,Para llevar,2023-12-22
TXN_6400351,Jugo,2,3.0,6.0,Nequi/Daviplata,Para llevar,2023-08-11
TXN_1559512,Jugo,5,,15.0,Tarjeta Crédito,,2023-11-28
TXN_6091543,Café,3,2.0,DESCONOCIDO,,Restaurante,2023-07-04
TXN_2842641,Torta,1,3.0,3.0,,Restaurante,2023-06-11
TXN_8875043,Ensalada,4,5.0,20.0,Nequi/Daviplata,,2023-02-21
TXN_8212783,Ensalada,3,ERROR,15.0,Tarjeta Crédito,Restaurante,2023-03-30
TXN_2653400,Granizado,1,4.0,,Efectivo,,ERROR
TXN_7343062,Sandwich,5,4.0,20.0,Nequi/Daviplata,Restaurante,2023-08-11
TXN_2535099,Sandwich,5,4.0,20.0,Tarjeta Crédito,Restaurante,2023-02-10
TXN_2951148,Sandwich,4,4.0,16.0,Efectivo,Restaurante,2023-02-21
TXN_1294101,Te,5,1.5,7.5,Nequi/Daviplata,Para llevar,2023-03-31
TXN_5579227,Granizado,DESCONOCIDO,4.0,16.0,Nequi/Daviplata,,2023-06-22
TXN_8534360,Jugo,5,3.0,15.0,ERROR,,2023-02-15
TXN_4336247,Café,5,2.0,10.0,Nequi/Daviplata,Para llevar,2023-03-03
TXN_7101384,Café,1,,2.0,,DESCONOCIDO,2023-04-23
TXN_1356599,Galleta,2,1.0,2.0,Efectivo,Para llevar,2023-12-14
TXN_4568452,Galleta,3,1.0,3.0,Nequi/Daviplata,Restaurante,2023-01-14
TXN_5036856,Café,5,2.0,10.0,Efectivo,Restaurante,2023-03-27
TXN_6927392,Ensalada,3,5.0,15.0,Nequi/Daviplata,Restaurante,ERROR
TXN_5167925,Jugo,1,3.0,3.0,,,2023-09-11
TXN_1345440,Ensalada,5,5.0,25.0,Efectivo,,2023-06-20
TXN_8043218,Ensalada,2,5.0,10.0,Efectivo,Restaurante,2023-10-23
TXN_4026277,Te,3,1.5,4.5,Nequi/Daviplata,Restaurante,2023-08-27
TXN_4991731,Te,,1.5,1.5,Nequi/Daviplata,Para llevar,2023-11-07
TXN_6196052,Granizado,5,4.0,DESCONOCIDO,Efectivo,Para llevar,2023-04-07
TXN_9563024,Galleta,3,ERROR,3.0,Nequi/Daviplata,Restaurante,2023-09-27
TXN_8326905,Café,5,2.0,10.0,,Para llevar,2023-03-10
TXN_3474333,,3,3.0,9.0,Tarjeta Crédito,Para llevar,2023-01-13
TXN_9918597,Granizado,4,4.0,16.0,Nequi/Daviplata,Restaurante,2023-10-17
TXN_3460926,Jugo,3,3.0,9.0,Nequi/Daviplata,Para llevar,2023-03-25
TXN_2671272,Granizado,1,4.0,4.0,Nequi/Daviplata,,2023-02-13
TXN_8437157,Granizado,4,4.0,16.0,Tarjeta Crédito,,2023-02-09
TXN_3401287,DESCONOCIDO,3,4.0,12.0,Efectivo,,2023-02-12
TXN_7309365,Torta,2,3.0,6.0,Efectivo,,2023-08-31
TXN_2175096,DESCONOCIDO,1,1.5,1.5,,Restaurante,2023-02-25
TXN_8872997,Sandwich,4,4.0,16.0,Tarjeta Crédito,Restaurante,2023-01-31
TXN_8425085,Jugo,1,3.0,3.0,Tarjeta Crédito,,2023-12-23
TXN_3237919,Sandwich,1,4.0,4.0,,,2023-02-04
TXN_4713643,Café,5,ERROR,10.0,,,2023-08-10
TXN_4806003,Galleta,5,1.0,5.0,Tarjeta Crédito,,2023-08-06
TXN_9089797,Café,1,2.0,2.0,Tarjeta Crédito,Para llevar,2023-09-19
TXN_5449092,Jugo,4,3.0,12.0,,,2023-06-11
TXN_6097144,Jugo,5,3.0,15.0,,Para llevar,2023-01-27
TXN_6483589,Jugo,3,3.0,9.0,Nequi/Daviplata,,2023-10-13
TXN_8516055,DESCONOCIDO,5,4.0,20.0,Tarjeta Crédito,Para llevar,2023-04-17
TXN_5430694,Ensalada,DESCONOCIDO,5.0,25.0,,,2023-08-24
TXN_3024493,Granizado,1,4.0,4.0,Tarjeta Crédito,Restaurante,
TXN_2078232,Te,1,1.5,1.5,DESCONOCIDO,,2023-06-11
TXN_7551689,Galleta,5,1.0,5.0,Efectivo,,2023-09-16
TXN_8408103,Sandwich,5,4.0,DESCONOCIDO,DESCONOCIDO,Para llevar,2023-06-01
TXN_5862795,Ensalada,2,ERROR,10.0,Nequi/Daviplata,,2023-02-25
TXN_9348801,Torta,1,3.0,3.0,,,2023-11-29
TXN_8688565,Granizado,5,4.0,20.0,Nequi/Daviplata,ERROR,2023-05-23
TXN_3067195,Ensalada,3,5.0,15.0,Efectivo,,2023-12-03
TXN_2710603,Granizado,5,4.0,20.0,,Para llevar,2023-02-02
TXN_8978004,Café,2,2.0,4.0,Nequi/Daviplata,Restaurante,2023-04-01
TXN_9679889,Sandwich,3,4.0,12.0,Tarjeta Crédito,Restaurante,2023-06-18
TXN_9818163,Te,2,DESCONOCIDO,3.0,Nequi/Daviplata,ERROR,2023-10-23
TXN_7010020,Torta,5,DESCONOCIDO,15.0,,Restaurante,2023-08-07
TXN_1712662,Jugo,2,3.0,6.0,Efectivo,DESCONOCIDO,2023-05-31
TXN_4077799,Torta,4,3.0,12.0,Nequi/Daviplata,Para llevar,2023-08-12
TXN_8225571,Te,4,,6.0,Nequi/Daviplata,,2023-01-17
TXN_3103520,Torta,3,3.0,9.0,,,2023-09-04
TXN_2084080,Galleta,4,1.0,4.0,Nequi/Daviplata,Para llevar,2023-09-22
TXN_2740398,Galleta,4,1.0,4.0,Nequi/Daviplata,Restaurante,ERROR
TXN_8046057,Café,1,2.0,2.0,Tarjeta Crédito,Restaurante,2023-11-24
TXN_5832968,Ensalada,5,5.0,25.0,ERROR,Para llevar,2023-06-05
TXN_6995665,Te,2,1.5,3.0,DESCONOCIDO,,ERROR
TXN_3752448,Torta,5,3.0,15.0,Nequi/Daviplata,Para llevar,2023-05-16
TXN_3842881,Ensalada,5,5.0,25.0,,DESCONOCIDO,2023-01-25
TXN_4060160,Café,4,2.0,8.0,,Restaurante,2023-07-05
TXN_3847405,Sandwich,1,4.0,4.0,Nequi/Daviplata,Para llevar,2023-06-15
TXN_5103644,Torta,4,3.0,12.0,Tarjeta Crédito,Para llevar,2023-04-17
TXN_6846020,Jugo,5,ERROR,15.0,ERROR,Para llevar,2023-05-03
TXN_7763764,Galleta,2,1.0,2.0,ERROR,Restaurante,ERROR
TXN_4758849,Torta,2,3.0,6.0,,,2023-06-23
TXN_1034651,Sandwich,3,4.0,12.0,,Para llevar,2023-07-06
TXN_4128921,Ensalada,4,5.0,20.0,,Para llevar,2023-09-11
TXN_8925566,Te,2,1.5,3.0,Nequi/Daviplata,Restaurante,2023-08-07
TXN_1679800,Granizado,4,4.0,16.0,Efectivo,Restaurante,2023-10-17
TXN_3785678,Te,1,1.5,1.5,Tarjeta Crédito,Para llevar,2023-03-13
TXN_1056256,Torta,4,3.0,12.0,DESCONOCIDO,Restaurante,2023-12-04
TXN_8712303,ERROR,2,3.0,6.0,Tarjeta Crédito,Para llevar,2023-08-14
TXN_2289122,Granizado,4,4.0,16.0,Efectivo,Restaurante,2023-08-20
TXN_2988434,Jugo,1,3.0,3.0,Nequi/Daviplata,Restaurante,2023-12-09
TXN_1197536,Ensalada,3,5.0,15.0,,Para llevar,2023-10-02
TXN_7327362,Café,5,2.0,10.0,Tarjeta Crédito,Restaurante,2023-06-29
TXN_5628251,Torta,4,3.0,12.0,Tarjeta Crédito,,2023-11-14
TXN_2687748,Jugo,3,3.0,9.0,,Para llevar,2023-02-26
TXN_8309656,Sandwich,3,4.0,12.0,,Para llevar,2023-01-04
TXN_7597276,Granizado,4,4.0,16.0,Nequi/Daviplata,,2023-05-01
TXN_4360906,Sandwich,2,4.0,8.0,,Restaurante,2023-06-11
TXN_6000890,Café,3,2.0,6.0,Nequi/Daviplata,Restaurante,2023-01-06
TXN_8917565,Café,1,2.0,2.0,Efectivo,ERROR,2023-11-19
TXN_6264113,Café,4,2.0,8.0,,,2023-12-02
TXN_3603434,Café,5,2.0,10.0,,Restaurante,2023-01-05
TXN_7976129,Torta,3,3.0,9.0,,Restaurante,2023-03-03
TXN_7420434,Café,4,2.0,8.0,Tarjeta Crédito,Para llevar,2023-07-16
TXN_5818852,Jugo,2,3.0,6.0,,,2023-03-04
TXN_9976598,Jugo,4,3.0,12.0,,Para llevar,2023-01-10
TXN_1556046,Sandwich,4,4.0,16.0,Tarjeta Crédito,Para llevar,2023-04-09
TXN_7129511,Café,5,2.0,10.0,Efectivo,Para llevar,2023-10-29
TXN_6324434,Café,4,2.0,8.0,Efectivo,Para llevar,2023-12-04
TXN_2380352,Te,3,1.5,4.5,Nequi/Daviplata,,2023-11-03
TXN_6455325,Jugo,4,3.0,12.0,Tarjeta Crédito,Restaurante,2023-01-05
TXN_6682253,Te,5,1.5,7.5,Efectivo,Restaurante,2023-02-17
TXN_8220657,ERROR,2,1.5,,Efectivo,,2023-08-13
TXN_7819240,Granizado,5,4.0,20.0,Efectivo,Restaurante,2023-03-06
TXN_4451380,Galleta,3,1.0,3.0,Nequi/Daviplata,Restaurante,2023-07-10
TXN_2482298,Ensalada,2,5.0,10.0,,Para llevar,2023-06-15
TXN_2606750,Te,3,1.5,4.5,Efectivo,ERROR,2023-06-20
TXN_4493874,Galleta,5,1.0,DESCONOCIDO,,Restaurante,2023-11-19
TXN_2705302,Ensalada,2,5.0,10.0,Tarjeta Crédito,,2023-01-18
TXN_3706167,Sandwich,5,4.0,20.0,Nequi/Daviplata,Para llevar,2023-10-02
TXN_7414587,Te,3,1.5,4.5,Efectivo,Para llevar,2023-03-22
TXN_3360649,Galleta,2,1.0,2.0,,Para llevar,2023-09-10
TXN_6132245,Ensalada,2,5.0,10.0,Nequi/Daviplata,,2023-06-01
TXN_2633322,Ensalada,4,ERROR,20.0,Nequi/Daviplata,,2023-01-15
TXN_9910333,Torta,2,3.0,6.0,,Restaurante,2023-09-15
TXN_7321479,Torta,1,3.0,3.0,,ERROR,2023-10-31
TXN_4315166,Sandwich,2,4.0,8.0,Nequi/Daviplata,Para llevar,2023-06-10
TXN_7843112,Galleta,4,1.0,4.0,,DESCONOCIDO,2023-01-25
TXN_2879791,Sandwich,1,4.0,4.0,,,2023-07-10
TXN_2503128,Torta,1,3.0,3.0,Efectivo,Restaurante,2023-01-12
TXN_3091574,Galleta,5,1.0,5.0,ERROR,Restaurante,2023-07-29
TXN_2371763,Sandwich,4,4.0,16.0,Efectivo,,2023-05-17
TXN_5726114,Granizado,3,4.0,12.0,Nequi/Daviplata,Para llevar,2023-07-14
TXN_1079844,Ensalada,2,5.0,10.0,Nequi/Daviplata,,2023-10-27
TXN_8726097,Te,1,1.5,1.5,Nequi/Daviplata,Para llevar,ERROR
TXN_1633337,Ensalada,5,5.0,25.0,Tarjeta Crédito,,2023-06-29
TXN_5222176,Galleta,4,1.0,4.0,,Restaurante,2023-01-11
TXN_7480940,Café,2,2.0,4.0,Efectivo,Restaurante,2023-01-25
TXN_2437508,Ensalada,2,5.0,10.0,,Para llevar,2023-11-20
TXN_7445500,Ensalada,4,5.0,20.0,Efectivo,Restaurante,
TXN_5036614,Granizado,4,4.0,16.0,Nequi/Daviplata,Restaurante,2023-10-10
TXN_9731164,Ensalada,1,5.0,5.0,Efectivo,,2023-12-07
TXN_1417291,Jugo,4,3.0,12.0,Nequi/Daviplata,Restaurante,2023-05-11
TXN_9792093,Sandwich,1,4.0,4.0,,Restaurante,2023-09-28
TXN_9989239,Te,5,1.5,,,Restaurante,2023-04-28
TXN_6055570,Te,3,1.5,4.5,Efectivo,,2023-02-06
TXN_1231531,Café,5,2.0,10.0,Nequi/Daviplata,Restaurante,2023-07-24
TXN_8843108,Jugo,5,3.0,15.0,,,2023-07-18
TXN_4643305,Galleta,4,1.0,4.0,,Para llevar,2023-04-12
TXN_8754977,Sandwich,3,4.0,12.0,Nequi/Daviplata,Restaurante,2023-10-24
TXN_2052060,Sandwich,3,4.0,12.0,Efectivo,Para llevar,2023-11-07
TXN_1275124,Café,3,2.0,6.0,,DESCONOCIDO,2023-06-21
TXN_3534536,Café,1,2.0,2.0,Tarjeta Crédito,,2023-02-02
TXN_1779679,Café,5,,10.0,,Restaurante,2023-01-06
TXN_4583908,Sandwich,ERROR,4.0,4.0,Nequi/Daviplata,,2023-06-04
TXN_6379692,Galleta,5,,5.0,Nequi/Daviplata,Para llevar,2023-11-05
TXN_3999862,Te,4,1.5,6.0,,Restaurante,2023-07-11
TXN_7694326,Café,5,2.0,,,,2023-02-19
TXN_1171080,Sandwich,3,4.0,12.0,Tarjeta Crédito,,2023-07-29
TXN_5658895,Jugo,DESCONOCIDO,3.0,6.0,Efectivo,DESCONOCIDO,2023-09-21
TXN_7704680,,2,5.0,10.0,Tarjeta Crédito,,2023-08-06
TXN_6395070,Granizado,4,4.0,16.0,Tarjeta Crédito,,2023-12-10
TXN_9576454,Jugo,1,3.0,3.0,Tarjeta Crédito,Restaurante,2023-09-23
TXN_7907259,Torta,1,3.0,3.0,Nequi/Daviplata,Para llevar,2023-10-19
TXN_4487345,Sandwich,3,4.0,12.0,,Restaurante,2023-05-10
TXN_5929341,Jugo,2,3.0,6.0,,Para llevar,2023-05-12
TXN_6021173,Jugo,5,3.0,15.0,Efectivo,Para llevar,2023-12-16
TXN_6272473,Café,4,2.0,8.0,Efectivo,Para llevar,2023-03-06
TXN_5243032,Galleta,1,1.0,1.0,Efectivo,Para llevar,2023-08-24
TXN_5863411,Galleta,3,1.0,DESCONOCIDO,Nequi/Daviplata,Restaurante,2023-09-21
TXN_4087571,Galleta,2,1.0,2.0,,,2023-11-24
TXN_7680197,Galleta,5,1.0,5.0,Efectivo,Para llevar,2023-09-23
TXN_8773639,Café,3,2.0,6.0,Nequi/Daviplata,Para llevar,2023-02-20
TXN_5960979,Café,5,2.0,10.0,Nequi/Daviplata,Restaurante,2023-05-03
TXN_7894534,Te,3,1.5,4.5,Tarjeta Crédito,Restaurante,2023-03-16
TXN_4890770,Café,4,2.0,8.0,,Para llevar,2023-10-12
TXN_6079741,Galleta,DESCONOCIDO,1.0,4.0,,Para llevar,2023-01-02
TXN_4612930,Jugo,2,3.0,6.0,,,2023-08-13
TXN_1124311,Galleta,1,1.0,1.0,Efectivo,,2023-05-05
TXN_6380636,Café,5,2.0,10.0,,ERROR,2023-01-10
TXN_5720183,Galleta,5,1.0,5.0,Tarjeta Crédito,Para llevar,2023-05-30
TXN_6382322,Te,3,1.5,4.5,Nequi/Daviplata,Restaurante,2023-12-14
TXN_8119542,,2,1.0,2.0,Nequi/Daviplata,,2023-12-12
TXN_1674042,Café,5,2.0,10.0,Nequi/Daviplata,,2023-09-19
TXN_8398809,Te,2,1.5,3.0,DESCONOCIDO,Para llevar,2023-11-25
TXN_7728415,Te,5,1.5,7.5,Tarjeta Crédito,Restaurante,2023-12-28
TXN_5285171,Sandwich,5,4.0,20.0,Efectivo,Para llevar,2023-12-11
TXN_2527007,Granizado,1,4.0,4.0,Nequi/Daviplata,,2023-10-22
TXN_8331542,Ensalada,4,5.0,20.0,,Restaurante,2023-12-23
TXN_2999220,Granizado,4,4.0,16.0,Nequi/Daviplata,Para llevar,2023-02-23
TXN_5108188,Torta,2,3.0,6.0,,,2023-08-25
TXN_6680963,Sandwich,2,4.0,8.0,Tarjeta Crédito,Para llevar,2023-08-01
TXN_2308317,Café,2,2.0,4.0,Nequi/Daviplata,Para llevar,2023-11-13
TXN_8811902,Te,5,1.5,7.5,Tarjeta Crédito,,2023-08-07
TXN_7349134,DESCONOCIDO,1,4.0,4.0,Tarjeta Crédito,Restaurante,2023-05-28
TXN_1467546,Galleta,3,1.0,3.0,,Para llevar,2023-07-20
TXN_2276722,Ensalada,2,5.0,10.0,Efectivo,Para llevar,2023-12-21
TXN_2519044,Ensalada,5,5.0,25.0,Nequi/Daviplata,Para llevar,2023-05-20
TXN_2851147,Ensalada,2,5.0,10.0,Nequi/Daviplata,Restaurante,2023-06-24
TXN_3349404,Café,3,2.0,6.0,Nequi/Daviplata,DESCONOCIDO,2023-01-31
TXN_7939011,Jugo,5,3.0,15.0,DESCONOCIDO,Restaurante,2023-04-07
TXN_3877580,Ensalada,2,5.0,10.0,Nequi/Daviplata,ERROR,2023-05-30
TXN_5220523,Jugo,3,3.0,9.0,Efectivo,Para llevar,2023-01-30
TXN_5934526,Café,5,2.0,10.0,Tarjeta Crédito,Restaurante,2023-05-27
TXN_8935939,Te,3,1.5,4.5,Nequi/Daviplata,Para llevar,2023-03-27
TXN_3586935,Ensalada,5,5.0,25.0,Efectivo,,2023-05-21
TXN_1781777,Ensalada,3,5.0,15.0,Tarjeta Crédito,Para llevar,2023-10-26
TXN_6461461,Jugo,1,3.0,3.0,,Restaurante,DESCONOCIDO
TXN_1707251,Sandwich,2,4.0,8.0,Nequi/Daviplata,Para llevar,2023-10-06
TXN_4493878,Café,5,,10.0,Tarjeta Crédito,Restaurante,2023-03-11
TXN_2446874,Jugo,4,3.0,12.0,Tarjeta Crédito,,2023-07-22
TXN_5747859,Torta,1,3.0,3.0,Tarjeta Crédito,Para llevar,2023-03-13
TXN_8172333,Galleta,4,1.0,4.0,Tarjeta Crédito,,2023-12-25
TXN_8600523,Te,3,1.5,4.5,,,2023-12-29
TXN_7471753,Granizado,ERROR,4.0,20.0,Efectivo,Restaurante,2023-03-13
TXN_3884527,Sandwich,1,4.0,4.0,Nequi/Daviplata,Restaurante,2023-06-06
TXN_9072517,Granizado,2,4.0,8.0,Tarjeta Crédito,Para llevar,2023-01-09
TXN_4378200,Te,5,1.5,7.5,Tarjeta Crédito,Restaurante,2023-09-04
TXN_3918998,Café,5,2.0,10.0,Nequi/Daviplata,Para llevar,2023-12-18
TXN_7674694,Te,2,1.5,3.0,,,2023-03-30
TXN_3875049,Te,2,1.5,3.0,Nequi/Daviplata,Para llevar,2023-09-15
TXN_5400266,Te,3,1.5,4.5,Nequi/Daviplata,Para llevar,2023-06-14
TXN_2402978,Galleta,3,1.0,3.0,Tarjeta Crédito,Restaurante,2023-01-21
TXN_6188306,Ensalada,1,5.0,5.0,,Para llevar,2023-10-26
TXN_1148874,Galleta,1,1.0,1.0,Tarjeta Crédito,Restaurante,2023-09-18
TXN_1888708,Sandwich,4,4.0,,Efectivo,,2023-08-17
TXN_8842592,Galleta,5,1.0,5.0,ERROR,,2023-07-10
TXN_2761204,Torta,3,3.0,9.0,Efectivo,,2023-07-14
TXN_9038745,Granizado,3,4.0,12.0,ERROR,Para llevar,2023-06-25
TXN_1374424,Sandwich,5,4.0,20.0,,,2023-04-24
TXN_7205840,Ensalada,3,5.0,15.0,,,2023-03-05
TXN_7714378,Granizado,2,4.0,ERROR,Efectivo,,2023-08-10
TXN_7732813,Te,ERROR,1.5,3.0,Tarjeta Crédito,Para llevar,2023-07-16
TXN_6718205,Granizado,2,4.0,8.0,Nequi/Daviplata,Para llevar,2023-06-30
TXN_8878429,Torta,5,3.0,15.0,Nequi/Daviplata,Restaurante,
TXN_6899576,Ensalada,2,5.0,10.0,Nequi/Daviplata,Para llevar,2023-10-26
TXN_2761003,Granizado,2,4.0,DESCONOCIDO,ERROR,Restaurante,2023-11-08
TXN_6929413,Te,1,1.5,1.5,Nequi/Daviplata,,2023-10-13
TXN_2350703,DESCONOCIDO,4,3.0,12.0,Efectivo,Restaurante,2023-08-20
TXN_1948437,Granizado,2,4.0,8.0,,Para llevar,2023-11-03
TXN_5901887,Granizado,4,DESCONOCIDO,16.0,ERROR,Para llevar,2023-08-31
TXN_1072232,Sandwich,1,4.0,4.0,Nequi/Daviplata,Restaurante,2023-01-07
TXN_7469771,Torta,5,3.0,15.0,ERROR,,2023-12-09
TXN_7139053,Ensalada,4,5.0,20.0,Nequi/Daviplata,Para llevar,2023-09-12
TXN_6028915,Sandwich,5,DESCONOCIDO,20.0,Efectivo,Restaurante,2023-12-24
TXN_3622194,Torta,1,3.0,3.0,Nequi/Daviplata,,2023-06-26
TXN_6431215,Torta,1,3.0,3.0,,ERROR,2023-08-27
TXN_4385240,Galleta,4,1.0,4.0,Efectivo,Para llevar,2023-02-10
TXN_3840523,,2,4.0,8.0,Tarjeta Crédito,,2023-12-27
TXN_5697778,Torta,3,3.0,9.0,Efectivo,,2023-03-08
TXN_1749299,Granizado,2,4.0,8.0,DESCONOCIDO,,2023-10-28
TXN_6806024,Jugo,,3.0,6.0,Tarjeta Crédito,Restaurante,2023-04-14
TXN_8352365,Café,5,2.0,10.0,,Para llevar,2023-08-10
TXN_7143535,Galleta,2,1.0,2.0,,,2023-05-21
TXN_5090839,Sandwich,5,4.0,20.0,Efectivo,,2023-03-06
TXN_5743619,Ensalada,5,5.0,25.0,Nequi/Daviplata,Para llevar,2023-11-07
TXN_8785432,Galleta,2,1.0,2.0,Efectivo,,2023-08-14
TXN_1086324,Torta,3,3.0,9.0,,Restaurante,2023-11-25
TXN_8888599,Sandwich,5,4.0,20.0,,,ERROR
TXN_6361309,Torta,5,3.0,15.0,,Para llevar,DESCONOCIDO
TXN_8211146,Sandwich,5,4.0,20.0,Nequi/Daviplata,Para llevar,2023-04-30
TXN_5826333,Galleta,1,1.0,1.0,Efectivo,,2023-05-14
TXN_1555314,Sandwich,1,4.0,4.0,,Para llevar,2023-02-25
TXN_4611673,Granizado,5,4.0,20.0,Nequi/Daviplata,,2023-03-05
TXN_8839045,Torta,2,3.0,6.0,,Restaurante,2023-06-13
TXN_5183249,Sandwich,1,4.0,4.0,,Restaurante,2023-07-02
TXN_5104848,Te,2,1.5,3.0,,Para llevar,2023-01-22
TXN_9943917,Sandwich,3,4.0,12.0,Tarjeta Crédito,Restaurante,2023-01-16
TXN_2490461,Ensalada,4,5.0,20.0,,,2023-09-22
TXN_5852244,Torta,2,3.0,6.0,Tarjeta Crédito,Para llevar,2023-10-15
TXN_9874775,Te,1,1.5,1.5,Efectivo,,2023-09-02
TXN_2586215,Jugo,2,3.0,6.0,Nequi/Daviplata,,2023-03-23
TXN_7704229,Café,DESCONOCIDO,2.0,8.0,Efectivo,,2023-07-15
TXN_5444860,Te,2,1.5,3.0,Nequi/Daviplata,,2023-04-28
TXN_9391494,Café,1,2.0,2.0,,,2023-12-17
TXN_3557583,Granizado,5,4.0,20.0,Tarjeta Crédito,ERROR,2023-07-26
TXN_8739878,DESCONOCIDO,1,3.0,3.0,,,2023-09-27
TXN_5386352,ERROR,1,4.0,4.0,Tarjeta Crédito,,2023-01-18
TXN_8321887,DESCONOCIDO,5,1.0,5.0,,,2023-03-21
TXN_3995266,Sandwich,1,4.0,4.0,Tarjeta Crédito,Restaurante,2023-04-21
TXN_7326974,Torta,4,3.0,12.0,Tarjeta Crédito,,2023-12-31
TXN_7277750,Torta,2,3.0,6.0,,,2023-09-29
TXN_8075323,Sandwich,1,4.0,4.0,Nequi/Daviplata,,2023-04-18
TXN_4831345,Sandwich,5,4.0,20.0,,Restaurante,2023-05-10
TXN_6301984,Jugo,5,3.0,15.0,,Para llevar,
TXN_1456374,Galleta,5,1.0,5.0,Efectivo,,2023-02-15
TXN_3263746,Café,1,2.0,2.0,Efectivo,Para llevar,2023-11-14
TXN_2268203,Ensalada,3,5.0,15.0,,DESCONOCIDO,DESCONOCIDO
TXN_9502077,Granizado,3,4.0,12.0,,,2023-12-21
TXN_4994052,Café,4,2.0,8.0,,Para llevar,
TXN_1671480,Galleta,5,1.0,5.0,,,2023-01-06
TXN_7430227,Torta,3,3.0,9.0,Efectivo,Restaurante,2023-07-24
TXN_1516182,Galleta,1,1.0,1.0,,,2023-06-18
TXN_8807199,Ensalada,5,5.0,25.0,Tarjeta Crédito,,2023-05-30
TXN_8700466,Café,4,2.0,8.0,Nequi/Daviplata,Restaurante,2023-04-29
TXN_2190325,Sandwich,4,4.0,16.0,Tarjeta Crédito,Restaurante,2023-03-10
TXN_4150495,Galleta,2,1.0,2.0,Efectivo,,2023-04-12
TXN_3794410,Torta,4,3.0,12.0,Tarjeta Crédito,,2023-12-06
TXN_5677869,Jugo,5,3.0,15.0,Efectivo,Restaurante,2023-11-19
TXN_3436462,Ensalada,2,5.0,10.0,Tarjeta Crédito,Restaurante,2023-06-29
TXN_7493740,Torta,1,3.0,3.0,,ERROR,2023-05-18
TXN_7388752,Ensalada,1,5.0,5.0,Tarjeta Crédito,Para llevar,2023-08-28
TXN_9448209,Sandwich,3,4.0,12.0,Efectivo,Restaurante,DESCONOCIDO
TXN_8655424,Galleta,2,1.0,2.0,,Restaurante,2023-11-26
TXN_9720012,Granizado,5,4.0,20.0,Efectivo,Restaurante,2023-09-25
TXN_6609572,ERROR,4,4.0,16.0,Efectivo,Restaurante,2023-06-15
TXN_9390188,Te,1,1.5,1.5,,Para llevar,2023-06-20
TXN_1952465,Torta,2,3.0,6.0,,Para llevar,2023-06-11
TXN_7605154,Jugo,5,3.0,15.0,Efectivo,Restaurante,2023-09-09
TXN_2684400,Café,3,2.0,6.0,DESCONOCIDO,Restaurante,2023-03-30
TXN_4702378,Torta,2,3.0,6.0,Efectivo,DESCONOCIDO,2023-08-28
TXN_6312755,Sandwich,2,4.0,8.0,Tarjeta Crédito,,2023-02-11
TXN_7584025,Te,4,1.5,6.0,,Restaurante,2023-09-18
TXN_7533540,Sandwich,5,4.0,20.0,,Restaurante,2023-11-01
TXN_4425164,Jugo,4,3.0,12.0,,,2023-01-13
TXN_4325648,Jugo,3,3.0,9.0,Nequi/Daviplata,Para llevar,2023-05-04
TXN_7151374,Te,4,1.5,6.0,Tarjeta Crédito,Restaurante,2023-07-30
TXN_6413250,Ensalada,ERROR,5.0,20.0,Efectivo,DESCONOCIDO,2023-12-02
TXN_6496506,Jugo,1,3.0,3.0,Nequi/Daviplata,Restaurante,2023-01-11
TXN_2695546,Te,DESCONOCIDO,1.5,1.5,Tarjeta Crédito,Para llevar,2023-08-26
TXN_4823513,Galleta,5,1.0,DESCONOCIDO,Efectivo,Para llevar,2023-07-02
TXN_8960347,Granizado,DESCONOCIDO,4.0,12.0,Efectivo,Restaurante,
TXN_3222677,Sandwich,1,4.0,4.0,Nequi/Daviplata,Para llevar,2023-12-16
TXN_9942517,Café,4,2.0,8.0,Nequi/Daviplata,Restaurante,2023-04-29
TXN_8735418,Café,5,2.0,10.0,Nequi/Daviplata,Para llevar,2023-03-03
TXN_7799794,,4,1.0,4.0,Nequi/Daviplata,Restaurante,2023-08-22
TXN_6347670,Te,2,1.5,3.0,Nequi/Daviplata,Restaurante,2023-06-24
TXN_9180345,Sandwich,4,DESCONOCIDO,16.0,Nequi/Daviplata,,2023-06-13
TXN_9632482,Torta,2,3.0,6.0,Tarjeta Crédito,,2023-08-27
TXN_4642770,Te,4,1.5,6.0,,,2023-09-22
TXN_5356324,Granizado,1,4.0,4.0,ERROR,,2023-02-26
TXN_5148730,Torta,1,3.0,3.0,Efectivo,DESCONOCIDO,2023-12-12
TXN_8848847,Galleta,3,1.0,3.0,Efectivo,Para llevar,2023-08-15
TXN_3686848,Te,3,1.5,4.5,,,2023-04-06
TXN_2328896,Granizado,4,4.0,16.0,Efectivo,,2023-10-20
TXN_6361856,Galleta,5,1.0,5.0,DESCONOCIDO,,2023-05-11
TXN_5942011,Te,1,1.5,1.5,Efectivo,,2023-10-08
TXN_7137364,Ensalada,5,5.0,25.0,Efectivo,DESCONOCIDO,2023-08-09
TXN_9904042,DESCONOCIDO,4,4.0,16.0,Tarjeta Crédito,,2023-06-09
TXN_1510406,,3,5.0,15.0,,Restaurante,2023-01-12
TXN_8176812,Sandwich,5,4.0,20.0,Nequi/Daviplata,,2023-06-21
TXN_1360872,Café,2,DESCONOCIDO,4.0,Tarjeta Crédito,Restaurante,2023-11-04
TXN_4413776,Café,5,2.0,10.0,Efectivo,Para llevar,2023-07-21
TXN_1811953,Galleta,2,1.0,2.0,DESCONOCIDO,,2023-06-26
TXN_9382596,Granizado,5,4.0,20.0,Tarjeta Crédito,Para llevar,2023-11-18
TXN_9480564,Galleta,4,1.0,4.0,Efectivo,Restaurante,2023-06-12
TXN_1094479,Torta,3,3.0,9.0,DESCONOCIDO,Restaurante,2023-06-08
TXN_8301190,Café,1,2.0,2.0,Efectivo,Para llevar,2023-04-01
TXN_7653946,Granizado,4,4.0,16.0,Efectivo,,2023-09-19
TXN_1348274,Torta,5,3.0,15.0,,,2023-11-14
TXN_2855149,Sandwich,2,4.0,8.0,Efectivo,Restaurante,2023-07-16
TXN_9320167,Jugo,5,3.0,15.0,Tarjeta Crédito,,2023-11-12
TXN_1135215,Sandwich,3,4.0,12.0,,Restaurante,2023-04-10
TXN_6158518,Galleta,5,1.0,5.0,Efectivo,ERROR,2023-09-28
TXN_5734442,Galleta,4,1.0,4.0,Tarjeta Crédito,Para llevar,2023-10-01
TXN_5748083,Ensalada,DESCONOCIDO,5.0,10.0,,Para llevar,2023-04-08
TXN_1804335,Jugo,,3.0,9.0,Tarjeta Crédito,,2023-10-05
TXN_3644269,Galleta,5,1.0,5.0,Tarjeta Crédito,Para llevar,2023-09-26
TXN_5611239,DESCONOCIDO,4,1.0,4.0,Efectivo,Para llevar,2023-11-18
TXN_4020100,Galleta,1,1.0,1.0,Efectivo,Restaurante,2023-08-09
TXN_1643870,Ensalada,4,5.0,20.0,Nequi/Daviplata,Para llevar,2023-10-07
TXN_4734216,Ensalada,3,5.0,15.0,Nequi/Daviplata,Restaurante,2023-11-30
TXN_4060538,Torta,2,3.0,6.0,Nequi/Daviplata,Para llevar,2023-09-08
TXN_4788388,Torta,DESCONOCIDO,3.0,9.0,,,2023-06-29
TXN_9348280,DESCONOCIDO,2,4.0,8.0,Tarjeta Crédito,Restaurante,2023-03-28
TXN_5173628,Te,3,1.5,4.5,,Para llevar,2023-05-30
TXN_9040196,Jugo,3,3.0,9.0,Efectivo,DESCONOCIDO,2023-06-28
TXN_1853983,Te,1,1.5,1.5,Efectivo,Restaurante,2023-12-04
TXN_6154823,ERROR,5,4.0,20.0,Nequi/Daviplata,Para llevar,2023-11-16
TXN_1936915,Ensalada,3,5.0,15.0,Nequi/Daviplata,Restaurante,2023-01-24
TXN_8693747,Granizado,4,,16.0,Nequi/Daviplata,,2023-02-13
TXN_2911864,Galleta,3,1.0,3.0,Nequi/Daviplata,Para llevar,2023-03-21
TXN_2336921,Jugo,3,3.0,9.0,Nequi/Daviplata,Para llevar,2023-05-01
TXN_3275800,Café,3,2.0,6.0,,Para llevar,2023-05-27
TXN_6472656,Te,3,1.5,4.5,Efectivo,Para llevar,2023-11-25
TXN_3494191,Granizado,2,4.0,8.0,Tarjeta Crédito,Restaurante,2023-01-08
TXN_4177717,Galleta,1,1.0,1.0,,,2023-01-07
TXN_7313328,Jugo,1,3.0,3.0,,Para llevar,2023-01-03
TXN_4019047,ERROR,2,2.0,4.0,,,2023-09-14
TXN_6832697,Ensalada,3,5.0,15.0,Tarjeta Crédito,Para llevar,2023-01-21
TXN_2919225,Café,4,2.0,8.0,Tarjeta Crédito,Para llevar,2023-02-14
TXN_4937344,Sandwich,DESCONOCIDO,4.0,4.0,Tarjeta Crédito,Restaurante,2023-02-12
TXN_6444366,Café,1,2.0,2.0,Nequi/Daviplata,,2023-08-19
TXN_7448158,Torta,ERROR,3.0,6.0,Nequi/Daviplata,Para llevar,2023-09-28
TXN_7630601,Te,1,1.5,1.5,,Para llevar,2023-08-22
TXN_7366807,Ensalada,DESCONOCIDO,5.0,15.0,,,2023-10-22
TXN_5762127,Café,2,2.0,4.0,,Para llevar,2023-11-10
TXN_1856153,Café,5,2.0,10.0,Tarjeta Crédito,,2023-12-02
TXN_4908458,Te,4,1.5,6.0,,,2023-10-06
TXN_4214066,Jugo,2,3.0,6.0,,Restaurante,2023-07-23
TXN_8252793,Galleta,4,1.0,4.0,Nequi/Daviplata,,2023-07-28
TXN_1313643,Torta,4,3.0,12.0,DESCONOCIDO,,2023-02-11
TXN_2941227,Galleta,3,1.0,3.0,Efectivo,Restaurante,2023-08-29
TXN_1206585,Te,2,1.5,3.0,Efectivo,,2023-06-29
TXN_9580673,Jugo,2,3.0,ERROR,ERROR,Restaurante,2023-06-25
TXN_9874192,Granizado,3,4.0,12.0,,,2023-11-30
TXN_4475487,Granizado,3,4.0,12.0,Efectivo,Restaurante,2023-06-01
TXN_8876663,Ensalada,DESCONOCIDO,5.0,10.0,Nequi/Daviplata,Para llevar,2023-03-23
TXN_3858126,Granizado,2,4.0,8.0,,Restaurante,2023-08-25
TXN_3524464,Granizado,4,DESCONOCIDO,16.0,Tarjeta Crédito,Para llevar,2023-08-31
TXN_6242107,Café,3,2.0,6.0,Efectivo,,2023-11-14
TXN_2352246,Granizado,4,4.0,16.0,Tarjeta Crédito,Para llevar,2023-06-20
TXN_9523335,Galleta,4,1.0,4.0,Tarjeta Crédito,ERROR,2023-01-29
TXN_4475412,Sandwich,3,4.0,12.0,DESCONOCIDO,,2023-10-31
TXN_2656162,Café,1,2.0,2.0,Nequi/Daviplata,Restaurante,2023-04-11
TXN_7517241,Sandwich,2,4.0,8.0,,ERROR,2023-01-18
TXN_6243134,Te,2,1.5,3.0,Nequi/Daviplata,,ERROR
TXN_2435218,ERROR,DESCONOCIDO,2.0,10.0,,Restaurante,2023-05-02
TXN_9022617,Café,1,2.0,2.0,Tarjeta Crédito,Restaurante,2023-01-23
TXN_1031802,Galleta,4,1.0,4.0,ERROR,DESCONOCIDO,2023-06-27
TXN_2346296,Torta,4,3.0,12.0,Nequi/Daviplata,,2023-10-04
TXN_8219210,Granizado,5,4.0,20.0,Efectivo,,2023-01-12
TXN_4541981,Granizado,4,ERROR,16.0,Tarjeta Crédito,Restaurante,2023-01-14
TXN_8522571,Jugo,2,3.0,6.0,Tarjeta Crédito,Para llevar,2023-09-19
TXN_6752476,Te,4,1.5,6.0,,Para llevar,2023-08-28
TXN_1894142,Sandwich,4,4.0,16.0,Efectivo,Restaurante,2023-09-13
TXN_3766378,DESCONOCIDO,1,3.0,3.0,Efectivo,Para llevar,2023-08-18
TXN_8885727,Te,2,1.5,3.0,Efectivo,Para llevar,2023-10-05
TXN_1422305,Sandwich,4,4.0,16.0,,Restaurante,2023-03-09
TXN_4625165,Ensalada,3,5.0,15.0,Tarjeta Crédito,,2023-03-02
TXN_1804132,Granizado,3,4.0,12.0,,Restaurante,
TXN_9323215,Galleta,3,1.0,3.0,,,2023-01-27
TXN_6824743,Sandwich,2,4.0,ERROR,Nequi/Daviplata,Para llevar,2023-11-08
TXN_9384397,Sandwich,DESCONOCIDO,4.0,8.0,Efectivo,,2023-10-31
TXN_1034067,Granizado,3,,12.0,Nequi/Daviplata,,2023-01-07
TXN_3265085,Galleta,5,1.0,5.0,,Restaurante,2023-09-05
TXN_3061498,Ensalada,5,5.0,25.0,,,2023-11-14
TXN_6206792,Te,,ERROR,6.0,Tarjeta Crédito,,2023-10-13
TXN_7374304,Te,5,1.5,7.5,Nequi/Daviplata,Restaurante,2023-05-10
TXN_9447946,Granizado,2,4.0,8.0,Tarjeta Crédito,Restaurante,2023-10-21
TXN_2102561,,2,1.0,2.0,,Restaurante,2023-04-05
TXN_5649995,Te,2,1.5,3.0,,Para llevar,ERROR
TXN_8223689,Ensalada,5,5.0,25.0,Nequi/Daviplata,Restaurante,2023-09-08
TXN_3207254,Torta,1,3.0,3.0,,Para llevar,2023-04-25
TXN_2579242,Jugo,5,3.0,15.0,,Restaurante,2023-09-11
TXN_2187911,Café,3,,6.0,Tarjeta Crédito,Para llevar,2023-04-20
TXN_2594056,Ensalada,4,5.0,20.0,Efectivo,,2023-03-11
TXN_6591736,Café,4,2.0,8.0,,Para llevar,2023-06-21
TXN_1267753,ERROR,3,1.5,4.5,Tarjeta Crédito,,2023-06-28
TXN_4615235,Torta,4,3.0,12.0,Efectivo,,2023-01-08
TXN_4824519,Granizado,5,4.0,20.0,,,2023-12-27
TXN_4677415,Torta,2,3.0,6.0,Nequi/Daviplata,,2023-12-12
TXN_3548788,Ensalada,4,5.0,20.0,Nequi/Daviplata,,2023-02-22
TXN_2503245,Sandwich,3,4.0,12.0,DESCONOCIDO,Para llevar,2023-04-15
TXN_8855046,Jugo,3,ERROR,9.0,,Para llevar,2023-12-05
TXN_9287659,,1,3.0,3.0,,Restaurante,2023-05-13
TXN_2417402,Sandwich,3,4.0,12.0,Nequi/Daviplata,,2023-05-09
TXN_6266017,Galleta,4,1.0,4.0,DESCONOCIDO,Restaurante,2023-09-28
TXN_4619018,Torta,5,3.0,15.0,Nequi/Daviplata,,2023-12-19
TXN_8352748,DESCONOCIDO,5,4.0,20.0,Efectivo,Restaurante,2023-05-01
TXN_2221447,Galleta,1,1.0,1.0,Tarjeta Crédito,Restaurante,2023-12-06
TXN_3564954,Granizado,4,DESCONOCIDO,16.0,Efectivo,,2023-03-09
TXN_8464222,Torta,4,3.0,12.0,Efectivo,Restaurante,2023-08-17
TXN_6815753,Galleta,4,1.0,4.0,Nequi/Daviplata,Para llevar,2023-10-27
TXN_6738716,Torta,,3.0,15.0,,Para llevar,2023-04-21
TXN_9477892,Torta,3,3.0,9.0,Tarjeta Crédito,DESCONOCIDO,2023-08-21
TXN_9894270,Galleta,ERROR,1.0,4.0,Tarjeta Crédito,Restaurante,ERROR
TXN_3136701,,2,4.0,8.0,,Restaurante,2023-12-18
TXN_4644671,Café,3,2.0,6.0,DESCONOCIDO,,2023-04-20
TXN_1634534,Jugo,5,3.0,15.0,,,2023-12-03
TXN_7809121,Torta,4,3.0,12.0,,,2023-05-15
TXN_1350239,Granizado,5,4.0,20.0,Efectivo,,2023-11-18
TXN_5145906,Te,4,1.5,6.0,,,2023-01-30
TXN_9603912,Jugo,5,3.0,15.0,DESCONOCIDO,,2023-12-23
TXN_1205610,,2,1.0,2.0,,Restaurante,2023-07-19
TXN_8969428,Ensalada,3,5.0,15.0,,Para llevar,2023-03-08
TXN_5269634,Torta,5,3.0,15.0,Nequi/Daviplata,Restaurante,2023-04-07
TXN_3043982,Sandwich,5,4.0,20.0,Efectivo,Restaurante,2023-01-10
TXN_6310896,Sandwich,1,4.0,4.0,,Restaurante,2023-05-01
TXN_5496282,Granizado,2,,8.0,,DESCONOCIDO,2023-03-03
TXN_3947201,Galleta,5,1.0,5.0,,Para llevar,2023-06-17
TXN_3666951,Jugo,2,3.0,6.0,,Restaurante,2023-01-06
TXN_7254494,Café,5,2.0,10.0,Tarjeta Crédito,Para llevar,2023-03-16
TXN_3157867,,2,5.0,10.0,,Para llevar,2023-11-02
TXN_6164035,Galleta,1,1.0,1.0,Tarjeta Crédito,Para llevar,2023-03-30
TXN_6234838,Jugo,5,3.0,15.0,,Restaurante,2023-10-30
TXN_5671075,Te,5,1.5,7.5,Efectivo,Restaurante,2023-12-25
TXN_5004986,Sandwich,3,4.0,12.0,Nequi/Daviplata,,2023-01-23
TXN_4856575,Ensalada,3,5.0,15.0,Nequi/Daviplata,Restaurante,2023-09-10
TXN_6064400,Sandwich,5,4.0,20.0,,,2023-07-06
TXN_8512136,Jugo,1,3.0,3.0,Efectivo,Para llevar,2023-08-26
TXN_1868529,ERROR,1,5.0,5.0,Tarjeta Crédito,,2023-01-25
TXN_3129441,Jugo,3,3.0,9.0,Tarjeta Crédito,Restaurante,2023-05-31
TXN_1652596,Granizado,5,4.0,DESCONOCIDO,Nequi/Daviplata,,2023-10-04
TXN_3487896,Café,5,2.0,10.0,Tarjeta Crédito,,2023-01-09
TXN_1429858,Galleta,4,1.0,4.0,Tarjeta Crédito,ERROR,2023-03-15
TXN_1721242,Granizado,5,4.0,20.0,,Restaurante,2023-11-23
TXN_3472707,Sandwich,2,4.0,8.0,Efectivo,Para llevar,2023-03-26
TXN_5348750,DESCONOCIDO,5,5.0,25.0,Tarjeta Crédito,,2023-07-15
TXN_3819085,Sandwich,1,4.0,4.0,,Para llevar,2023-11-23
TXN_2181920,Sandwich,3,4.0,12.0,Efectivo,,2023-02-11
TXN_1173155,Café,1,2.0,2.0,Efectivo,Restaurante,2023-03-14
TXN_4913079,Sandwich,3,4.0,12.0,ERROR,,2023-08-19
TXN_1476711,Te,2,1.5,3.0,,,2023-01-26
TXN_5341644,Torta,4,3.0,12.0,Efectivo,,2023-01-24
TXN_4548274,Jugo,5,3.0,15.0,Nequi/Daviplata,,2023-05-09
TXN_8008815,Ensalada,2,5.0,10.0,,DESCONOCIDO,2023-03-16
TXN_3639760,Torta,5,3.0,15.0,Tarjeta Crédito,Para llevar,2023-01-29
TXN_8159727,Ensalada,5,ERROR,25.0,Nequi/Daviplata,,2023-04-24
TXN_5061028,Galleta,1,1.0,1.0,Tarjeta Crédito,Para llevar,2023-05-17
TXN_6962671,Torta,2,3.0,6.0,,,2023-01-20
TXN_4791072,Café,3,2.0,6.0,,ERROR,2023-11-13
TXN_7263939,,ERROR,4.0,4.0,,,2023-08-08
TXN_4775791,Granizado,4,4.0,16.0,Tarjeta Crédito,,2023-04-13
TXN_6724554,Te,3,1.5,ERROR,DESCONOCIDO,,2023-03-22
TXN_6897608,Café,2,2.0,4.0,Tarjeta Crédito,Para llevar,2023-06-28
TXN_1481470,Jugo,3,3.0,9.0,Nequi/Daviplata,Para llevar,ERROR
TXN_4226572,Galleta,3,1.0,3.0,,Para llevar,2023-05-16
TXN_6833530,Jugo,4,3.0,12.0,,Restaurante,2023-11-05
TXN_5752187,Jugo,4,3.0,12.0,Nequi/Daviplata,Restaurante,ERROR
TXN_4321368,Café,4,2.0,8.0,,Para llevar,2023-12-09
TXN_3434549,Sandwich,5,4.0,20.0,Tarjeta Crédito,Para llevar,2023-05-25
TXN_7918317,Te,1,1.5,1.5,Tarjeta Crédito,,2023-07-27
TXN_3467985,Sandwich,3,4.0,12.0,Efectivo,Para llevar,2023-12-10
TXN_3526095,Sandwich,3,4.0,12.0,Efectivo,Para llevar,2023-08-30
TXN_8316915,Galleta,5,1.0,5.0,Nequi/Daviplata,Restaurante,2023-05-30
TXN_4876685,Te,1,1.5,1.5,Nequi/Daviplata,Para llevar,2023-07-14
TXN_7505290,Ensalada,4,5.0,20.0,Nequi/Daviplata,Para llevar,2023-10-21
TXN_5709834,Torta,4,3.0,12.0,Nequi/Daviplata,,2023-03-24
TXN_9626624,Granizado,3,4.0,12.0,Efectivo,Restaurante,2023-10-10
TXN_4563526,Granizado,4,4.0,16.0,Tarjeta Crédito,,2023-06-30
TXN_5512533,Café,4,2.0,8.0,Nequi/Daviplata,,2023-06-13
TXN_9399452,Torta,4,3.0,12.0,Tarjeta Crédito,Restaurante,2023-12-03
TXN_3451212,Torta,3,3.0,9.0,ERROR,,2023-01-29
TXN_1934166,Sandwich,5,4.0,20.0,Efectivo,Restaurante,2023-03-06
TXN_5594695,Torta,3,3.0,9.0,Tarjeta Crédito,Restaurante,2023-01-18
TXN_8379868,Torta,3,3.0,9.0,Efectivo,Restaurante,2023-01-16
TXN_3708535,Café,5,2.0,10.0,,Restaurante,2023-05-02
TXN_5299440,Jugo,2,3.0,6.0,Tarjeta Crédito,Restaurante,2023-10-21
TXN_4107706,Ensalada,1,5.0,5.0,,Restaurante,2023-11-23
TXN_6059878,Ensalada,3,5.0,15.0,Nequi/Daviplata,,2023-01-23
TXN_6476204,DESCONOCIDO,5,4.0,ERROR,,Para llevar,2023-12-22
TXN_5777542,Sandwich,2,4.0,8.0,ERROR,,2023-10-22
TXN_3919225,Torta,2,3.0,6.0,Efectivo,Restaurante,2023-03-26
TXN_5598744,Sandwich,4,4.0,DESCONOCIDO,Nequi/Daviplata,Para llevar,2023-10-17
TXN_7355326,Galleta,1,1.0,1.0,,,2023-01-03
TXN_4071945,Torta,1,,3.0,Efectivo,,2023-07-17
TXN_6732096,Granizado,2,4.0,ERROR,,Restaurante,2023-04-02
TXN_4392519,Galleta,2,1.0,2.0,DESCONOCIDO,Para llevar,2023-09-20
TXN_1716710,Café,2,2.0,4.0,DESCONOCIDO,,2023-02-23
TXN_9550397,Café,4,2.0,8.0,,,ERROR
TXN_9655021,Café,3,2.0,6.0,DESCONOCIDO,,2023-04-22
TXN_3868402,Café,3,2.0,6.0,Efectivo,Restaurante,2023-01-21
TXN_4624591,Ensalada,2,5.0,10.0,Tarjeta Crédito,Restaurante,2023-08-03
TXN_9640865,Galleta,2,1.0,ERROR,Efectivo,Para llevar,2023-03-18
TXN_6456008,Ensalada,5,5.0,25.0,Tarjeta Crédito,Restaurante,2023-03-26
TXN_9547654,Galleta,2,1.0,2.0,DESCONOCIDO,Restaurante,2023-11-19
TXN_4986668,Torta,3,3.0,9.0,Nequi/Daviplata,DESCONOCIDO,2023-11-30
TXN_6235329,Ensalada,2,5.0,10.0,Nequi/Daviplata,Restaurante,2023-10-11
TXN_8536578,Torta,5,3.0,15.0,Nequi/Daviplata,Restaurante,2023-11-11
TXN_4545512,Café,1,2.0,2.0,,Para llevar,2023-12-18
TXN_2156128,Sandwich,1,4.0,4.0,Nequi/Daviplata,Restaurante,2023-07-21
TXN_9188172,Jugo,3,3.0,9.0,Nequi/Daviplata,Restaurante,2023-08-27
TXN_5893283,,3,3.0,9.0,Efectivo,Restaurante,2023-08-15
TXN_6408024,Galleta,3,1.0,3.0,,Restaurante,2023-11-29
TXN_4788748,Sandwich,4,4.0,16.0,Tarjeta Crédito,Restaurante,2023-04-30
TXN_6460409,Ensalada,3,5.0,DESCONOCIDO,Efectivo,ERROR,2023-01-03
TXN_1067052,Te,4,1.5,6.0,,Para llevar,2023-02-18
TXN_8776634,Jugo,5,3.0,15.0,,Restaurante,2023-06-02
TXN_2534831,Te,5,1.5,7.5,Efectivo,Para llevar,2023-08-19
TXN_9941872,Ensalada,3,5.0,15.0,,,2023-04-08
TXN_2055898,Te,4,1.5,6.0,,,2023-12-01
TXN_2007418,Granizado,4,4.0,16.0,Efectivo,,2023-06-16
TXN_6451043,Galleta,2,1.0,2.0,,Restaurante,2023-02-06
TXN_2632916,Jugo,3,3.0,9.0,Tarjeta Crédito,,2023-06-17
TXN_1926794,Granizado,1,4.0,4.0,,Restaurante,2023-01-14
TXN_3201783,Jugo,3,3.0,9.0,DESCONOCIDO,,2023-12-03
TXN_2374950,Torta,5,3.0,15.0,Nequi/Daviplata,,2023-04-28
TXN_5962196,Granizado,2,4.0,8.0,Efectivo,Para llevar,2023-11-29
TXN_4342098,Granizado,4,4.0,16.0,Efectivo,Restaurante,2023-05-24
TXN_7367134,Granizado,4,4.0,16.0,Nequi/Daviplata,,2023-10-03
TXN_3651743,Torta,5,3.0,15.0,Efectivo,Restaurante,2023-04-24
TXN_4411007,Galleta,5,1.0,5.0,Nequi/Daviplata,Para llevar,2023-05-17
TXN_6026451,Jugo,2,3.0,6.0,Efectivo,Restaurante,2023-11-06
TXN_5896413,Café,3,2.0,6.0,Efectivo,Restaurante,ERROR
TXN_5093312,Galleta,4,1.0,4.0,Tarjeta Crédito,Para llevar,2023-08-12
TXN_6685570,Te,1,1.5,1.5,Tarjeta Crédito,Restaurante,2023-03-14
TXN_7905853,Galleta,4,1.0,4.0,Nequi/Daviplata,,2023-07-25
TXN_3020475,Ensalada,4,5.0,20.0,,Para llevar,2023-09-13
TXN_7665695,Te,3,1.5,4.5,ERROR,Restaurante,2023-10-21
TXN_2355099,Ensalada,5,5.0,25.0,Efectivo,Para llevar,2023-03-18
TXN_6071866,Te,4,1.5,6.0,,,2023-10-14
TXN_4548715,Sandwich,2,4.0,8.0,,,2023-02-16
TXN_8156272,Ensalada,2,5.0,10.0,Efectivo,Restaurante,ERROR
TXN_8344035,Granizado,2,4.0,8.0,Efectivo,,2023-08-23
TXN_7332192,Café,1,2.0,2.0,Tarjeta Crédito,Para llevar,2023-11-17
TXN_4483944,Jugo,4,3.0,12.0,,Restaurante,
TXN_4713356,Granizado,5,4.0,20.0,ERROR,Restaurante,2023-05-08
TXN_6400461,Café,4,2.0,8.0,Nequi/Daviplata,,2023-01-18
TXN_9262504,Granizado,3,4.0,12.0,Tarjeta Crédito,,2023-12-01
TXN_6225305,Torta,1,3.0,3.0,Efectivo,Para llevar,2023-05-05
TXN_1266278,Granizado,1,4.0,4.0,,Para llevar,2023-11-03
TXN_2607233,Café,3,2.0,6.0,Efectivo,Para llevar,
TXN_2797871,Galleta,2,1.0,2.0,DESCONOCIDO,Para llevar,2023-09-21
TXN_6753977,Te,3,1.5,,,Restaurante,
TXN_4947561,Ensalada,DESCONOCIDO,5.0,15.0,ERROR,Para llevar,2023-06-06
TXN_3881824,Jugo,DESCONOCIDO,3.0,6.0,Tarjeta Crédito,,2023-12-30
TXN_7606965,Jugo,5,3.0,15.0,Nequi/Daviplata,Restaurante,2023-12-08
TXN_5516374,Granizado,2,4.0,8.0,,Restaurante,2023-07-25
TXN_8059034,Café,1,2.0,2.0,Nequi/Daviplata,,2023-01-10
TXN_2238287,Ensalada,3,5.0,15.0,Nequi/Daviplata,Restaurante,2023-05-22
TXN_2086896,ERROR,4,3.0,12.0,Efectivo,Para llevar,2023-11-25
TXN_9667721,Te,5,1.5,7.5,Tarjeta Crédito,Para llevar,2023-04-29
TXN_6317991,Galleta,5,1.0,5.0,Nequi/Daviplata,Restaurante,2023-03-03
TXN_7866723,Sandwich,2,4.0,8.0,Tarjeta Crédito,Restaurante,2023-03-26
TXN_7954064,ERROR,5,3.0,15.0,Tarjeta Crédito,Restaurante,2023-08-31
TXN_5251180,Galleta,1,1.0,1.0,Nequi/Daviplata,,2023-06-25
TXN_5891724,Ensalada,5,5.0,25.0,Tarjeta Crédito,,2023-12-10
TXN_9564495,DESCONOCIDO,4,3.0,12.0,Nequi/Daviplata,,2023-08-01
TXN_5092646,Granizado,2,4.0,8.0,,Para llevar,2023-05-08
TXN_5261036,,5,3.0,15.0,Efectivo,,2023-10-03
TXN_2638434,Jugo,5,3.0,15.0,Tarjeta Crédito,Restaurante,2023-09-18
TXN_5651620,DESCONOCIDO,2,4.0,8.0,,,2023-05-16
TXN_5452210,Te,5,1.5,7.5,Nequi/Daviplata,Restaurante,2023-04-17
TXN_5337566,Galleta,5,1.0,5.0,Efectivo,Para llevar,2023-03-08
TXN_3341779,Te,3,1.5,4.5,Efectivo,Para llevar,2023-07-30
TXN_7977951,Torta,5,3.0,15.0,,,2023-12-22
TXN_8226985,Café,2,2.0,4.0,,,2023-03-08
TXN_7604622,Jugo,ERROR,3.0,12.0,Tarjeta Crédito,,2023-12-22
TXN_6875870,Ensalada,5,5.0,25.0,,,2023-09-07
TXN_9086163,Galleta,2,1.0,2.0,Nequi/Daviplata,ERROR,2023-07-31
TXN_5061600,Jugo,3,3.0,DESCONOCIDO,,Restaurante,2023-11-23
TXN_9987017,Galleta,5,1.0,5.0,Efectivo,Para llevar,2023-03-14
TXN_6533576,Ensalada,5,5.0,25.0,Efectivo,Restaurante,2023-08-14
TXN_5229351,Café,3,2.0,6.0,Nequi/Daviplata,Para llevar,2023-08-14
TXN_5318263,Granizado,1,4.0,4.0,Tarjeta Crédito,Para llevar,2023-06-12
TXN_8866088,Te,4,1.5,6.0,Nequi/Daviplata,Para llevar,2023-07-11
TXN_1193930,Café,1,2.0,2.0,Efectivo,,
TXN_2601923,Torta,4,,12.0,Efectivo,Para llevar,2023-07-24
TXN_5884081,Galleta,DESCONOCIDO,1.0,ERROR,Nequi/Daviplata,Restaurante,2023-07-05
TXN_5047792,Ensalada,1,5.0,5.0,,,DESCONOCIDO
TXN_7434172,Galleta,2,1.0,2.0,Nequi/Daviplata,Para llevar,2023-11-14
TXN_1849406,Sandwich,5,4.0,ERROR,Efectivo,Restaurante,2023-11-30
TXN_8388462,Granizado,,DESCONOCIDO,8.0,DESCONOCIDO,Para llevar,2023-08-19
TXN_6289180,Jugo,1,3.0,3.0,Efectivo,Restaurante,2023-03-14
TXN_3974663,Jugo,3,3.0,9.0,Efectivo,Para llevar,2023-10-02
TXN_9041537,Sandwich,4,4.0,16.0,,,2023-08-28
TXN_2798069,ERROR,5,1.5,7.5,Nequi/Daviplata,DESCONOCIDO,2023-09-02
TXN_7601706,Jugo,DESCONOCIDO,3.0,6.0,Tarjeta Crédito,Restaurante,2023-11-15
TXN_6184247,,1,3.0,3.0,,,
TXN_3145515,Granizado,4,4.0,16.0,Efectivo,,2023-03-31
TXN_6711224,Jugo,1,3.0,3.0,Nequi/Daviplata,,2023-03-26
TXN_4035164,Jugo,5,3.0,15.0,,Restaurante,2023-11-26
TXN_1815061,Torta,3,3.0,9.0,Nequi/Daviplata,Restaurante,2023-01-20
TXN_9522690,Galleta,4,1.0,4.0,Tarjeta Crédito,Restaurante,2023-07-23
TXN_2858635,Sandwich,1,4.0,4.0,Nequi/Daviplata,Restaurante,2023-09-28
TXN_5492825,DESCONOCIDO,2,5.0,10.0,,Restaurante,2023-02-25
TXN_2083119,DESCONOCIDO,2,1.0,2.0,,Restaurante,2023-06-11
TXN_7030681,Jugo,1,3.0,3.0,Efectivo,,2023-10-01
TXN_7738316,Galleta,4,1.0,4.0,ERROR,,2023-02-04
TXN_6817358,Granizado,2,ERROR,8.0,Tarjeta Crédito,DESCONOCIDO,2023-12-22
TXN_4430474,Torta,2,3.0,6.0,Nequi/Daviplata,,2023-06-08
TXN_2329938,Sandwich,3,4.0,12.0,Tarjeta Crédito,,2023-03-29
TXN_7020104,ERROR,5,1.5,7.5,Nequi/Daviplata,,2023-01-23
TXN_3642052,Torta,1,3.0,DESCONOCIDO,,Para llevar,2023-07-19
TXN_6655913,Galleta,1,1.0,,Tarjeta Crédito,Restaurante,2023-04-02
TXN_1409029,Sandwich,1,4.0,4.0,Efectivo,,DESCONOCIDO
TXN_1617594,Sandwich,1,4.0,4.0,DESCONOCIDO,Restaurante,2023-04-23
TXN_7136372,Jugo,3,3.0,9.0,Tarjeta Crédito,Para llevar,2023-09-22
TXN_7648238,Galleta,DESCONOCIDO,1.0,1.0,Efectivo,,2023-05-12
TXN_1277813,ERROR,5,3.0,15.0,Nequi/Daviplata,,2023-09-11
TXN_7251969,Galleta,2,1.0,2.0,,Restaurante,2023-08-14
TXN_5790695,Te,5,1.5,7.5,Tarjeta Crédito,Para llevar,2023-04-24
TXN_7101802,Café,4,2.0,8.0,,,2023-03-19
TXN_3277936,Te,2,1.5,3.0,Nequi/Daviplata,Para llevar,2023-06-21
TXN_3233221,Torta,5,3.0,15.0,,Para llevar,2023-06-15
TXN_6200423,Galleta,1,1.0,1.0,,Restaurante,2023-02-03
TXN_1522176,Granizado,DESCONOCIDO,4.0,4.0,Nequi/Daviplata,Para llevar,2023-04-29
TXN_6728574,Jugo,3,3.0,9.0,Efectivo,,2023-05-24
TXN_6344738,,4,5.0,20.0,Tarjeta Crédito,Para llevar,ERROR
TXN_5968705,Sandwich,3,4.0,12.0,Tarjeta Crédito,Para llevar,2023-12-16
TXN_9657902,Jugo,1,3.0,3.0,Nequi/Daviplata,,2023-10-30
TXN_8640383,Jugo,2,3.0,6.0,ERROR,,2023-10-08
TXN_3889213,Torta,1,,3.0,Tarjeta Crédito,,2023-10-13
TXN_2252244,Jugo,2,DESCONOCIDO,6.0,Tarjeta Crédito,,2023-03-10
TXN_2561071,Jugo,5,3.0,15.0,,Restaurante,2023-01-30
TXN_6543164,Te,2,1.5,3.0,Nequi/Daviplata,ERROR,2023-07-10
TXN_3209025,Ensalada,2,5.0,10.0,Efectivo,,2023-10-12
TXN_9975079,Granizado,2,4.0,8.0,Efectivo,,2023-08-26
TXN_9618962,,3,DESCONOCIDO,6.0,Tarjeta Crédito,Para llevar,2023-11-08
TXN_5949517,,5,4.0,20.0,Nequi/Daviplata,Restaurante,2023-12-31
TXN_4103665,Café,4,2.0,DESCONOCIDO,,Restaurante,2023-04-30
TXN_8499618,Torta,2,3.0,6.0,ERROR,,2023-05-23
TXN_6183513,DESCONOCIDO,3,3.0,9.0,Nequi/Daviplata,,2023-12-22
TXN_3919672,Galleta,DESCONOCIDO,1.0,2.0,Tarjeta Crédito,,2023-11-05
TXN_7592199,Te,3,1.5,4.5,Nequi/Daviplata,ERROR,2023-09-14
TXN_8888249,Café,5,2.0,10.0,,,2023-10-17
TXN_8494571,,5,1.0,5.0,,,2023-02-06
TXN_7749759,Te,1,1.5,1.5,Nequi/Daviplata,Restaurante,2023-12-26
TXN_7556108,Galleta,5,1.0,5.0,,Para llevar,2023-01-17
TXN_9360886,Sandwich,1,4.0,4.0,DESCONOCIDO,,2023-07-25
TXN_5303464,Jugo,4,3.0,12.0,Efectivo,Para llevar,2023-10-26
TXN_5324330,Ensalada,3,5.0,15.0,Nequi/Daviplata,Para llevar,2023-11-20
TXN_5862289,Jugo,4,3.0,12.0,Nequi/Daviplata,Para llevar,2023-01-05
TXN_8203190,Te,2,1.5,3.0,,Restaurante,2023-06-16
TXN_9699948,Café,5,2.0,10.0,Efectivo,Restaurante,2023-04-18
TXN_8187087,Café,3,2.0,6.0,Nequi/Daviplata,Para llevar,2023-01-31
TXN_5409141,Café,5,2.0,10.0,Efectivo,Para llevar,2023-02-02
TXN_9928409,Sandwich,4,4.0,16.0,Tarjeta Crédito,,2023-06-17
TXN_9882485,Ensalada,5,5.0,25.0,Efectivo,ERROR,DESCONOCIDO
TXN_9952479,Sandwich,1,4.0,4.0,Nequi/Daviplata,Para llevar,2023-12-06
TXN_7207901,Granizado,2,4.0,8.0,Nequi/Daviplata,Restaurante,2023-12-11
TXN_8899602,Ensalada,4,5.0,20.0,,Restaurante,
TXN_4321091,Granizado,2,4.0,8.0,Efectivo,Restaurante,2023-06-15
TXN_2721997,Torta,3,3.0,9.0,,Para llevar,2023-05-20
TXN_6738137,Café,4,2.0,8.0,,,2023-07-20
TXN_5365699,Sandwich,5,4.0,20.0,,,2023-05-22
TXN_4807459,Sandwich,1,4.0,4.0,,,2023-08-11
TXN_2790608,Jugo,1,3.0,3.0,Efectivo,Restaurante,2023-12-18
TXN_2035137,,2,1.5,3.0,Nequi/Daviplata,Para llevar,2023-03-12
TXN_7603919,ERROR,2,1.0,2.0,,,2023-09-25
TXN_7429032,Sandwich,2,4.0,8.0,,Para llevar,2023-08-18
TXN_5241723,Café,3,2.0,6.0,Efectivo,,2023-07-18
TXN_5151706,Granizado,1,4.0,4.0,,Para llevar,2023-03-01
TXN_6231475,Ensalada,2,5.0,10.0,Tarjeta Crédito,Restaurante,2023-03-18
TXN_6144244,Jugo,3,ERROR,9.0,Efectivo,,2023-01-08
TXN_3442435,,ERROR,4.0,8.0,Nequi/Daviplata,Restaurante,2023-04-01
TXN_2631423,Galleta,3,1.0,3.0,Efectivo,Para llevar,2023-01-07
TXN_1616810,DESCONOCIDO,2,1.0,2.0,,Restaurante,2023-09-05
TXN_6505914,Torta,3,3.0,9.0,ERROR,ERROR,2023-01-27
TXN_1958614,Granizado,2,4.0,8.0,Nequi/Daviplata,,2023-07-02
TXN_6890737,,4,4.0,16.0,,,2023-05-22
TXN_6702416,Torta,1,3.0,3.0,,,2023-09-14
TXN_5649204,Granizado,1,4.0,4.0,Efectivo,Restaurante,2023-03-05
TXN_4084177,DESCONOCIDO,3,1.0,3.0,Tarjeta Crédito,Restaurante,2023-08-13
TXN_2066115,Ensalada,4,5.0,20.0,Tarjeta Crédito,Restaurante,2023-08-18
TXN_5029643,ERROR,2,1.5,3.0,Nequi/Daviplata,Restaurante,2023-12-23
TXN_7986904,Galleta,3,1.0,3.0,Tarjeta Crédito,Para llevar,2023-08-11
TXN_4633457,Ensalada,1,5.0,5.0,Tarjeta Crédito,Para llevar,2023-05-21
TXN_9368550,Torta,3,3.0,9.0,Nequi/Daviplata,Para llevar,2023-09-26
TXN_8049058,Torta,2,3.0,6.0,Efectivo,ERROR,2023-04-08
TXN_5131404,Sandwich,4,4.0,16.0,Tarjeta Crédito,Para llevar,2023-06-18
TXN_3480562,Café,5,2.0,10.0,,,2023-12-24
TXN_6219454,Te,1,1.5,1.5,Efectivo,Restaurante,2023-11-14
TXN_2551378,Te,2,1.5,3.0,,Para llevar,2023-10-27
TXN_9024388,Ensalada,1,5.0,5.0,Efectivo,,2023-02-27
TXN_3478329,Te,3,1.5,4.5,Nequi/Daviplata,Restaurante,2023-10-29
TXN_6308974,Galleta,4,1.0,4.0,ERROR,Restaurante,2023-10-02
TXN_5571904,Ensalada,5,5.0,25.0,Nequi/Daviplata,Para llevar,2023-08-05
TXN_6979356,Ensalada,2,5.0,10.0,,Restaurante,2023-09-21
TXN_9171458,Torta,2,3.0,6.0,,,2023-03-29
TXN_5537621,Jugo,4,3.0,12.0,Nequi/Daviplata,Para llevar,2023-02-28
TXN_9288156,Café,3,2.0,6.0,,,2023-11-05
TXN_8626720,Jugo,4,3.0,12.0,Efectivo,Para llevar,2023-06-02
TXN_9181129,Sandwich,,4.0,20.0,Nequi/Daviplata,Restaurante,2023-09-25
TXN_5908362,Sandwich,5,4.0,20.0,Nequi/Daviplata,,2023-10-03
TXN_2086841,Ensalada,4,5.0,20.0,Tarjeta Crédito,Restaurante,2023-03-16
TXN_9944141,Jugo,5,3.0,15.0,Tarjeta Crédito,Para llevar,2023-07-18
TXN_2438638,Torta,2,3.0,6.0,Tarjeta Crédito,Para llevar,2023-08-12
TXN_4644790,DESCONOCIDO,1,4.0,4.0,Tarjeta Crédito,,2023-09-19
TXN_9216933,Galleta,4,1.0,4.0,,,2023-05-29
TXN_8308356,Granizado,1,4.0,DESCONOCIDO,Nequi/Daviplata,,2023-11-21
TXN_7933500,Te,3,1.5,4.5,,Restaurante,2023-09-21
TXN_1602123,Café,,2.0,2.0,Efectivo,,2023-04-11
TXN_3321395,Te,,1.5,1.5,Nequi/Daviplata,Para llevar,2023-07-08
TXN_7563589,Granizado,5,4.0,20.0,Efectivo,,2023-09-19
TXN_7864482,Sandwich,1,4.0,4.0,Tarjeta Crédito,Para llevar,2023-01-28
TXN_7942343,Galleta,4,1.0,4.0,Nequi/Daviplata,,2023-06-15
TXN_1585329,Granizado,4,4.0,16.0,Tarjeta Crédito,,2023-07-16
TXN_6550460,Sandwich,5,4.0,ERROR,,,2023-03-15
TXN_3416466,Jugo,2,3.0,6.0,Nequi/Daviplata,,2023-09-13
TXN_5125759,Café,3,2.0,6.0,Nequi/Daviplata,Para llevar,2023-06-15
TXN_7321946,Torta,3,3.0,9.0,Efectivo,Para llevar,2023-02-12
TXN_4336291,Ensalada,5,5.0,25.0,Efectivo,Restaurante,2023-03-25
TXN_5240229,Ensalada,1,5.0,5.0,ERROR,Restaurante,2023-06-10
TXN_7854253,Café,4,2.0,8.0,Efectivo,,2023-07-26
TXN_1971201,Granizado,2,4.0,8.0,Nequi/Daviplata,,2023-11-07
TXN_2673104,Te,1,1.5,1.5,,,2023-06-23
TXN_7479695,Granizado,5,4.0,20.0,Tarjeta Crédito,,2023-12-12
TXN_1084222,Café,4,2.0,8.0,Nequi/Daviplata,Restaurante,2023-06-03
TXN_1723062,Ensalada,1,5.0,5.0,ERROR,Restaurante,2023-09-21
TXN_4987205,Te,2,1.5,3.0,,Para llevar,2023-06-24
TXN_8025478,Sandwich,4,4.0,16.0,Efectivo,Para llevar,2023-01-24
TXN_7529735,Café,3,2.0,6.0,,Restaurante,2023-08-12
TXN_1598214,Jugo,1,ERROR,3.0,Tarjeta Crédito,Para llevar,2023-01-07
TXN_7872478,Jugo,4,3.0,12.0,Tarjeta Crédito,Restaurante,2023-04-25
TXN_9464398,Torta,4,3.0,12.0,Tarjeta Crédito,,2023-09-25
TXN_9319656,Te,5,1.5,7.5,,,2023-12-22
TXN_9212052,Ensalada,4,5.0,20.0,Efectivo,,2023-10-15
TXN_2913107,DESCONOCIDO,4,ERROR,8.0,,Restaurante,2023-05-20
TXN_2550923,Torta,2,3.0,6.0,Efectivo,Para llevar,2023-08-26
TXN_3352028,ERROR,4,1.0,4.0,Tarjeta Crédito,Restaurante,2023-08-26
TXN_2682803,Torta,5,3.0,15.0,Tarjeta Crédito,Para llevar,2023-04-09
TXN_1745182,Galleta,2,DESCONOCIDO,2.0,Nequi/Daviplata,Para llevar,2023-09-26
TXN_7608637,ERROR,1,5.0,5.0,Nequi/Daviplata,,2023-04-08
TXN_6388090,Jugo,4,3.0,12.0,ERROR,,ERROR
TXN_4335735,Café,2,2.0,4.0,,,2023-04-07
TXN_9264301,Café,1,2.0,2.0,DESCONOCIDO,Restaurante,2023-10-24
TXN_6547896,Café,3,2.0,ERROR,,,2023-03-02
TXN_2414686,Torta,1,3.0,3.0,Efectivo,,ERROR
TXN_9868114,Granizado,2,4.0,8.0,Tarjeta Crédito,Restaurante,2023-11-12
TXN_6127474,Galleta,5,ERROR,5.0,Efectivo,Restaurante,2023-09-17
TXN_5549557,Torta,2,3.0,6.0,Efectivo,Restaurante,2023-02-27
TXN_4668762,Granizado,3,4.0,12.0,Nequi/Daviplata,,2023-03-10
TXN_1058466,Galleta,3,1.0,3.0,Nequi/Daviplata,Para llevar,2023-12-07
TXN_8892230,Café,5,2.0,10.0,,,2023-03-02
TXN_3332915,Galleta,2,1.0,2.0,,Para llevar,2023-01-19
TXN_9596023,Café,5,2.0,10.0,Nequi/Daviplata,Para llevar,2023-11-30
TXN_6122423,Ensalada,4,5.0,DESCONOCIDO,,Restaurante,2023-09-28
TXN_8934637,Granizado,1,4.0,4.0,,Restaurante,2023-01-07
TXN_4846406,Galleta,3,1.0,3.0,Efectivo,Restaurante,2023-05-22
TXN_8917300,Galleta,1,1.0,1.0,Efectivo,Para llevar,2023-03-04
TXN_7742182,Te,2,1.5,3.0,,,2023-11-09
TXN_8131533,Torta,1,3.0,3.0,Efectivo,Restaurante,2023-07-18
TXN_1836754,Te,1,1.5,1.5,Tarjeta Crédito,Restaurante,2023-09-10
TXN_2531878,Ensalada,3,5.0,15.0,,,2023-01-06
TXN_8126586,Sandwich,5,4.0,20.0,,Restaurante,2023-11-19
TXN_4522292,Galleta,1,1.0,1.0,Nequi/Daviplata,Restaurante,2023-07-12
TXN_2896162,Galleta,2,1.0,2.0,Tarjeta Crédito,Restaurante,
TXN_4209377,Ensalada,2,5.0,10.0,,,2023-02-07
TXN_9097321,Jugo,2,3.0,6.0,Tarjeta Crédito,,2023-10-02
TXN_8258400,ERROR,5,5.0,25.0,DESCONOCIDO,,2023-10-09
TXN_3267393,Sandwich,2,4.0,8.0,,Restaurante,2023-02-24
TXN_2389110,Sandwich,2,4.0,8.0,Efectivo,Restaurante,2023-05-30
TXN_2704452,Ensalada,2,5.0,10.0,Tarjeta Crédito,Para llevar,2023-09-05
TXN_4892165,Jugo,3,3.0,9.0,Efectivo,Restaurante,2023-07-27
TXN_6588156,Torta,4,3.0,12.0,,Restaurante,2023-04-14
TXN_4721830,Sandwich,3,4.0,12.0,DESCONOCIDO,,2023-11-15
TXN_6941542,Sandwich,3,4.0,12.0,,Restaurante,2023-09-27
TXN_5214986,Galleta,5,,5.0,Tarjeta Crédito,Restaurante,2023-09-21
TXN_3635874,Sandwich,2,4.0,8.0,Efectivo,DESCONOCIDO,2023-03-16
TXN_1721910,Jugo,4,3.0,12.0,Nequi/Daviplata,,2023-03-21
TXN_9615339,Sandwich,1,4.0,4.0,,Restaurante,
TXN_1120969,Café,2,2.0,4.0,Tarjeta Crédito,,2023-04-15
TXN_4246000,Galleta,2,1.0,2.0,Tarjeta Crédito,Para llevar,2023-07-09
TXN_9253541,DESCONOCIDO,1,1.5,1.5,Nequi/Daviplata,ERROR,2023-06-04
TXN_9699174,Granizado,3,4.0,DESCONOCIDO,,,2023-01-03
TXN_6036409,Te,5,1.5,7.5,Efectivo,Para llevar,2023-02-16
TXN_5927258,Te,5,1.5,7.5,,Restaurante,2023-10-18
TXN_6027031,Jugo,5,3.0,15.0,Tarjeta Crédito,Restaurante,2023-11-15
TXN_4449992,,3,1.0,3.0,Nequi/Daviplata,DESCONOCIDO,2023-01-09
TXN_3018211,Ensalada,4,5.0,20.0,,,ERROR
TXN_1900906,Café,5,2.0,ERROR,Efectivo,,2023-01-31
TXN_7171590,Café,3,2.0,6.0,Tarjeta Crédito,Restaurante,2023-04-24
TXN_5746203,Te,5,1.5,7.5,Efectivo,,2023-07-08
TXN_1696300,Galleta,1,1.0,1.0,Nequi/Daviplata,Restaurante,2023-05-28
TXN_1255476,Granizado,1,4.0,4.0,,,2023-08-28
TXN_9403115,Te,1,1.5,1.5,,DESCONOCIDO,2023-04-17
TXN_4476539,Ensalada,2,5.0,10.0,Efectivo,,2023-04-19
TXN_5263133,Jugo,2,3.0,6.0,,Para llevar,2023-05-22
TXN_8473362,Jugo,3,3.0,9.0,Nequi/Daviplata,,2023-11-22
TXN_8402606,Galleta,3,1.0,3.0,,Para llevar,2023-05-09
TXN_6857799,Galleta,4,1.0,4.0,Efectivo,ERROR,2023-01-08
TXN_9362993,Café,3,2.0,6.0,Efectivo,Restaurante,2023-10-22
TXN_7458568,Granizado,5,4.0,20.0,Nequi/Daviplata,,2023-05-09
TXN_7474617,Ensalada,3,5.0,15.0,Tarjeta Crédito,Para llevar,ERROR
TXN_1959082,Jugo,5,3.0,15.0,Tarjeta Crédito,,2023-06-08
TXN_9630958,Granizado,5,ERROR,20.0,Nequi/Daviplata,Restaurante,2023-12-26
TXN_4290475,Granizado,1,4.0,4.0,,Para llevar,2023-04-20
TXN_4561296,Ensalada,5,5.0,25.0,Efectivo,Restaurante,2023-11-22
TXN_6422545,Jugo,2,3.0,6.0,Tarjeta Crédito,Para llevar,2023-11-03
TXN_6012728,Torta,4,3.0,12.0,Tarjeta Crédito,Restaurante,2023-05-09
TXN_8886678,Te,5,1.5,7.5,Efectivo,,2023-03-27
TXN_5424622,Te,4,1.5,6.0,,Restaurante,2023-07-12
TXN_1204426,Sandwich,,4.0,12.0,Tarjeta Crédito,,2023-01-16
TXN_1885495,Café,4,2.0,8.0,Efectivo,,2023-03-04
TXN_3646359,Ensalada,2,5.0,10.0,Tarjeta Crédito,,2023-07-23
TXN_3284157,Te,4,ERROR,6.0,Nequi/Daviplata,,2023-05-17
TXN_4533186,Te,3,1.5,4.5,,Para llevar,2023-04-19
TXN_3046567,Ensalada,2,5.0,10.0,Tarjeta Crédito,Restaurante,2023-01-07
TXN_3594827,Jugo,5,3.0,15.0,Nequi/Daviplata,Restaurante,2023-03-09
TXN_2883054,Torta,4,3.0,12.0,Efectivo,Restaurante,2023-11-17
TXN_1744319,Granizado,3,4.0,12.0,Efectivo,,2023-03-24
TXN_6182856,Torta,4,3.0,12.0,Tarjeta Crédito,Para llevar,2023-04-02
TXN_7341998,Torta,3,3.0,9.0,Nequi/Daviplata,,2023-02-18
TXN_5438422,Granizado,3,4.0,,,Restaurante,2023-09-25
TXN_7187128,Te,5,1.5,7.5,,Para llevar,2023-08-24
TXN_6499084,Torta,4,,12.0,Tarjeta Crédito,Para llevar,2023-03-15
TXN_5738243,Ensalada,5,ERROR,25.0,Tarjeta Crédito,Para llevar,2023-08-30
TXN_8946752,Te,4,1.5,6.0,Efectivo,,2023-06-08
TXN_5453217,Café,1,2.0,2.0,Tarjeta Crédito,Restaurante,2023-07-11
TXN_9340973,Galleta,4,1.0,4.0,Efectivo,,2023-03-07
TXN_8562684,Te,5,1.5,7.5,,Para llevar,2023-06-25
TXN_2477021,Galleta,4,,4.0,Tarjeta Crédito,Restaurante,DESCONOCIDO
TXN_2030078,Granizado,1,4.0,4.0,Nequi/Daviplata,Para llevar,2023-04-10
TXN_9490465,,3,4.0,12.0,DESCONOCIDO,ERROR,2023-05-06
TXN_6603668,Café,4,ERROR,8.0,Tarjeta Crédito,Para llevar,2023-03-07
TXN_7077961,Te,4,1.5,6.0,Nequi/Daviplata,Para llevar,2023-09-19
TXN_3343585,Torta,1,3.0,3.0,Efectivo,Restaurante,2023-09-17
TXN_7896831,Café,5,2.0,10.0,Efectivo,Para llevar,2023-04-01
TXN_2510233,ERROR,2,4.0,8.0,Tarjeta Crédito,Restaurante,2023-11-04
TXN_3541337,Galleta,4,1.0,4.0,Nequi/Daviplata,Para llevar,2023-09-01
TXN_2140056,Galleta,1,1.0,1.0,Nequi/Daviplata,Para llevar,2023-12-07
TXN_9629256,Torta,4,3.0,12.0,Nequi/Daviplata,Restaurante,2023-11-07
TXN_8419985,Torta,3,3.0,9.0,,ERROR,2023-08-26
TXN_6349916,Ensalada,1,5.0,5.0,Efectivo,,2023-07-09
TXN_6568254,Ensalada,2,5.0,10.0,Tarjeta Crédito,Restaurante,2023-02-09
TXN_1730385,Torta,2,3.0,6.0,Tarjeta Crédito,,2023-03-01
TXN_7800576,Sandwich,ERROR,4.0,16.0,ERROR,,2023-07-13
TXN_6935600,Café,3,2.0,6.0,DESCONOCIDO,,2023-01-02
TXN_1851725,Torta,5,3.0,15.0,Efectivo,Para llevar,2023-02-19
TXN_5691112,Jugo,5,3.0,15.0,DESCONOCIDO,ERROR,2023-03-24
TXN_9514836,Café,3,2.0,6.0,,Restaurante,2023-03-29
TXN_4172649,Ensalada,4,5.0,20.0,Nequi/Daviplata,,2023-05-19
TXN_6504096,Ensalada,5,5.0,25.0,Efectivo,,2023-09-10
TXN_9921708,Torta,1,3.0,3.0,Efectivo,Para llevar,2023-07-20
TXN_6361661,Granizado,2,4.0,8.0,Efectivo,,2023-11-05
TXN_4329116,Torta,3,3.0,9.0,Tarjeta Crédito,Restaurante,2023-09-29
TXN_4142781,Sandwich,5,4.0,20.0,Nequi/Daviplata,Para llevar,2023-01-30
TXN_6055428,Ensalada,5,5.0,ERROR,Efectivo,Para llevar,2023-02-25
TXN_4359885,Galleta,2,1.0,2.0,Tarjeta Crédito,Restaurante,2023-01-16
TXN_4255116,Jugo,4,3.0,12.0,Tarjeta Crédito,Restaurante,2023-12-24
TXN_6511482,Te,3,1.5,4.5,Tarjeta Crédito,ERROR,2023-03-17
TXN_9672367,Galleta,2,1.0,2.0,,Restaurante,2023-12-21
TXN_1514364,Café,5,2.0,10.0,Nequi/Daviplata,Restaurante,2023-01-21
TXN_1643122,Jugo,3,3.0,9.0,,Restaurante,2023-05-15
TXN_2252586,Te,3,1.5,4.5,Efectivo,Para llevar,2023-09-08
TXN_8853027,Granizado,5,4.0,20.0,Tarjeta Crédito,Restaurante,2023-06-21
TXN_1489200,ERROR,1,3.0,3.0,DESCONOCIDO,ERROR,2023-03-27
TXN_2351890,Te,4,1.5,6.0,,Restaurante,2023-02-27
TXN_1026050,Torta,1,3.0,3.0,ERROR,,2023-04-23
TXN_3882139,Granizado,4,4.0,16.0,,DESCONOCIDO,2023-12-28
TXN_6296806,Sandwich,2,4.0,8.0,,Para llevar,DESCONOCIDO
TXN_6149247,Sandwich,3,4.0,12.0,,Para llevar,2023-09-21
TXN_3371429,Ensalada,2,5.0,10.0,Tarjeta Crédito,,2023-11-01
TXN_5136479,Sandwich,1,,4.0,,Restaurante,2023-01-04
TXN_5722175,Te,2,1.5,3.0,Nequi/Daviplata,Para llevar,2023-03-01
TXN_4075198,Ensalada,5,5.0,25.0,Efectivo,,2023-08-27
TXN_3865627,Café,4,2.0,8.0,,Restaurante,2023-02-16
TXN_2136226,Jugo,2,ERROR,6.0,Nequi/Daviplata,Restaurante,2023-12-12
TXN_2920551,Sandwich,4,4.0,16.0,Tarjeta Crédito,Para llevar,2023-11-27
TXN_9206923,Sandwich,1,4.0,4.0,,,2023-11-16
TXN_6335909,Ensalada,4,5.0,20.0,,Restaurante,2023-06-21
TXN_8107970,Café,2,2.0,4.0,Tarjeta Crédito,Para llevar,2023-06-03
TXN_3435561,,2,3.0,6.0,DESCONOCIDO,Para llevar,
TXN_8079747,DESCONOCIDO,2,5.0,10.0,Nequi/Daviplata,,2023-03-18
TXN_2135358,Torta,5,3.0,15.0,Tarjeta Crédito,,2023-05-28
TXN_1313701,Galleta,2,1.0,2.0,,,2023-10-03
TXN_4035669,Jugo,3,3.0,9.0,Efectivo,ERROR,2023-04-21
TXN_5900899,,4,1.0,4.0,,Para llevar,DESCONOCIDO
TXN_4037502,Café,2,,4.0,Efectivo,Para llevar,2023-08-10
TXN_6879752,Te,1,1.5,1.5,Nequi/Daviplata,Restaurante,2023-10-07
TXN_8708666,Torta,4,ERROR,12.0,,Para llevar,2023-01-10
TXN_5535579,Café,5,2.0,10.0,Efectivo,Restaurante,2023-12-21
TXN_2449402,Granizado,5,4.0,20.0,Efectivo,,2023-01-29
TXN_6097759,Granizado,4,4.0,16.0,Efectivo,Restaurante,2023-06-18
TXN_9579740,Torta,3,3.0,9.0,Nequi/Daviplata,,2023-03-05
TXN_3026936,Torta,5,3.0,15.0,,,2023-05-19
TXN_2532519,Torta,2,3.0,6.0,Nequi/Daviplata,,2023-04-10
TXN_9959765,Jugo,4,3.0,12.0,Efectivo,,2023-02-19
TXN_9514996,Sandwich,2,4.0,8.0,Tarjeta Crédito,Para llevar,2023-07-25
TXN_6757560,Torta,4,3.0,12.0,Efectivo,,2023-08-12
TXN_2222893,Café,4,2.0,8.0,,Para llevar,2023-12-20
TXN_4346607,Ensalada,2,5.0,10.0,Nequi/Daviplata,,2023-03-17
TXN_2586830,Jugo,1,3.0,3.0,DESCONOCIDO,Restaurante,2023-02-12
TXN_2706461,Ensalada,3,5.0,15.0,Tarjeta Crédito,ERROR,2023-12-13
TXN_1829391,Jugo,4,3.0,12.0,Tarjeta Crédito,,2023-10-06
TXN_5022805,Sandwich,1,4.0,4.0,Tarjeta Crédito,Para llevar,2023-12-17
TXN_6815801,Galleta,1,1.0,1.0,Nequi/Daviplata,Para llevar,2023-03-15
TXN_2541441,Torta,1,3.0,3.0,Efectivo,Para llevar,2023-09-21
TXN_5189465,Galleta,4,1.0,4.0,,Para llevar,2023-10-04
TXN_1217810,Galleta,1,1.0,1.0,Nequi/Daviplata,,2023-07-06
TXN_4894647,Ensalada,2,5.0,10.0,Efectivo,Para llevar,2023-12-26
TXN_7622855,Sandwich,2,4.0,8.0,Tarjeta Crédito,,2023-07-10
TXN_3215610,DESCONOCIDO,2,3.0,6.0,Nequi/Daviplata,Para llevar,2023-06-14
TXN_9931637,Torta,2,3.0,6.0,Efectivo,Para llevar,2023-09-17
TXN_6625294,Sandwich,2,4.0,8.0,Nequi/Daviplata,,2023-03-05
TXN_4577368,Torta,4,3.0,12.0,Efectivo,,2023-05-29
TXN_4158904,Jugo,2,3.0,6.0,Nequi/Daviplata,Restaurante,2023-01-31
TXN_3444569,DESCONOCIDO,1,4.0,ERROR,Tarjeta Crédito,Para llevar,2023-10-07
TXN_1208926,Galleta,4,1.0,4.0,Tarjeta Crédito,Restaurante,2023-12-07
TXN_8090361,Café,1,2.0,2.0,,,2023-03-12
TXN_8363628,Ensalada,1,5.0,ERROR,Nequi/Daviplata,,2023-04-07
TXN_4761088,Torta,4,3.0,12.0,Nequi/Daviplata,,2023-08-27
TXN_2672126,DESCONOCIDO,3,1.0,3.0,Efectivo,,2023-07-07
TXN_3232279,DESCONOCIDO,4,ERROR,16.0,DESCONOCIDO,Para llevar,2023-05-30
TXN_8526941,Sandwich,5,DESCONOCIDO,20.0,,Para llevar,2023-03-16
TXN_2453194,Torta,4,3.0,12.0,Nequi/Daviplata,ERROR,2023-11-18
TXN_9970195,Café,2,2.0,4.0,,DESCONOCIDO,2023-11-10
TXN_4458848,Galleta,2,1.0,2.0,,Restaurante,2023-10-30
TXN_1606273,Café,1,2.0,2.0,Nequi/Daviplata,Para llevar,2023-11-02
TXN_8053946,Te,1,1.5,1.5,,Para llevar,2023-09-18
TXN_7963189,Galleta,4,1.0,4.0,Nequi/Daviplata,Para llevar,2023-03-24
TXN_9151273,Te,2,1.5,3.0,Efectivo,,2023-04-09
TXN_4702345,Ensalada,4,5.0,20.0,Nequi/Daviplata,,2023-01-08
TXN_7972349,Torta,,3.0,12.0,,Restaurante,2023-04-19
TXN_4832452,Te,5,1.5,ERROR,Efectivo,,2023-02-05
TXN_9314690,Ensalada,2,5.0,10.0,Tarjeta Crédito,DESCONOCIDO,2023-12-11
TXN_3852141,Torta,5,3.0,15.0,Tarjeta Crédito,Restaurante,2023-08-04
TXN_4723529,Sandwich,2,4.0,8.0,ERROR,ERROR,2023-03-25
TXN_9537106,DESCONOCIDO,,4.0,12.0,,,2023-10-11
TXN_6039321,Ensalada,2,5.0,10.0,Tarjeta Crédito,,2023-02-15
TXN_5797307,Te,5,1.5,7.5,,Restaurante,2023-03-16
TXN_4832566,Sandwich,4,4.0,16.0,Nequi/Daviplata,Restaurante,ERROR
TXN_2262398,Te,1,1.5,,Tarjeta Crédito,Para llevar,2023-09-12
TXN_9813095,Jugo,2,3.0,,Efectivo,,2023-06-12
TXN_8627869,Jugo,1,3.0,3.0,,,2023-10-31
TXN_1123346,Te,3,1.5,4.5,,,2023-07-31
TXN_6729852,Galleta,4,1.0,4.0,DESCONOCIDO,,2023-06-29
TXN_9300618,Te,3,1.5,4.5,Tarjeta Crédito,,2023-03-06
TXN_7832527,Torta,3,3.0,9.0,Efectivo,Restaurante,2023-01-26
TXN_4703100,Sandwich,1,4.0,4.0,,,2023-01-26
TXN_1650385,Sandwich,1,4.0,4.0,ERROR,,2023-07-24
TXN_3632068,DESCONOCIDO,2,3.0,6.0,Efectivo,,2023-08-29
TXN_2132434,Ensalada,4,5.0,20.0,Nequi/Daviplata,Restaurante,2023-06-03
TXN_3847176,Sandwich,3,4.0,12.0,,Para llevar,2023-05-07
TXN_9691955,Jugo,3,3.0,9.0,Tarjeta Crédito,Restaurante,2023-11-03
TXN_4985415,Te,4,1.5,6.0,Nequi/Daviplata,,2023-08-01
TXN_1172121,Café,5,2.0,10.0,Efectivo,Para llevar,2023-08-26
TXN_2521185,Granizado,2,4.0,8.0,Efectivo,Para llevar,2023-03-20
TXN_6233021,Jugo,5,3.0,15.0,Nequi/Daviplata,Para llevar,2023-12-22
TXN_7498795,Galleta,2,1.0,2.0,Efectivo,Para llevar,2023-03-11
TXN_6730130,Te,2,1.5,3.0,,,2023-10-16
TXN_8810855,Sandwich,4,4.0,16.0,,DESCONOCIDO,2023-04-30
TXN_1599516,Jugo,3,3.0,9.0,Efectivo,Restaurante,2023-05-11
TXN_6888839,Te,3,1.5,,Nequi/Daviplata,Para llevar,2023-11-19
TXN_5970304,,4,5.0,20.0,Tarjeta Crédito,,2023-07-14
TXN_4559065,Jugo,1,3.0,3.0,Efectivo,Restaurante,2023-05-03
TXN_7637325,Galleta,4,1.0,4.0,,,2023-05-03
TXN_9685491,Café,4,2.0,8.0,Efectivo,,2023-09-20
TXN_1767321,Sandwich,1,4.0,4.0,,Restaurante,2023-03-24
TXN_9046415,Granizado,2,4.0,8.0,,DESCONOCIDO,2023-06-06
TXN_3785168,,3,3.0,9.0,,Para llevar,2023-05-01
TXN_6859249,Galleta,DESCONOCIDO,,2.0,,DESCONOCIDO,
TXN_2696377,Jugo,4,3.0,12.0,Nequi/Daviplata,Restaurante,2023-04-11
TXN_7754382,Sandwich,4,4.0,16.0,Tarjeta Crédito,ERROR,2023-06-28
TXN_4602865,Galleta,5,1.0,5.0,Nequi/Daviplata,Para llevar,2023-09-27
TXN_5966765,Torta,5,3.0,15.0,Tarjeta Crédito,Para llevar,2023-11-09
TXN_4328228,Sandwich,5,4.0,20.0,DESCONOCIDO,,2023-01-08
TXN_2462604,Te,5,1.5,7.5,Tarjeta Crédito,,2023-07-13
TXN_2897354,Jugo,4,3.0,12.0,,Restaurante,2023-06-22
TXN_5280256,ERROR,5,1.0,5.0,,Restaurante,2023-07-12
TXN_3283631,Sandwich,2,4.0,8.0,Tarjeta Crédito,Restaurante,2023-03-15
TXN_8929329,Jugo,4,3.0,12.0,,,2023-10-29
TXN_1328953,Granizado,3,4.0,12.0,,,2023-12-28
TXN_4852852,Granizado,2,4.0,8.0,DESCONOCIDO,,2023-10-06
TXN_4977954,Jugo,4,3.0,12.0,Efectivo,,
TXN_3344089,Sandwich,4,4.0,16.0,Efectivo,Restaurante,2023-08-10
TXN_2909634,Granizado,1,DESCONOCIDO,4.0,,Para llevar,2023-10-02
TXN_7551280,Galleta,4,1.0,4.0,Tarjeta Crédito,Para llevar,2023-04-14
TXN_5390533,Granizado,3,4.0,12.0,,Restaurante,2023-11-18
TXN_8487216,Te,1,1.5,1.5,Efectivo,,2023-07-01
TXN_3863163,Galleta,3,1.0,3.0,Nequi/Daviplata,Para llevar,2023-10-12
TXN_4260865,Granizado,4,4.0,16.0,,,2023-02-25
TXN_7922471,Torta,3,3.0,9.0,Efectivo,,2023-04-18
TXN_3701660,Sandwich,1,4.0,4.0,Nequi/Daviplata,,
TXN_3653560,Café,4,2.0,8.0,Nequi/Daviplata,Para llevar,2023-07-01
TXN_4075817,Galleta,2,1.0,2.0,Efectivo,,2023-03-18
TXN_3715065,Ensalada,3,5.0,15.0,Tarjeta Crédito,ERROR,2023-03-17
TXN_9549208,Café,1,2.0,2.0,Nequi/Daviplata,Restaurante,2023-10-30
TXN_2919952,Jugo,,3.0,15.0,Nequi/Daviplata,Restaurante,2023-02-17
TXN_2670824,Jugo,2,3.0,6.0,Nequi/Daviplata,Para llevar,2023-03-03
TXN_7455953,Café,2,2.0,4.0,,ERROR,2023-05-01
TXN_5926432,Granizado,4,4.0,16.0,Efectivo,Restaurante,2023-06-29
TXN_8235381,Galleta,3,1.0,3.0,Nequi/Daviplata,Restaurante,2023-03-01
TXN_6206679,Te,1,1.5,1.5,,Restaurante,2023-05-01
TXN_2954630,Ensalada,2,5.0,10.0,Tarjeta Crédito,,2023-09-30
TXN_1402641,Te,3,1.5,ERROR,Tarjeta Crédito,Para llevar,2023-09-12
TXN_6405489,Sandwich,3,4.0,12.0,Tarjeta Crédito,Para llevar,2023-05-04
TXN_3003311,Torta,5,3.0,15.0,Nequi/Daviplata,Restaurante,2023-08-01
TXN_3273540,DESCONOCIDO,1,3.0,3.0,Tarjeta Crédito,,2023-08-21
TXN_4570881,,1,2.0,2.0,,,2023-09-14
TXN_3421404,DESCONOCIDO,4,4.0,16.0,Tarjeta Crédito,,2023-05-05
TXN_8468509,ERROR,,4.0,12.0,Tarjeta Crédito,ERROR,2023-06-13
TXN_9436342,Jugo,4,3.0,12.0,Nequi/Daviplata,Restaurante,2023-11-26
TXN_3110245,Torta,5,ERROR,15.0,Efectivo,Para llevar,2023-04-21
TXN_1999100,Granizado,3,4.0,12.0,Nequi/Daviplata,,2023-11-08
TXN_3654203,Café,1,,2.0,DESCONOCIDO,,2023-04-21
TXN_2406283,Jugo,4,3.0,12.0,Nequi/Daviplata,Restaurante,2023-02-24
TXN_8964166,Jugo,5,3.0,15.0,Efectivo,,2023-11-10
TXN_1354464,Torta,5,3.0,15.0,Nequi/Daviplata,Restaurante,2023-03-18
TXN_5582443,Ensalada,3,5.0,15.0,Tarjeta Crédito,Restaurante,2023-04-13
TXN_6204081,Torta,1,3.0,3.0,Nequi/Daviplata,Para llevar,2023-07-12
TXN_4428307,Ensalada,3,5.0,15.0,Efectivo,Restaurante,
TXN_8647048,Sandwich,2,4.0,8.0,Tarjeta Crédito,Restaurante,2023-11-03
TXN_1689024,Café,5,2.0,ERROR,Tarjeta Crédito,Restaurante,2023-04-17
TXN_5422928,Te,4,1.5,6.0,Nequi/Daviplata,Para llevar,2023-09-20
TXN_9855567,Galleta,3,1.0,3.0,Tarjeta Crédito,,2023-05-25
TXN_3311860,Jugo,1,3.0,3.0,Nequi/Daviplata,Restaurante,2023-11-21
TXN_4147675,Te,2,1.5,3.0,Tarjeta Crédito,Restaurante,2023-01-04
TXN_7560178,Galleta,5,1.0,5.0,Nequi/Daviplata,Restaurante,2023-08-17
TXN_4677478,Torta,4,3.0,12.0,,Restaurante,2023-07-09
TXN_3930990,Te,4,1.5,6.0,Nequi/Daviplata,Para llevar,2023-02-27
TXN_8675922,ERROR,4,5.0,20.0,ERROR,,2023-03-31
TXN_6621596,Ensalada,2,5.0,10.0,Tarjeta Crédito,DESCONOCIDO,2023-09-25
TXN_8076942,Galleta,2,1.0,2.0,Efectivo,Para llevar,2023-04-29
TXN_4367689,Galleta,2,1.0,2.0,Efectivo,,2023-09-30
TXN_2941800,Ensalada,5,5.0,25.0,Efectivo,,2023-04-25
TXN_7072581,Galleta,2,1.0,2.0,Tarjeta Crédito,,2023-08-12
TXN_7809506,Ensalada,2,5.0,10.0,,Para llevar,2023-06-05
TXN_6884558,,1,3.0,ERROR,Efectivo,Restaurante,2023-08-14
TXN_6864420,Galleta,2,1.0,2.0,Tarjeta Crédito,Para llevar,2023-06-18
TXN_3109057,Te,4,1.5,6.0,Efectivo,,2023-11-26
TXN_2257337,Galleta,4,1.0,ERROR,Efectivo,ERROR,2023-07-24
TXN_9417344,Te,3,1.5,4.5,,Para llevar,2023-11-09
TXN_6503884,Jugo,1,3.0,3.0,Efectivo,Restaurante,2023-05-28
TXN_9868954,Granizado,4,4.0,16.0,Tarjeta Crédito,,
TXN_2206639,Café,4,2.0,8.0,Efectivo,Para llevar,2023-06-29
TXN_9337894,Te,2,1.5,3.0,,,2023-12-30
TXN_7068361,Jugo,5,3.0,15.0,Tarjeta Crédito,,2023-12-25
TXN_1405124,,3,4.0,12.0,Nequi/Daviplata,Para llevar,2023-08-03
TXN_2395608,Te,3,DESCONOCIDO,4.5,Efectivo,Restaurante,2023-03-16
TXN_5423024,Granizado,1,4.0,4.0,Nequi/Daviplata,Restaurante,2023-04-30
TXN_2802630,Galleta,4,1.0,4.0,,Para llevar,2023-06-18
TXN_3134595,Jugo,3,3.0,9.0,Tarjeta Crédito,Para llevar,2023-02-25
TXN_2251128,Granizado,3,4.0,12.0,Tarjeta Crédito,Restaurante,2023-06-07
TXN_4213071,Ensalada,1,5.0,5.0,,Para llevar,2023-04-10
TXN_6220280,Te,1,1.5,1.5,Tarjeta Crédito,,2023-02-15
TXN_4832163,Torta,4,3.0,12.0,Efectivo,Para llevar,2023-11-17
TXN_6663451,Torta,1,3.0,3.0,Efectivo,,2023-08-05
TXN_1443928,Torta,4,3.0,12.0,Efectivo,Para llevar,2023-12-03
TXN_1670597,Café,2,2.0,4.0,Efectivo,Para llevar,2023-05-21
TXN_3854210,Granizado,1,4.0,4.0,Efectivo,,2023-12-30
TXN_2165745,Café,4,2.0,8.0,Tarjeta Crédito,Restaurante,2023-01-31
TXN_3082888,Te,1,1.5,1.5,Efectivo,Restaurante,2023-09-20
TXN_2294397,Café,5,2.0,10.0,Nequi/Daviplata,Restaurante,2023-02-25
TXN_4160784,Galleta,5,1.0,5.0,ERROR,Restaurante,2023-05-20
TXN_7248594,Café,3,2.0,6.0,Tarjeta Crédito,Restaurante,2023-03-26
TXN_5031020,Café,5,2.0,10.0,,,2023-11-25
TXN_3059966,Granizado,1,4.0,4.0,Nequi/Daviplata,Restaurante,2023-12-24
TXN_9287780,Granizado,2,ERROR,8.0,Efectivo,Restaurante,2023-09-02
TXN_1022220,Jugo,3,3.0,9.0,,Para llevar,2023-08-03
TXN_7144740,Torta,4,3.0,12.0,,,2023-07-24
TXN_7666945,Te,5,1.5,7.5,,,2023-07-07
TXN_7880000,Ensalada,3,5.0,15.0,Tarjeta Crédito,Restaurante,2023-01-28
TXN_4900574,Jugo,3,3.0,9.0,,,2023-05-06
TXN_7838576,Café,3,2.0,6.0,,Restaurante,2023-11-11
TXN_1419188,Torta,5,3.0,15.0,Tarjeta Crédito,,2023-11-26
TXN_1767201,ERROR,5,5.0,25.0,Tarjeta Crédito,DESCONOCIDO,2023-07-12
TXN_2964794,Torta,2,3.0,6.0,,Para llevar,2023-03-09
TXN_3936162,Galleta,1,1.0,1.0,ERROR,,2023-02-26
TXN_4432082,Jugo,5,3.0,15.0,,,2023-04-20
TXN_9496791,Ensalada,4,5.0,20.0,Tarjeta Crédito,Restaurante,2023-07-19
TXN_4194115,Te,5,1.5,7.5,,,2023-08-17
TXN_7741707,Ensalada,3,5.0,15.0,ERROR,Para llevar,2023-05-09
TXN_8854471,Torta,5,3.0,15.0,Tarjeta Crédito,,
TXN_4216055,Galleta,5,1.0,5.0,Nequi/Daviplata,,2023-12-27
TXN_2320493,Granizado,1,4.0,4.0,Nequi/Daviplata,Restaurante,2023-03-22
TXN_4835929,Café,2,2.0,4.0,,Restaurante,2023-10-03
TXN_6755791,Café,2,2.0,4.0,Efectivo,,2023-04-01
TXN_9861432,Galleta,2,1.0,2.0,,Para llevar,2023-12-09
TXN_8271278,Te,1,1.5,1.5,,,2023-07-01
TXN_2005032,Galleta,2,1.0,2.0,Nequi/Daviplata,,2023-11-30
TXN_4208919,,3,DESCONOCIDO,12.0,,Para llevar,2023-05-30
TXN_9699083,Granizado,1,DESCONOCIDO,4.0,Efectivo,Restaurante,2023-02-12
TXN_5714767,Ensalada,4,5.0,20.0,Nequi/Daviplata,Para llevar,2023-03-02
TXN_5844851,Granizado,5,4.0,20.0,,,2023-02-15
TXN_7243779,,1,1.0,1.0,,Restaurante,ERROR
TXN_8141558,Torta,5,3.0,15.0,Tarjeta Crédito,DESCONOCIDO,2023-12-05
TXN_4314314,Torta,4,3.0,12.0,Efectivo,ERROR,2023-01-02
TXN_4155001,Granizado,1,4.0,4.0,,,2023-11-30
TXN_1072678,Jugo,2,3.0,DESCONOCIDO,Efectivo,,2023-05-30
TXN_7981162,Torta,3,3.0,9.0,Tarjeta Crédito,Para llevar,2023-05-30
TXN_2316206,Galleta,1,1.0,1.0,Tarjeta Crédito,Restaurante,2023-01-23
TXN_7343342,Galleta,2,1.0,2.0,Efectivo,Para llevar,2023-12-21
TXN_4573096,Café,1,2.0,2.0,Nequi/Daviplata,Restaurante,2023-08-13
TXN_3577482,,4,3.0,12.0,Nequi/Daviplata,,2023-06-01
TXN_6370625,Sandwich,3,4.0,12.0,Tarjeta Crédito,Restaurante,2023-08-26
TXN_7580803,Jugo,4,3.0,12.0,Efectivo,Restaurante,2023-04-06
TXN_8306028,Ensalada,1,5.0,5.0,,Para llevar,2023-02-27
TXN_7530692,Café,1,2.0,2.0,Tarjeta Crédito,,2023-06-30
TXN_4383002,Café,1,2.0,2.0,,Restaurante,2023-12-18
TXN_2939069,Granizado,5,4.0,20.0,Tarjeta Crédito,Para llevar,2023-09-06
TXN_2301001,Granizado,1,4.0,4.0,,Para llevar,2023-01-06
TXN_5009924,Torta,3,3.0,9.0,Nequi/Daviplata,,2023-09-08
TXN_9988801,Granizado,5,4.0,20.0,Efectivo,,2023-10-20
TXN_7895514,,4,3.0,12.0,Nequi/Daviplata,Para llevar,2023-08-06
TXN_8432045,Torta,3,3.0,9.0,Tarjeta Crédito,,2023-11-09
TXN_8127433,Sandwich,3,4.0,12.0,,Para llevar,2023-07-11
TXN_7640914,Ensalada,1,5.0,5.0,Tarjeta Crédito,,2023-02-12
TXN_4374963,Jugo,1,3.0,3.0,Efectivo,Restaurante,2023-07-04
TXN_3212317,Ensalada,5,5.0,25.0,,Para llevar,2023-05-25
TXN_7744874,Café,1,2.0,2.0,Efectivo,,2023-06-28
TXN_7768350,Galleta,1,1.0,,Efectivo,Restaurante,2023-08-19
TXN_9128859,Café,2,2.0,4.0,,Para llevar,2023-11-28
TXN_9375649,Galleta,4,1.0,4.0,,Restaurante,2023-03-06
TXN_4401563,Jugo,5,3.0,15.0,Nequi/Daviplata,Para llevar,2023-09-20
TXN_8502946,Granizado,3,4.0,12.0,DESCONOCIDO,Restaurante,2023-09-15
TXN_8687294,Granizado,3,4.0,12.0,Tarjeta Crédito,,2023-08-01
TXN_2176821,DESCONOCIDO,3,5.0,15.0,Nequi/Daviplata,,2023-05-05
TXN_2529216,Te,3,DESCONOCIDO,4.5,Tarjeta Crédito,Restaurante,
TXN_8443384,Sandwich,5,4.0,20.0,Nequi/Daviplata,Restaurante,2023-02-13
TXN_5053064,Ensalada,3,5.0,15.0,,,2023-06-19
TXN_7824739,Galleta,3,1.0,3.0,Nequi/Daviplata,,2023-07-17
TXN_7226406,Torta,1,3.0,3.0,Tarjeta Crédito,,2023-02-11
TXN_9793806,Te,3,1.5,4.5,Nequi/Daviplata,Para llevar,2023-04-25
TXN_8195843,Galleta,4,1.0,4.0,,,2023-06-02
TXN_6027923,DESCONOCIDO,1,5.0,5.0,Nequi/Daviplata,Para llevar,2023-07-23
TXN_5438652,Sandwich,4,4.0,16.0,Efectivo,,2023-03-17
TXN_8385625,Te,4,1.5,6.0,Nequi/Daviplata,Para llevar,2023-12-23
TXN_7814715,Galleta,5,1.0,5.0,Efectivo,,2023-04-24
TXN_6532452,Granizado,5,4.0,20.0,Efectivo,Para llevar,2023-02-24
TXN_9706608,Granizado,1,4.0,4.0,Efectivo,DESCONOCIDO,2023-05-22
TXN_5963749,Torta,1,3.0,3.0,Nequi/Daviplata,Restaurante,2023-11-04
TXN_6885218,Ensalada,1,5.0,5.0,,Restaurante,2023-10-23
TXN_3845871,Sandwich,1,4.0,4.0,,Restaurante,2023-10-29
TXN_5767392,Torta,5,3.0,15.0,Tarjeta Crédito,,2023-10-24
TXN_3014967,Ensalada,ERROR,5.0,5.0,DESCONOCIDO,DESCONOCIDO,
TXN_8685281,Te,1,DESCONOCIDO,1.5,Nequi/Daviplata,Restaurante,2023-07-30
TXN_3205079,Torta,5,3.0,15.0,Tarjeta Crédito,,2023-11-07
TXN_1523626,Torta,4,3.0,12.0,DESCONOCIDO,Para llevar,2023-07-21
TXN_8944202,Granizado,3,4.0,12.0,Tarjeta Crédito,Para llevar,2023-06-08
TXN_2402993,Galleta,5,1.0,5.0,Efectivo,Para llevar,2023-06-11
TXN_1340358,Sandwich,3,4.0,12.0,Efectivo,Para llevar,2023-06-09
TXN_6959328,Sandwich,3,4.0,12.0,Tarjeta Crédito,Para llevar,2023-04-23
TXN_1613996,Jugo,2,3.0,6.0,,Restaurante,2023-10-12
TXN_9285475,Te,5,1.5,7.5,Nequi/Daviplata,ERROR,2023-11-14
TXN_8077929,Te,3,1.5,4.5,Nequi/Daviplata,Para llevar,2023-08-06
TXN_7899009,,1,2.0,2.0,Efectivo,,2023-03-08
TXN_9213505,Sandwich,2,4.0,8.0,DESCONOCIDO,,2023-11-01
TXN_8724602,Jugo,4,3.0,12.0,Tarjeta Crédito,Para llevar,2023-06-26
TXN_9067597,Ensalada,4,DESCONOCIDO,20.0,Efectivo,Para llevar,2023-11-02
TXN_9714116,Sandwich,4,4.0,16.0,,Restaurante,2023-11-17
TXN_8987697,Galleta,5,1.0,5.0,Efectivo,,2023-12-19
TXN_1940778,Te,2,1.5,3.0,Efectivo,Restaurante,2023-02-01
TXN_1776070,Sandwich,3,4.0,12.0,,,
TXN_4271502,ERROR,2,3.0,6.0,,,2023-07-03
TXN_8124795,Ensalada,5,5.0,25.0,ERROR,Restaurante,2023-08-11
TXN_7860953,Sandwich,1,4.0,4.0,Nequi/Daviplata,Para llevar,2023-09-10
TXN_8164119,Te,3,1.5,4.5,Tarjeta Crédito,Para llevar,2023-01-07
TXN_6070523,,4,2.0,8.0,Efectivo,,ERROR
TXN_7809290,Torta,1,3.0,3.0,Efectivo,Para llevar,2023-10-14
TXN_5332538,Café,3,2.0,6.0,,,2023-01-15
TXN_7375024,,1,1.0,1.0,Efectivo,Restaurante,2023-12-10
TXN_5675095,Sandwich,4,4.0,16.0,Nequi/Daviplata,Para llevar,2023-05-18
TXN_4197851,Ensalada,ERROR,5.0,15.0,Nequi/Daviplata,Restaurante,2023-02-05
TXN_7931086,Sandwich,3,4.0,12.0,Tarjeta Crédito,,2023-06-25
TXN_2536573,,2,,8.0,Efectivo,Restaurante,2023-06-24
TXN_3374262,,2,1.5,3.0,,Restaurante,2023-04-14
TXN_9110336,Galleta,5,1.0,5.0,Nequi/Daviplata,ERROR,2023-04-06
TXN_3901665,Jugo,1,3.0,3.0,Tarjeta Crédito,Para llevar,2023-10-19
TXN_9211917,Granizado,4,4.0,,,Restaurante,2023-12-17
TXN_7893709,ERROR,4,3.0,12.0,Tarjeta Crédito,,2023-03-14
TXN_4296023,Te,5,1.5,7.5,Nequi/Daviplata,Restaurante,2023-10-08
TXN_3403409,Torta,2,3.0,6.0,,,2023-02-22
TXN_1398511,Café,5,2.0,10.0,,Para llevar,2023-12-19
TXN_4350854,Galleta,2,1.0,2.0,Efectivo,Restaurante,2023-01-31
TXN_1867158,Galleta,4,1.0,4.0,Nequi/Daviplata,Para llevar,2023-05-16
TXN_2662711,Jugo,1,3.0,3.0,DESCONOCIDO,,2023-11-02
TXN_4439660,Café,3,2.0,6.0,,,2023-02-06
TXN_9417252,Sandwich,2,4.0,8.0,Tarjeta Crédito,,2023-08-17
TXN_7502558,DESCONOCIDO,5,3.0,15.0,,Restaurante,2023-02-23
TXN_8453282,Galleta,3,1.0,3.0,Efectivo,,2023-03-08
TXN_5921766,Granizado,3,4.0,12.0,,Restaurante,2023-11-06
TXN_7688029,Torta,5,3.0,15.0,Tarjeta Crédito,Restaurante,2023-05-30
TXN_2000331,,3,4.0,12.0,,Para llevar,2023-03-30
TXN_3420633,Ensalada,4,5.0,20.0,Nequi/Daviplata,Para llevar,2023-04-11
TXN_3431892,Torta,2,3.0,6.0,,Restaurante,2023-07-18
TXN_5220527,Galleta,4,1.0,4.0,Nequi/Daviplata,Para llevar,2023-08-06
TXN_1205773,Ensalada,5,5.0,25.0,Efectivo,,2023-01-27
TXN_3061405,Granizado,5,4.0,20.0,,Para llevar,2023-12-01
TXN_8696857,Café,1,2.0,2.0,Nequi/Daviplata,Para llevar,2023-10-01
TXN_9668265,Galleta,3,1.0,3.0,Tarjeta Crédito,,2023-06-20
TXN_3638761,Jugo,5,3.0,15.0,,ERROR,DESCONOCIDO
TXN_7463102,Granizado,5,4.0,20.0,Efectivo,Para llevar,2023-11-27
TXN_5569954,Galleta,4,1.0,4.0,Tarjeta Crédito,Restaurante,DESCONOCIDO
TXN_4547294,Te,1,1.5,1.5,ERROR,,2023-09-30
TXN_8430882,Sandwich,2,4.0,8.0,Nequi/Daviplata,Para llevar,2023-06-17
TXN_9114647,Ensalada,5,5.0,25.0,Nequi/Daviplata,Restaurante,2023-11-19
TXN_9556442,Sandwich,1,4.0,4.0,Nequi/Daviplata,Para llevar,
TXN_5413433,Jugo,4,3.0,12.0,Nequi/Daviplata,Restaurante,2023-06-03
TXN_9388222,Galleta,1,1.0,1.0,Nequi/Daviplata,Restaurante,2023-04-21
TXN_6618750,Granizado,5,4.0,20.0,Tarjeta Crédito,,2023-03-07
TXN_6712087,Torta,2,3.0,6.0,,Restaurante,2023-06-06
TXN_1862184,Café,4,2.0,8.0,,Restaurante,2023-01-21
TXN_6149800,Sandwich,4,4.0,16.0,Nequi/Daviplata,,2023-05-05
TXN_6433525,Granizado,2,4.0,8.0,,,2023-09-02
TXN_2642834,Ensalada,2,5.0,10.0,Efectivo,,2023-11-13
TXN_6745398,Te,4,1.5,6.0,,,2023-02-28
TXN_5660949,Galleta,3,1.0,3.0,Tarjeta Crédito,Restaurante,2023-01-10
TXN_9540340,Sandwich,2,4.0,8.0,Efectivo,,2023-11-15
TXN_5200292,ERROR,4,5.0,20.0,Efectivo,,2023-01-12
TXN_4118960,Granizado,5,4.0,20.0,Tarjeta Crédito,Para llevar,2023-09-24
TXN_2265543,Ensalada,3,5.0,15.0,,Para llevar,2023-02-19
TXN_7360979,Sandwich,1,4.0,,,Restaurante,2023-08-16
TXN_1849597,Sandwich,2,4.0,8.0,Efectivo,,2023-11-01
TXN_3214521,Te,4,1.5,6.0,,,2023-06-30
TXN_5107249,Granizado,4,4.0,16.0,Efectivo,DESCONOCIDO,2023-03-20
TXN_1941099,DESCONOCIDO,5,1.0,5.0,Efectivo,ERROR,2023-04-14
TXN_3228646,Galleta,5,1.0,5.0,Tarjeta Crédito,,2023-09-19
TXN_3295578,ERROR,1,3.0,3.0,DESCONOCIDO,Restaurante,2023-05-04
TXN_3717422,Ensalada,2,5.0,10.0,Efectivo,,2023-06-15
TXN_5350735,Te,2,1.5,3.0,Efectivo,DESCONOCIDO,2023-04-08
TXN_1128577,Sandwich,1,4.0,4.0,Nequi/Daviplata,Restaurante,2023-11-23
TXN_6533267,Te,3,1.5,4.5,Efectivo,Restaurante,2023-07-14
TXN_1413310,Granizado,3,4.0,12.0,,Para llevar,2023-04-06
TXN_4166020,DESCONOCIDO,4,3.0,12.0,Nequi/Daviplata,Restaurante,2023-08-18
TXN_9496018,,5,1.5,7.5,,Para llevar,2023-01-05
TXN_5609139,,2,1.5,3.0,Nequi/Daviplata,,2023-10-13
TXN_5087453,Te,3,1.5,4.5,Efectivo,Para llevar,2023-04-09
TXN_3312088,Torta,ERROR,3.0,3.0,Nequi/Daviplata,,2023-08-17
TXN_2049313,DESCONOCIDO,4,1.5,6.0,Tarjeta Crédito,,2023-12-25
TXN_4001774,Te,5,1.5,7.5,,Para llevar,2023-02-10
TXN_9627891,Café,2,2.0,4.0,Tarjeta Crédito,Restaurante,2023-01-09
TXN_5584275,Granizado,1,4.0,4.0,Tarjeta Crédito,Restaurante,2023-07-10
TXN_1873800,Granizado,3,4.0,12.0,,Restaurante,2023-02-01
TXN_3602823,Café,4,2.0,8.0,,,2023-08-26
TXN_5528426,Granizado,4,4.0,16.0,Efectivo,Para llevar,2023-06-01
TXN_7626322,DESCONOCIDO,4,3.0,12.0,Efectivo,Para llevar,2023-12-21
TXN_4432546,Café,2,2.0,4.0,Nequi/Daviplata,DESCONOCIDO,2023-11-29
TXN_6372031,Jugo,3,3.0,9.0,Nequi/Daviplata,Restaurante,2023-08-11
TXN_6874059,Ensalada,4,5.0,20.0,,Para llevar,2023-01-12
TXN_3843111,Granizado,2,4.0,8.0,,,2023-09-15
TXN_8916446,Galleta,2,1.0,2.0,Efectivo,ERROR,2023-07-19
TXN_1823906,Ensalada,3,5.0,15.0,Nequi/Daviplata,Restaurante,2023-06-26
TXN_2927941,ERROR,4,4.0,16.0,Tarjeta Crédito,Para llevar,2023-08-29
TXN_5972836,,3,4.0,12.0,Efectivo,Para llevar,2023-02-14
TXN_7484638,Sandwich,3,4.0,12.0,Nequi/Daviplata,Restaurante,2023-10-17
TXN_2073647,DESCONOCIDO,3,4.0,12.0,DESCONOCIDO,Restaurante,2023-09-01
TXN_1610137,Café,3,2.0,6.0,Efectivo,Para llevar,2023-04-02
TXN_9094628,Café,2,2.0,4.0,,Restaurante,2023-02-13
TXN_2262195,Granizado,3,4.0,12.0,Efectivo,,2023-10-13
TXN_8047234,Jugo,3,3.0,ERROR,Tarjeta Crédito,ERROR,2023-08-29
TXN_7108012,Te,1,1.5,1.5,Nequi/Daviplata,Para llevar,2023-12-31
TXN_3272946,Ensalada,3,5.0,15.0,Tarjeta Crédito,Restaurante,2023-09-06
TXN_6896663,Torta,3,3.0,9.0,,Restaurante,2023-05-16
TXN_7308096,Te,2,1.5,3.0,Efectivo,Para llevar,2023-08-13
TXN_3607778,Granizado,2,4.0,8.0,Efectivo,DESCONOCIDO,2023-11-20
TXN_7105069,Café,1,2.0,ERROR,Efectivo,Para llevar,2023-12-06
TXN_7461544,Galleta,4,1.0,4.0,Tarjeta Crédito,,2023-08-22
TXN_5853281,Café,4,2.0,8.0,,,2023-08-29
TXN_5488764,Café,4,2.0,8.0,Nequi/Daviplata,Para llevar,2023-06-30
TXN_4268746,Torta,5,3.0,15.0,Tarjeta Crédito,Restaurante,2023-01-12
TXN_1767872,Ensalada,2,5.0,10.0,Tarjeta Crédito,Restaurante,2023-01-05
TXN_9684822,Jugo,1,3.0,3.0,,ERROR,2023-11-18
TXN_7208983,Ensalada,1,5.0,5.0,Nequi/Daviplata,Restaurante,2023-09-28
TXN_8704128,Jugo,5,3.0,15.0,DESCONOCIDO,,2023-02-25
TXN_7971660,Galleta,3,1.0,3.0,Efectivo,Para llevar,2023-10-02
TXN_6179190,Café,1,2.0,2.0,,Para llevar,2023-07-23
TXN_9271577,Torta,2,3.0,6.0,Tarjeta Crédito,Restaurante,2023-04-13
TXN_3016203,DESCONOCIDO,1,5.0,5.0,Efectivo,Restaurante,2023-06-16
TXN_6440555,Granizado,1,4.0,4.0,Efectivo,Restaurante,2023-07-11
TXN_5635779,ERROR,5,3.0,15.0,Efectivo,Restaurante,2023-07-01
TXN_1022126,Te,ERROR,1.5,4.5,,DESCONOCIDO,DESCONOCIDO
TXN_9839214,Jugo,1,3.0,3.0,Nequi/Daviplata,,2023-12-25
TXN_7368194,Granizado,2,4.0,8.0,Tarjeta Crédito,Restaurante,2023-10-29
TXN_1328230,Sandwich,5,4.0,20.0,Efectivo,,2023-02-03
TXN_9789310,Sandwich,4,4.0,16.0,Tarjeta Crédito,Restaurante,2023-05-09
TXN_6425706,Jugo,1,3.0,3.0,,Para llevar,2023-12-09
TXN_5996973,Sandwich,5,4.0,20.0,,Restaurante,2023-05-02
TXN_2561970,Sandwich,3,4.0,12.0,,Restaurante,2023-03-16
TXN_7137256,Sandwich,2,4.0,DESCONOCIDO,Efectivo,ERROR,2023-06-22
TXN_5926982,Café,4,2.0,8.0,,Para llevar,2023-05-16
TXN_3398611,Sandwich,5,4.0,20.0,Efectivo,,2023-10-01
TXN_4539758,Sandwich,3,4.0,12.0,,Restaurante,2023-06-01
TXN_6259087,Sandwich,2,4.0,8.0,Nequi/Daviplata,Restaurante,2023-12-27
TXN_8152941,Café,3,2.0,6.0,,Para llevar,ERROR
TXN_2987590,Sandwich,5,4.0,20.0,,Restaurante,2023-02-17
TXN_6687029,Sandwich,2,DESCONOCIDO,8.0,Tarjeta Crédito,Restaurante,2023-08-23
TXN_1199898,Granizado,1,4.0,4.0,Tarjeta Crédito,,2023-10-26
TXN_4787990,Galleta,3,1.0,3.0,Nequi/Daviplata,,2023-02-04
TXN_9606045,Te,2,1.5,3.0,Nequi/Daviplata,,2023-10-14
TXN_1569248,Te,1,1.5,1.5,Tarjeta Crédito,,2023-11-14
TXN_1151605,Café,1,2.0,2.0,Nequi/Daviplata,Para llevar,2023-05-02
TXN_4602430,Sandwich,3,4.0,12.0,Tarjeta Crédito,Restaurante,2023-01-31
TXN_3232043,Te,2,1.5,3.0,,Restaurante,2023-07-05
TXN_3251340,Ensalada,4,5.0,20.0,,Restaurante,2023-06-18
TXN_7412782,Galleta,2,1.0,2.0,Nequi/Daviplata,Para llevar,2023-03-28
TXN_5663260,Sandwich,4,,16.0,Nequi/Daviplata,,2023-10-08
TXN_5570967,Café,1,2.0,2.0,Tarjeta Crédito,Restaurante,2023-12-12
TXN_8271541,Granizado,2,4.0,8.0,ERROR,,2023-09-07
TXN_2238658,Te,DESCONOCIDO,1.5,4.5,,Para llevar,2023-08-11
TXN_2564718,Ensalada,5,5.0,25.0,,Para llevar,2023-10-10
TXN_9050127,Sandwich,ERROR,4.0,20.0,Tarjeta Crédito,Para llevar,2023-02-26
TXN_6533450,Granizado,1,4.0,4.0,,Restaurante,2023-11-22
TXN_8046891,Café,1,2.0,2.0,Tarjeta Crédito,Para llevar,2023-02-24
TXN_7770487,Granizado,1,4.0,4.0,Efectivo,Restaurante,2023-08-09
TXN_2279313,Galleta,2,,2.0,Nequi/Daviplata,Restaurante,2023-08-23
TXN_9943050,Te,1,1.5,1.5,Nequi/Daviplata,Para llevar,2023-05-16
TXN_2694605,Galleta,2,1.0,2.0,Tarjeta Crédito,Para llevar,2023-11-09
TXN_2161957,Galleta,2,1.0,2.0,,Para llevar,2023-05-19
TXN_3647474,Café,4,2.0,8.0,,Para llevar,2023-05-05
TXN_4877601,,2,1.0,2.0,DESCONOCIDO,ERROR,2023-07-14
TXN_7868470,Jugo,3,ERROR,9.0,Nequi/Daviplata,DESCONOCIDO,2023-04-14
TXN_1927704,Ensalada,2,5.0,10.0,Nequi/Daviplata,Restaurante,2023-01-05
TXN_4819416,Ensalada,3,ERROR,15.0,,,2023-06-01
TXN_8076152,Te,4,1.5,6.0,Nequi/Daviplata,ERROR,2023-12-18
TXN_9409405,ERROR,3,2.0,6.0,Nequi/Daviplata,Restaurante,2023-02-11
TXN_4055876,DESCONOCIDO,3,5.0,15.0,Tarjeta Crédito,Restaurante,2023-10-15
TXN_1929398,Sandwich,1,4.0,4.0,Nequi/Daviplata,Restaurante,2023-02-23
TXN_2131494,Ensalada,2,5.0,10.0,Efectivo,,2023-02-27
TXN_3093284,Café,4,2.0,8.0,Nequi/Daviplata,Restaurante,2023-01-01
TXN_3679245,Granizado,4,4.0,16.0,,Restaurante,2023-09-16
TXN_2276426,Jugo,5,3.0,15.0,Tarjeta Crédito,Restaurante,2023-10-21
TXN_9608095,Café,1,2.0,2.0,Tarjeta Crédito,Restaurante,2023-12-07
TXN_9587704,Jugo,5,3.0,15.0,Efectivo,Para llevar,2023-07-29
TXN_9863114,Jugo,DESCONOCIDO,3.0,15.0,,Para llevar,2023-02-01
TXN_2372348,Torta,2,3.0,6.0,Nequi/Daviplata,Para llevar,2023-01-05
TXN_6660602,,4,5.0,20.0,,Para llevar,2023-05-20
TXN_3386311,Jugo,1,3.0,3.0,Efectivo,Restaurante,2023-11-30
TXN_7049149,ERROR,4,4.0,16.0,,,2023-08-27
TXN_4112230,Granizado,5,4.0,20.0,,Para llevar,2023-11-19
TXN_1675510,Sandwich,3,4.0,12.0,,,2023-09-09
TXN_5853158,DESCONOCIDO,ERROR,4.0,16.0,Efectivo,Para llevar,2023-09-25
TXN_4187673,Jugo,2,3.0,6.0,Nequi/Daviplata,,2023-04-02
TXN_3017494,Te,1,1.5,1.5,DESCONOCIDO,Para llevar,2023-11-21
TXN_8086161,Sandwich,,4.0,8.0,Efectivo,Restaurante,2023-03-10
TXN_5729112,Café,1,2.0,2.0,Tarjeta Crédito,,2023-06-30
TXN_4613595,Ensalada,3,5.0,15.0,Tarjeta Crédito,Para llevar,2023-07-07
TXN_4152991,Sandwich,5,4.0,20.0,Nequi/Daviplata,Para llevar,2023-12-17
TXN_1196324,Te,4,1.5,6.0,Tarjeta Crédito,Restaurante,2023-09-26
TXN_5944318,Galleta,1,1.0,1.0,Efectivo,DESCONOCIDO,2023-01-23
TXN_5148823,Jugo,1,3.0,3.0,Nequi/Daviplata,,2023-03-27
TXN_2887528,,2,3.0,6.0,,,2023-04-23
TXN_7312736,Galleta,2,1.0,2.0,Nequi/Daviplata,,2023-12-02
TXN_5775717,Te,3,ERROR,4.5,,Para llevar,2023-08-02
TXN_4442095,Ensalada,4,5.0,20.0,Nequi/Daviplata,,2023-02-18
TXN_6621007,Torta,2,3.0,6.0,Nequi/Daviplata,Para llevar,2023-03-05
TXN_6740691,Te,1,1.5,1.5,Efectivo,ERROR,2023-07-06
TXN_2548742,Ensalada,5,5.0,25.0,Nequi/Daviplata,,DESCONOCIDO
TXN_4359568,Café,3,2.0,6.0,,,2023-12-21
TXN_3941164,Café,4,2.0,8.0,,ERROR,2023-04-16
TXN_5244931,Café,1,DESCONOCIDO,2.0,ERROR,DESCONOCIDO,2023-09-30
TXN_8181326,Te,5,1.5,7.5,Efectivo,,2023-02-28
TXN_8912589,Granizado,3,4.0,12.0,Efectivo,ERROR,2023-10-19
TXN_1234390,Torta,2,3.0,6.0,Nequi/Daviplata,Para llevar,2023-06-02
TXN_5336437,Te,5,1.5,7.5,Tarjeta Crédito,,2023-05-07
TXN_6271633,Jugo,2,3.0,6.0,Nequi/Daviplata,Restaurante,2023-03-07
TXN_4805204,Te,5,1.5,7.5,Nequi/Daviplata,Restaurante,2023-04-25
TXN_3094786,Sandwich,4,4.0,16.0,Tarjeta Crédito,Para llevar,2023-01-16
TXN_7082667,,4,5.0,20.0,Efectivo,Restaurante,2023-08-03
TXN_4807049,Galleta,1,1.0,1.0,Tarjeta Crédito,,2023-06-07
TXN_1840584,Torta,5,3.0,15.0,Nequi/Daviplata,,2023-05-28
TXN_8030379,Ensalada,4,5.0,20.0,Efectivo,Restaurante,2023-07-21
TXN_7746634,Torta,5,3.0,15.0,Nequi/Daviplata,Restaurante,2023-07-04
TXN_2361290,Ensalada,4,5.0,20.0,Efectivo,,2023-07-16
TXN_7133645,Sandwich,5,4.0,20.0,Tarjeta Crédito,Para llevar,
TXN_3654299,Café,1,DESCONOCIDO,2.0,Efectivo,Para llevar,2023-09-19
TXN_8811945,ERROR,1,5.0,5.0,DESCONOCIDO,,2023-02-18
TXN_8659963,Torta,4,3.0,12.0,Efectivo,Para llevar,2023-01-21
TXN_3676131,Café,3,2.0,6.0,DESCONOCIDO,ERROR,2023-09-11
TXN_2935758,Granizado,1,4.0,4.0,Tarjeta Crédito,Restaurante,2023-09-03
TXN_1711730,Jugo,5,3.0,15.0,DESCONOCIDO,Para llevar,2023-06-01
TXN_8659575,DESCONOCIDO,2,1.5,3.0,Nequi/Daviplata,,2023-12-17
TXN_5360210,Te,5,1.5,7.5,Efectivo,Para llevar,2023-06-29
TXN_7970325,Torta,2,3.0,6.0,,Para llevar,2023-03-13
TXN_8521037,Sandwich,1,4.0,4.0,,Restaurante,2023-11-21
TXN_5473680,Café,3,2.0,6.0,Tarjeta Crédito,Para llevar,2023-12-24
TXN_6830192,DESCONOCIDO,3,3.0,ERROR,Nequi/Daviplata,,2023-08-02
TXN_5999810,DESCONOCIDO,4,4.0,16.0,Tarjeta Crédito,Para llevar,2023-06-19
TXN_6677631,Te,5,1.5,7.5,Nequi/Daviplata,Restaurante,2023-12-14
TXN_9775900,Jugo,4,3.0,12.0,Nequi/Daviplata,Restaurante,2023-08-29
TXN_2097072,Te,4,1.5,6.0,DESCONOCIDO,Restaurante,
TXN_2408143,Café,2,2.0,4.0,Nequi/Daviplata,,2023-11-15
TXN_6383779,Café,1,2.0,2.0,,ERROR,2023-11-29
TXN_1342359,Torta,4,3.0,12.0,Efectivo,Para llevar,2023-07-14
TXN_6975499,Café,1,2.0,,Nequi/Daviplata,Restaurante,2023-07-03
TXN_9861083,Sandwich,5,4.0,20.0,Tarjeta Crédito,Restaurante,2023-01-21
TXN_8100384,Sandwich,DESCONOCIDO,4.0,4.0,Efectivo,,2023-11-08
TXN_3762778,Café,5,2.0,10.0,,,2023-06-14
TXN_4548698,Ensalada,2,5.0,10.0,Efectivo,Para llevar,2023-03-04
TXN_8735820,Te,2,1.5,3.0,Tarjeta Crédito,Para llevar,2023-12-08
TXN_8803798,Granizado,4,4.0,16.0,,,2023-07-14
TXN_1950008,Granizado,4,4.0,16.0,Nequi/Daviplata,Restaurante,2023-07-24
TXN_3894173,Sandwich,5,4.0,20.0,Nequi/Daviplata,Para llevar,2023-10-07
TXN_3630892,ERROR,4,1.0,4.0,,Para llevar,2023-01-31
TXN_7436097,,5,2.0,10.0,ERROR,,2023-10-25
TXN_4307602,ERROR,4,1.0,4.0,Efectivo,Restaurante,2023-12-30
TXN_2394502,Galleta,4,ERROR,4.0,Nequi/Daviplata,Restaurante,2023-12-22
TXN_5308047,Galleta,DESCONOCIDO,ERROR,1.0,Tarjeta Crédito,,2023-10-28
TXN_5929797,Sandwich,1,4.0,4.0,Tarjeta Crédito,Restaurante,2023-05-12
TXN_1228927,Te,2,1.5,3.0,Tarjeta Crédito,,2023-11-28
TXN_6486912,Te,2,1.5,3.0,,,2023-05-10
TXN_3447069,Jugo,2,3.0,6.0,Tarjeta Crédito,,2023-03-11
TXN_8219298,Jugo,5,3.0,15.0,Tarjeta Crédito,,2023-09-01
TXN_1010950,Galleta,ERROR,1.0,1.0,Nequi/Daviplata,Para llevar,2023-01-07
TXN_6376329,Torta,1,3.0,3.0,,Para llevar,2023-03-30
TXN_1897783,Granizado,3,4.0,12.0,Efectivo,,2023-02-02
TXN_4831525,Galleta,3,DESCONOCIDO,3.0,,,2023-08-05
TXN_2767034,Ensalada,4,5.0,20.0,Efectivo,,2023-08-12
TXN_9365766,Torta,4,3.0,12.0,Nequi/Daviplata,Restaurante,2023-02-13
TXN_5680396,Sandwich,2,4.0,8.0,Nequi/Daviplata,,2023-12-21
TXN_3071092,Café,ERROR,DESCONOCIDO,4.0,ERROR,,2023-09-08
TXN_6205234,Torta,5,3.0,15.0,Nequi/Daviplata,,2023-04-09
TXN_4489757,Granizado,5,4.0,20.0,Tarjeta Crédito,,2023-05-03
TXN_8362750,Ensalada,4,5.0,20.0,,Restaurante,2023-04-01
TXN_2422584,Te,1,1.5,1.5,Efectivo,Restaurante,2023-11-28
TXN_3966911,Te,3,1.5,4.5,Tarjeta Crédito,,2023-07-16
TXN_6880338,Torta,3,3.0,9.0,Nequi/Daviplata,Para llevar,2023-11-06
TXN_9362958,Jugo,1,3.0,3.0,Efectivo,Restaurante,2023-07-19
TXN_6815741,Granizado,2,ERROR,8.0,,,2023-03-13
TXN_4032956,Café,5,2.0,10.0,Tarjeta Crédito,,2023-03-15
TXN_7894069,Jugo,2,3.0,6.0,Nequi/Daviplata,Restaurante,2023-11-20
TXN_5296578,Café,1,2.0,2.0,Tarjeta Crédito,Para llevar,2023-04-15
TXN_2522047,Ensalada,1,ERROR,5.0,DESCONOCIDO,Para llevar,2023-12-05
TXN_8211303,Ensalada,5,5.0,25.0,,,2023-08-26
TXN_8472252,Granizado,1,4.0,4.0,,,2023-02-04
TXN_2435025,Jugo,1,3.0,3.0,Efectivo,Restaurante,2023-10-08
TXN_5179156,Café,5,2.0,10.0,ERROR,Restaurante,2023-10-25
TXN_4197090,Jugo,3,3.0,9.0,Tarjeta Crédito,Para llevar,2023-11-17
TXN_4209626,,5,4.0,20.0,Tarjeta Crédito,,2023-07-04
TXN_8639995,ERROR,3,4.0,12.0,Efectivo,ERROR,2023-04-18
TXN_1777171,Café,2,2.0,4.0,,Restaurante,2023-08-17
TXN_5706734,Jugo,1,3.0,3.0,Efectivo,DESCONOCIDO,2023-09-09
TXN_6228847,Granizado,3,4.0,12.0,Efectivo,,2023-01-13
TXN_6479368,Granizado,2,4.0,8.0,Tarjeta Crédito,Para llevar,2023-09-08
TXN_6991528,Galleta,3,1.0,3.0,Nequi/Daviplata,Para llevar,2023-08-17
TXN_2154866,Te,2,1.5,3.0,Tarjeta Crédito,Para llevar,2023-08-11
TXN_1333524,Torta,2,3.0,6.0,Tarjeta Crédito,,2023-05-05
TXN_4367044,Granizado,,4.0,4.0,Efectivo,,2023-05-02
TXN_8903514,Ensalada,4,5.0,20.0,,Para llevar,2023-09-14
TXN_5762828,Te,2,1.5,3.0,Nequi/Daviplata,DESCONOCIDO,2023-03-23
TXN_2099497,Jugo,1,3.0,3.0,,Para llevar,2023-02-27
TXN_5679935,Café,2,2.0,4.0,Tarjeta Crédito,,2023-07-19
TXN_5236861,Café,4,2.0,8.0,Efectivo,Para llevar,2023-10-27
TXN_9433035,Sandwich,1,4.0,4.0,Efectivo,Restaurante,2023-03-26
TXN_4239051,Jugo,2,3.0,6.0,Efectivo,,2023-09-30
TXN_2970600,Ensalada,1,5.0,5.0,Tarjeta Crédito,Restaurante,2023-08-18
TXN_6226412,Jugo,3,3.0,9.0,,Para llevar,2023-03-20
TXN_2634805,,4,1.0,4.0,Nequi/Daviplata,Para llevar,2023-06-25
TXN_7543525,Te,4,1.5,6.0,Tarjeta Crédito,Para llevar,
TXN_2571835,Ensalada,3,5.0,15.0,,Restaurante,2023-03-03
TXN_5376589,Café,5,2.0,10.0,Efectivo,Para llevar,ERROR
TXN_3984842,Te,4,1.5,6.0,Tarjeta Crédito,Para llevar,2023-03-22
TXN_1191068,Ensalada,1,5.0,5.0,,,2023-05-19
TXN_9154713,Café,4,,8.0,Tarjeta Crédito,Restaurante,2023-03-13
TXN_2897727,Granizado,5,4.0,20.0,Tarjeta Crédito,Para llevar,2023-02-15
TXN_3801179,Jugo,2,3.0,6.0,Efectivo,Restaurante,2023-12-07
TXN_7116267,Granizado,4,4.0,16.0,DESCONOCIDO,,2023-07-29
TXN_9878237,Torta,1,3.0,DESCONOCIDO,Tarjeta Crédito,,2023-10-06
TXN_2153838,Te,4,1.5,ERROR,Nequi/Daviplata,Restaurante,2023-12-19
TXN_7835785,Ensalada,1,5.0,5.0,Efectivo,Restaurante,2023-10-12
TXN_5335079,Torta,1,3.0,3.0,Efectivo,Restaurante,2023-02-20
TXN_7521634,DESCONOCIDO,3,1.0,3.0,,Para llevar,2023-01-22
TXN_2174821,Café,1,2.0,2.0,,,2023-11-08
TXN_5951573,Ensalada,3,5.0,15.0,Efectivo,,2023-12-22
TXN_4612146,Torta,3,3.0,9.0,Efectivo,ERROR,2023-12-31
TXN_7954368,Torta,3,3.0,9.0,Tarjeta Crédito,,2023-10-06
TXN_7898391,Ensalada,4,5.0,20.0,Tarjeta Crédito,DESCONOCIDO,2023-02-26
TXN_5746800,Café,4,2.0,8.0,Tarjeta Crédito,Para llevar,2023-07-04
TXN_4630658,Granizado,1,4.0,4.0,Efectivo,Para llevar,2023-07-10
TXN_6096492,Sandwich,5,4.0,20.0,DESCONOCIDO,Para llevar,2023-12-23
TXN_8918905,Galleta,5,1.0,5.0,Nequi/Daviplata,Restaurante,2023-06-05
TXN_5906365,Galleta,1,1.0,1.0,,,2023-03-13
TXN_3956062,Café,3,2.0,6.0,,Para llevar,2023-06-04
TXN_6610487,Café,5,2.0,10.0,Nequi/Daviplata,Para llevar,2023-09-18
TXN_1381818,Jugo,4,3.0,12.0,Tarjeta Crédito,,DESCONOCIDO
TXN_7821658,Café,5,2.0,10.0,,Restaurante,2023-09-03
TXN_6396940,Galleta,2,1.0,2.0,Tarjeta Crédito,Para llevar,2023-02-26
TXN_2556368,Granizado,1,4.0,4.0,Nequi/Daviplata,,2023-10-26
TXN_7655838,Jugo,3,3.0,9.0,Nequi/Daviplata,,2023-01-22
TXN_7241859,Galleta,1,1.0,1.0,,,
TXN_2807590,Granizado,4,4.0,16.0,Efectivo,Para llevar,2023-09-05
TXN_7252860,Galleta,3,ERROR,3.0,Nequi/Daviplata,Para llevar,2023-06-18
TXN_5381129,Galleta,5,1.0,5.0,,ERROR,2023-04-20
TXN_1474329,Granizado,2,4.0,8.0,Nequi/Daviplata,Para llevar,2023-03-02
TXN_5935394,Café,4,2.0,8.0,Nequi/Daviplata,,2023-04-16
TXN_1488458,Café,4,2.0,8.0,,,2023-08-21
TXN_7964661,Torta,3,3.0,9.0,Efectivo,ERROR,2023-04-01
TXN_2798736,Sandwich,2,4.0,8.0,Nequi/Daviplata,Restaurante,2023-01-15
TXN_5007051,Ensalada,2,5.0,10.0,Nequi/Daviplata,,2023-12-26
TXN_2325141,Te,3,1.5,4.5,Nequi/Daviplata,,2023-08-26
TXN_1489194,Café,3,2.0,6.0,Nequi/Daviplata,Para llevar,2023-07-18
TXN_9531201,Sandwich,2,4.0,8.0,,ERROR,2023-05-28
TXN_7627772,Sandwich,4,4.0,16.0,Tarjeta Crédito,Para llevar,2023-10-22
TXN_4349970,Galleta,5,1.0,5.0,DESCONOCIDO,Restaurante,2023-05-25
TXN_3936883,Café,2,2.0,4.0,Nequi/Daviplata,Restaurante,2023-09-08
TXN_1817275,Ensalada,2,5.0,10.0,Efectivo,Restaurante,2023-09-02
TXN_8018272,Granizado,4,4.0,ERROR,,,2023-03-01
TXN_3617989,Sandwich,3,4.0,12.0,Tarjeta Crédito,Para llevar,2023-09-29
TXN_1566564,Galleta,3,1.0,3.0,Tarjeta Crédito,Para llevar,2023-09-08
TXN_5170047,Ensalada,4,5.0,20.0,Efectivo,,2023-12-15
TXN_6513163,Torta,2,3.0,6.0,Nequi/Daviplata,Para llevar,2023-04-01
TXN_7014478,Granizado,5,4.0,20.0,Efectivo,,2023-04-26
TXN_9929732,Sandwich,4,4.0,16.0,Tarjeta Crédito,,2023-10-04
TXN_2346362,Jugo,4,3.0,12.0,,Restaurante,2023-12-30
TXN_6748232,,2,4.0,8.0,Tarjeta Crédito,Restaurante,ERROR
TXN_9039882,Granizado,4,4.0,16.0,,Restaurante,2023-08-31
TXN_7440057,Jugo,1,3.0,3.0,Tarjeta Crédito,,2023-07-05
TXN_9894831,Torta,5,3.0,15.0,ERROR,,2023-07-05
TXN_2911863,Sandwich,2,4.0,8.0,Tarjeta Crédito,Para llevar,2023-07-09
TXN_1991987,Torta,3,3.0,9.0,Tarjeta Crédito,Restaurante,2023-10-22
TXN_7232524,Galleta,3,1.0,3.0,Efectivo,Restaurante,2023-12-23
TXN_5315665,Te,3,1.5,4.5,Tarjeta Crédito,,
TXN_7476348,Café,2,2.0,4.0,ERROR,Restaurante,2023-10-09
TXN_4165923,Sandwich,3,4.0,12.0,,Para llevar,2023-03-14
TXN_1467367,Sandwich,3,4.0,12.0,,,2023-02-18
TXN_2018943,Granizado,DESCONOCIDO,4.0,20.0,,,2023-05-27
TXN_4234636,Granizado,1,4.0,ERROR,Tarjeta Crédito,Restaurante,2023-01-30
TXN_4750383,Café,2,2.0,4.0,Efectivo,,2023-06-30
TXN_5100579,DESCONOCIDO,2,1.0,2.0,Efectivo,Para llevar,2023-10-08
TXN_1701465,Torta,1,3.0,3.0,Efectivo,,2023-06-15
TXN_8941409,Torta,3,3.0,9.0,ERROR,,2023-11-12
TXN_9598764,Jugo,ERROR,3.0,6.0,Tarjeta Crédito,Restaurante,2023-09-06
TXN_2834323,DESCONOCIDO,1,1.5,1.5,Nequi/Daviplata,Para llevar,2023-05-13
TXN_2480488,Jugo,2,3.0,6.0,Efectivo,Para llevar,2023-03-01
TXN_6158834,Café,2,2.0,4.0,Tarjeta Crédito,ERROR,2023-09-23
TXN_2345326,Galleta,,1.0,3.0,Nequi/Daviplata,Para llevar,2023-01-29
TXN_8872103,Granizado,,4.0,12.0,Nequi/Daviplata,Restaurante,2023-07-02
TXN_9773646,Torta,4,3.0,ERROR,Tarjeta Crédito,Para llevar,2023-04-01
TXN_1442096,Galleta,3,1.0,3.0,Tarjeta Crédito,Restaurante,2023-06-27
TXN_2337888,Café,1,2.0,2.0,Tarjeta Crédito,Restaurante,2023-02-10
TXN_8297751,Ensalada,3,5.0,15.0,Efectivo,Para llevar,2023-04-08
TXN_9675838,Torta,2,3.0,6.0,Nequi/Daviplata,,2023-02-06
TXN_9241048,Torta,4,3.0,12.0,Tarjeta Crédito,Restaurante,2023-08-27
TXN_1978687,Jugo,2,3.0,6.0,,ERROR,2023-12-13
TXN_7548260,Jugo,2,3.0,6.0,Efectivo,Para llevar,2023-02-27
TXN_7047040,Ensalada,2,5.0,10.0,DESCONOCIDO,,2023-02-16
TXN_1234907,Jugo,1,3.0,3.0,Tarjeta Crédito,Restaurante,2023-05-02
TXN_8821839,Sandwich,5,4.0,20.0,ERROR,Para llevar,2023-11-11
TXN_7543765,Torta,1,3.0,3.0,,,2023-10-26
TXN_7317475,Ensalada,4,5.0,20.0,Efectivo,Para llevar,2023-06-21
TXN_9786525,Torta,5,3.0,15.0,,Para llevar,2023-02-19
TXN_9874256,Jugo,3,3.0,9.0,,,2023-02-17
TXN_3120637,Sandwich,3,4.0,12.0,,Para llevar,2023-08-11
TXN_6754546,Torta,3,3.0,9.0,ERROR,,2023-02-19
TXN_1317114,Galleta,2,1.0,2.0,Nequi/Daviplata,Para llevar,2023-11-06
TXN_3897788,Jugo,ERROR,3.0,15.0,Nequi/Daviplata,Restaurante,2023-10-26
TXN_8046087,Torta,2,3.0,6.0,,Para llevar,2023-04-15
TXN_6655017,Granizado,4,4.0,16.0,Efectivo,Para llevar,2023-12-04
TXN_6610162,Torta,,3.0,12.0,Nequi/Daviplata,ERROR,2023-03-18
TXN_7478306,Te,2,1.5,3.0,Nequi/Daviplata,Restaurante,2023-06-14
TXN_3163567,Ensalada,2,5.0,,Nequi/Daviplata,Para llevar,2023-06-01
TXN_6420900,Te,3,1.5,4.5,,,2023-09-18
TXN_2526267,Sandwich,DESCONOCIDO,4.0,20.0,Efectivo,Restaurante,2023-04-06
TXN_3954378,Te,4,1.5,6.0,Efectivo,ERROR,2023-08-21
TXN_5138053,Sandwich,5,4.0,20.0,DESCONOCIDO,Para llevar,2023-02-16
TXN_9890279,Granizado,4,,16.0,,Restaurante,2023-09-06
TXN_3456057,Sandwich,1,4.0,DESCONOCIDO,,Para llevar,ERROR
TXN_9626920,,2,1.5,3.0,,Restaurante,2023-12-16
TXN_7213830,,5,3.0,15.0,Tarjeta Crédito,,2023-08-04
TXN_4224350,Te,2,1.5,3.0,,Restaurante,2023-07-09
TXN_7763212,Sandwich,1,4.0,4.0,Tarjeta Crédito,,2023-01-10
TXN_6889357,Ensalada,1,5.0,5.0,Efectivo,Para llevar,2023-03-08
TXN_8565218,Torta,1,3.0,3.0,Nequi/Daviplata,DESCONOCIDO,2023-05-03
TXN_8235675,Te,1,1.5,1.5,Tarjeta Crédito,,2023-08-08
TXN_6323915,Te,3,1.5,,Tarjeta Crédito,Restaurante,2023-02-09
TXN_4704321,Torta,3,3.0,,Efectivo,,ERROR
TXN_3232227,Galleta,4,1.0,4.0,,Para llevar,2023-03-30
TXN_2931403,Jugo,2,3.0,6.0,Tarjeta Crédito,Restaurante,2023-05-29
TXN_8036247,Café,1,2.0,2.0,Tarjeta Crédito,Para llevar,2023-09-29
TXN_4143264,Ensalada,1,5.0,5.0,Tarjeta Crédito,Para llevar,2023-08-17
TXN_3709117,Granizado,5,4.0,DESCONOCIDO,Efectivo,,2023-02-04
TXN_5124519,Granizado,3,4.0,12.0,Tarjeta Crédito,Restaurante,2023-09-07
TXN_1529845,Jugo,3,3.0,9.0,Tarjeta Crédito,Restaurante,2023-01-25
TXN_4615245,Sandwich,4,4.0,16.0,,,2023-04-26
TXN_1464694,Sandwich,1,4.0,ERROR,,Restaurante,2023-07-23
TXN_2674372,Galleta,4,1.0,4.0,Tarjeta Crédito,Para llevar,2023-11-14
TXN_7215900,Café,3,2.0,6.0,Efectivo,Para llevar,2023-08-26
TXN_5578380,Te,ERROR,1.5,6.0,,Restaurante,ERROR
TXN_6622980,Ensalada,4,5.0,20.0,Nequi/Daviplata,Para llevar,2023-09-26
TXN_5744026,Ensalada,4,5.0,20.0,,,2023-04-03
TXN_1759314,Ensalada,5,5.0,25.0,,,2023-08-23
TXN_2050630,Galleta,3,1.0,3.0,,Para llevar,2023-01-18
TXN_3447575,Sandwich,4,4.0,,Tarjeta Crédito,Para llevar,2023-01-17
TXN_1131785,Sandwich,1,4.0,4.0,Efectivo,,2023-12-19
TXN_8572783,Ensalada,3,5.0,15.0,,,2023-03-29
TXN_7928378,,3,DESCONOCIDO,12.0,Efectivo,,2023-07-04
TXN_4284507,Granizado,4,4.0,16.0,,DESCONOCIDO,2023-07-17
TXN_9819697,Granizado,3,4.0,12.0,Nequi/Daviplata,Restaurante,2023-05-16
TXN_1731476,Sandwich,1,4.0,4.0,Nequi/Daviplata,Para llevar,2023-04-19
TXN_4152262,DESCONOCIDO,2,5.0,10.0,Nequi/Daviplata,Restaurante,2023-06-19
TXN_1721342,Granizado,5,4.0,20.0,Nequi/Daviplata,Restaurante,2023-08-23
TXN_7278328,Granizado,1,4.0,4.0,Tarjeta Crédito,ERROR,2023-01-29
TXN_6037924,Café,4,2.0,8.0,,Para llevar,2023-11-14
TXN_7046631,ERROR,4,2.0,8.0,Nequi/Daviplata,Restaurante,2023-05-18
TXN_7979028,Sandwich,3,4.0,12.0,Efectivo,Para llevar,2023-07-12
TXN_2474395,Granizado,4,4.0,16.0,Nequi/Daviplata,Para llevar,2023-12-28
TXN_9168898,Jugo,2,3.0,6.0,Efectivo,Para llevar,2023-09-28
TXN_9675940,Jugo,5,3.0,15.0,Tarjeta Crédito,Restaurante,2023-06-02
TXN_3618603,Ensalada,4,5.0,20.0,Efectivo,,2023-03-19
TXN_9653377,Sandwich,2,4.0,8.0,ERROR,Para llevar,2023-07-31
TXN_1326993,Galleta,3,1.0,3.0,DESCONOCIDO,Restaurante,2023-12-30
TXN_7427357,Torta,4,3.0,12.0,Nequi/Daviplata,Restaurante,2023-10-31
TXN_5806624,Galleta,5,1.0,5.0,Tarjeta Crédito,Restaurante,2023-07-09
TXN_8329144,ERROR,2,4.0,8.0,Nequi/Daviplata,Restaurante,2023-03-04
TXN_6670371,Te,3,1.5,4.5,Tarjeta Crédito,Para llevar,2023-05-01
TXN_8708588,Café,5,2.0,10.0,Nequi/Daviplata,,2023-06-03
TXN_6755874,Granizado,3,4.0,DESCONOCIDO,ERROR,Restaurante,2023-04-12
TXN_7777864,Galleta,3,1.0,,,Restaurante,2023-02-06
TXN_1309055,DESCONOCIDO,2,2.0,4.0,Tarjeta Crédito,Para llevar,2023-11-09
TXN_2250398,,3,3.0,9.0,Nequi/Daviplata,,2023-05-31
TXN_8698717,Café,4,2.0,8.0,Nequi/Daviplata,,2023-05-11
TXN_2302259,Jugo,3,3.0,9.0,Tarjeta Crédito,Para llevar,2023-09-20
TXN_7004494,Café,4,2.0,8.0,,Para llevar,2023-03-17
TXN_1302920,Café,2,2.0,4.0,,,2023-08-16
TXN_8175702,Te,1,1.5,1.5,,Para llevar,2023-08-27
TXN_4921865,Te,2,1.5,3.0,Nequi/Daviplata,Restaurante,2023-02-06
TXN_7755372,Jugo,5,3.0,15.0,,Para llevar,2023-01-10
TXN_7218134,Torta,5,3.0,ERROR,Efectivo,,2023-01-14
TXN_2897794,Galleta,4,1.0,4.0,Tarjeta Crédito,Para llevar,2023-01-29
TXN_5743616,Torta,4,3.0,12.0,,DESCONOCIDO,2023-12-14
TXN_4623642,Sandwich,1,4.0,4.0,Efectivo,Para llevar,2023-09-12
TXN_6047710,Granizado,3,4.0,12.0,,Para llevar,2023-06-16
TXN_2813872,Ensalada,1,5.0,5.0,Tarjeta Crédito,Para llevar,2023-05-01
TXN_1891978,Ensalada,4,5.0,20.0,Nequi/Daviplata,Restaurante,2023-09-13
TXN_6626928,Sandwich,2,4.0,8.0,,Restaurante,2023-05-10
TXN_6320502,Jugo,4,3.0,12.0,Tarjeta Crédito,,2023-08-16
TXN_1797690,Torta,5,3.0,15.0,Tarjeta Crédito,Para llevar,2023-08-10
TXN_4587806,Galleta,4,1.0,,ERROR,,2023-07-27
TXN_7735127,Granizado,1,4.0,ERROR,,Para llevar,2023-02-22
TXN_9831537,Torta,4,3.0,12.0,Tarjeta Crédito,,2023-08-07
TXN_7866805,Sandwich,3,4.0,12.0,Nequi/Daviplata,Restaurante,2023-03-14
TXN_1760092,Café,1,2.0,2.0,Tarjeta Crédito,Para llevar,2023-04-15
TXN_1887555,Jugo,2,3.0,6.0,Efectivo,Restaurante,2023-01-08
TXN_9872258,Jugo,4,3.0,12.0,Efectivo,Para llevar,2023-07-24
TXN_2437725,Sandwich,4,4.0,16.0,Tarjeta Crédito,Para llevar,2023-01-27
TXN_3240077,,4,4.0,16.0,Efectivo,,2023-12-14
TXN_6581580,Café,3,2.0,6.0,,Restaurante,2023-06-18
TXN_6440109,Torta,2,3.0,6.0,DESCONOCIDO,Restaurante,2023-09-09
TXN_8790282,Café,3,2.0,6.0,DESCONOCIDO,,2023-10-18
TXN_7581760,Café,3,2.0,6.0,,,2023-08-13
TXN_2903973,Torta,2,3.0,6.0,Tarjeta Crédito,Para llevar,2023-12-26
TXN_9107842,Te,2,1.5,3.0,,Para llevar,2023-12-04
TXN_8306630,Sandwich,2,4.0,8.0,Tarjeta Crédito,Restaurante,2023-04-26
TXN_2194660,DESCONOCIDO,1,5.0,5.0,,,
TXN_4612207,Jugo,5,3.0,15.0,Nequi/Daviplata,,2023-01-21
TXN_1811216,Sandwich,1,4.0,4.0,Nequi/Daviplata,Para llevar,2023-01-18
TXN_3739424,,1,3.0,3.0,Tarjeta Crédito,,2023-06-03
TXN_9487384,Torta,1,3.0,3.0,Tarjeta Crédito,,2023-11-27
TXN_2205690,Galleta,5,1.0,5.0,,Restaurante,2023-03-02
TXN_9219961,Café,5,2.0,10.0,Tarjeta Crédito,ERROR,2023-04-04
TXN_6425954,Sandwich,2,4.0,8.0,,Restaurante,2023-03-28
TXN_9131153,Granizado,3,4.0,12.0,,Para llevar,2023-11-17
TXN_1332623,Galleta,2,1.0,2.0,,Para llevar,2023-07-15
TXN_9248370,ERROR,2,1.0,2.0,Tarjeta Crédito,Restaurante,2023-02-17
TXN_5549522,Jugo,5,3.0,15.0,Nequi/Daviplata,Para llevar,2023-12-16
TXN_4234750,Jugo,2,3.0,6.0,Efectivo,,2023-09-03
TXN_9694799,Te,3,1.5,4.5,Efectivo,Para llevar,2023-04-14
TXN_6733436,Jugo,2,3.0,6.0,Tarjeta Crédito,Para llevar,2023-02-02
TXN_4423879,Jugo,5,DESCONOCIDO,15.0,ERROR,,2023-02-12
TXN_8496788,Jugo,4,3.0,12.0,Efectivo,,2023-06-14
TXN_3131168,Sandwich,3,4.0,12.0,Efectivo,,2023-03-24
TXN_1995528,Café,5,2.0,10.0,,Restaurante,2023-06-24
TXN_2311707,Te,5,ERROR,7.5,Efectivo,Restaurante,2023-08-03
TXN_9617269,Café,1,2.0,2.0,Nequi/Daviplata,,ERROR
TXN_1727281,Jugo,4,3.0,12.0,,Para llevar,2023-01-05
TXN_2437112,Galleta,3,1.0,3.0,,,2023-04-06
TXN_8240436,Ensalada,5,5.0,25.0,,Restaurante,2023-07-05
TXN_4177796,Jugo,4,3.0,ERROR,Efectivo,Para llevar,2023-04-17
TXN_9761314,,4,4.0,16.0,Tarjeta Crédito,,2023-12-14
TXN_2905118,Te,5,1.5,7.5,Nequi/Daviplata,Para llevar,2023-03-04
TXN_8058105,Te,3,1.5,4.5,Efectivo,,2023-03-07
TXN_5005793,Sandwich,4,4.0,16.0,Tarjeta Crédito,Restaurante,2023-01-21
TXN_2840861,Te,2,1.5,3.0,Nequi/Daviplata,Para llevar,2023-05-31
TXN_1088497,Sandwich,1,4.0,4.0,Nequi/Daviplata,Para llevar,2023-07-05
TXN_4083872,Ensalada,2,5.0,10.0,Nequi/Daviplata,Para llevar,2023-08-05
TXN_5296083,Sandwich,3,4.0,12.0,,,2023-12-08
TXN_3052953,Café,5,2.0,10.0,Nequi/Daviplata,,2023-02-28
TXN_2017793,Te,,1.5,4.5,Nequi/Daviplata,,2023-07-18
TXN_4064326,Galleta,2,1.0,2.0,Efectivo,Para llevar,2023-01-07
TXN_8749775,Torta,5,3.0,15.0,Efectivo,Para llevar,2023-10-30
TXN_6541284,Te,4,1.5,6.0,Efectivo,Para llevar,2023-03-01
TXN_7937905,Ensalada,5,5.0,25.0,,,2023-10-15
TXN_1311519,Granizado,5,4.0,20.0,Efectivo,,2023-01-28
TXN_8209509,Galleta,4,1.0,4.0,,Para llevar,2023-11-09
TXN_3413156,Jugo,1,3.0,3.0,Tarjeta Crédito,Restaurante,2023-10-16
TXN_3130302,Granizado,3,4.0,12.0,Tarjeta Crédito,Restaurante,DESCONOCIDO
TXN_7418152,Galleta,4,1.0,4.0,Efectivo,Para llevar,2023-09-21
TXN_7991782,Jugo,2,3.0,6.0,,Restaurante,2023-01-11
TXN_2822949,Granizado,2,4.0,8.0,Nequi/Daviplata,,2023-11-19
TXN_5868082,Café,5,2.0,10.0,Tarjeta Crédito,Restaurante,2023-10-22
TXN_1559521,DESCONOCIDO,5,2.0,10.0,DESCONOCIDO,Restaurante,2023-07-05
TXN_2250898,Granizado,,4.0,12.0,Tarjeta Crédito,,2023-12-23
TXN_2947622,Granizado,5,4.0,20.0,DESCONOCIDO,,2023-08-06
TXN_1413335,Ensalada,1,5.0,5.0,Nequi/Daviplata,Para llevar,2023-05-17
TXN_7086603,Torta,4,3.0,,Tarjeta Crédito,,2023-03-18
TXN_6919325,Torta,3,3.0,9.0,Efectivo,DESCONOCIDO,2023-02-05
TXN_7286934,Granizado,2,4.0,8.0,Tarjeta Crédito,Restaurante,2023-03-27
TXN_5213014,Sandwich,3,4.0,ERROR,Tarjeta Crédito,,2023-05-09
TXN_3121483,Ensalada,2,5.0,10.0,,Para llevar,2023-01-06
TXN_1670848,Torta,2,ERROR,6.0,Tarjeta Crédito,ERROR,2023-08-04
TXN_7595042,Ensalada,1,5.0,5.0,,Para llevar,2023-04-03
TXN_3447594,ERROR,1,5.0,5.0,Nequi/Daviplata,Restaurante,2023-02-24
TXN_9250024,Galleta,2,1.0,2.0,Nequi/Daviplata,,2023-03-21
TXN_1353266,Granizado,1,4.0,4.0,Nequi/Daviplata,Para llevar,2023-08-30
TXN_3950331,Te,5,1.5,7.5,Nequi/Daviplata,,2023-03-02
TXN_3766657,Granizado,5,4.0,20.0,DESCONOCIDO,,2023-08-16
TXN_6034596,ERROR,1,5.0,5.0,,Para llevar,2023-04-07
TXN_7233393,Jugo,5,3.0,15.0,Tarjeta Crédito,Restaurante,2023-11-22
TXN_8273645,Jugo,2,3.0,6.0,Efectivo,Para llevar,2023-11-02
TXN_2474286,Jugo,2,3.0,6.0,Nequi/Daviplata,Restaurante,2023-12-09
TXN_5145016,Sandwich,1,4.0,4.0,Efectivo,Para llevar,DESCONOCIDO
TXN_6700141,Sandwich,1,4.0,4.0,Efectivo,Para llevar,2023-04-12
TXN_4006771,Galleta,3,1.0,3.0,Tarjeta Crédito,DESCONOCIDO,2023-02-06
TXN_4406290,Café,5,2.0,10.0,,Restaurante,2023-07-02
TXN_2714524,Sandwich,4,4.0,16.0,Efectivo,Para llevar,2023-01-02
TXN_3585097,Café,3,2.0,6.0,,Para llevar,2023-05-31
TXN_5432582,Jugo,3,3.0,9.0,DESCONOCIDO,,2023-08-30
TXN_5367923,Sandwich,4,4.0,16.0,,,2023-04-19
TXN_4030519,Granizado,2,4.0,8.0,Nequi/Daviplata,Para llevar,2023-01-22
TXN_8716594,Ensalada,4,5.0,20.0,Tarjeta Crédito,Para llevar,2023-08-26
TXN_5159483,Jugo,2,3.0,6.0,Nequi/Daviplata,Restaurante,2023-05-24
TXN_6347482,Te,2,1.5,3.0,Nequi/Daviplata,,2023-07-10
TXN_4688236,Café,4,2.0,8.0,Efectivo,Restaurante,2023-07-05
TXN_7021722,Te,3,1.5,4.5,,Para llevar,2023-07-27
TXN_1466002,ERROR,3,3.0,9.0,,,2023-11-23
TXN_4878020,Torta,3,3.0,9.0,DESCONOCIDO,Restaurante,2023-03-17
TXN_3158921,Sandwich,1,4.0,4.0,Nequi/Daviplata,Restaurante,2023-04-16
TXN_8555334,Café,1,2.0,2.0,,Restaurante,2023-06-16
TXN_9749790,Te,3,,4.5,,Para llevar,2023-10-17
TXN_7476268,Jugo,2,3.0,6.0,Tarjeta Crédito,,2023-06-07
TXN_2741928,Torta,1,3.0,3.0,Nequi/Daviplata,Restaurante,2023-10-06
TXN_8477945,Galleta,4,1.0,4.0,,Restaurante,2023-07-19
TXN_2838958,Café,1,2.0,2.0,Efectivo,Para llevar,2023-03-10
TXN_4937411,Jugo,1,3.0,3.0,,Para llevar,2023-08-21
TXN_1293509,Jugo,3,3.0,9.0,Efectivo,Restaurante,DESCONOCIDO
TXN_1124655,Ensalada,3,5.0,15.0,Efectivo,,2023-10-23
TXN_1367723,Café,3,2.0,,Efectivo,Restaurante,2023-10-25
TXN_1710476,Jugo,4,3.0,12.0,Nequi/Daviplata,Para llevar,2023-05-22
TXN_2248497,Ensalada,2,5.0,10.0,Efectivo,Para llevar,2023-03-07
TXN_9403754,Torta,5,3.0,15.0,Tarjeta Crédito,Para llevar,2023-06-19
TXN_2457189,,3,4.0,12.0,Nequi/Daviplata,Para llevar,2023-08-28
TXN_2495788,Galleta,2,1.0,2.0,Tarjeta Crédito,Para llevar,2023-12-16
TXN_7528294,Jugo,3,3.0,9.0,Nequi/Daviplata,,2023-09-27
TXN_2844982,Galleta,1,1.0,1.0,Nequi/Daviplata,Para llevar,2023-03-04
TXN_9345439,Café,2,2.0,4.0,Efectivo,Para llevar,2023-08-07
TXN_4558455,DESCONOCIDO,3,5.0,15.0,Tarjeta Crédito,Restaurante,
TXN_6347567,Jugo,5,DESCONOCIDO,15.0,Efectivo,Restaurante,2023-03-31
TXN_9710430,Sandwich,3,4.0,12.0,Tarjeta Crédito,Para llevar,2023-01-10
TXN_8859035,Torta,3,3.0,9.0,Nequi/Daviplata,Para llevar,2023-01-19
TXN_7131251,Te,2,1.5,3.0,ERROR,Restaurante,2023-06-28
TXN_9577339,Torta,2,3.0,6.0,Nequi/Daviplata,,2023-03-10
TXN_9206049,Galleta,1,1.0,1.0,Tarjeta Crédito,Restaurante,2023-09-17
TXN_8748070,Galleta,2,1.0,2.0,Tarjeta Crédito,Restaurante,2023-07-31
TXN_1079241,Jugo,3,3.0,9.0,Nequi/Daviplata,Para llevar,2023-07-16
TXN_8250845,Galleta,1,1.0,1.0,Efectivo,,2023-12-09
TXN_7878520,Sandwich,3,4.0,12.0,Nequi/Daviplata,Para llevar,2023-08-29
TXN_8990101,Granizado,5,DESCONOCIDO,20.0,,Restaurante,2023-11-25
TXN_8789137,Sandwich,1,4.0,4.0,,Para llevar,2023-09-25
TXN_1236779,Jugo,3,,9.0,Tarjeta Crédito,Restaurante,2023-12-29
TXN_6846861,Granizado,4,4.0,16.0,,Restaurante,2023-11-26
TXN_7682621,Sandwich,4,4.0,16.0,Efectivo,Para llevar,2023-11-07
TXN_2770536,Granizado,2,4.0,8.0,,Restaurante,2023-11-03
TXN_3291900,Granizado,4,4.0,16.0,Efectivo,Para llevar,2023-05-04
TXN_1390917,Sandwich,1,4.0,4.0,Tarjeta Crédito,,2023-01-16
TXN_5406411,DESCONOCIDO,5,4.0,20.0,Tarjeta Crédito,Restaurante,2023-04-14
TXN_4628338,Café,,2.0,ERROR,Efectivo,,2023-12-25
TXN_4532280,Café,ERROR,2.0,10.0,Tarjeta Crédito,,2023-01-10
TXN_2879543,Jugo,5,3.0,15.0,ERROR,,2023-03-30
TXN_7334418,Galleta,2,1.0,2.0,Nequi/Daviplata,DESCONOCIDO,2023-03-24
TXN_7927109,Te,1,1.5,1.5,Efectivo,,2023-04-18
TXN_9352814,Te,4,1.5,6.0,Efectivo,DESCONOCIDO,2023-09-10
TXN_8872984,Ensalada,5,,DESCONOCIDO,Tarjeta Crédito,Restaurante,2023-08-23
TXN_8305586,Café,4,2.0,8.0,Efectivo,,2023-01-06
TXN_6501091,Jugo,2,3.0,6.0,Nequi/Daviplata,Para llevar,2023-05-07
TXN_8197935,Sandwich,5,ERROR,20.0,Efectivo,Restaurante,2023-03-28
TXN_8349096,Galleta,5,1.0,5.0,,,2023-12-12
TXN_1721366,Granizado,5,4.0,20.0,Nequi/Daviplata,Restaurante,2023-04-09
TXN_3924170,Te,3,1.5,4.5,Tarjeta Crédito,Restaurante,2023-08-07
TXN_6206421,Sandwich,2,4.0,8.0,,Restaurante,2023-04-06
TXN_3740465,Galleta,4,1.0,4.0,Nequi/Daviplata,,2023-03-08
TXN_5227798,Ensalada,4,5.0,20.0,Efectivo,,2023-09-02
TXN_9374286,Café,5,2.0,10.0,Efectivo,Restaurante,2023-08-07
TXN_6577619,Ensalada,3,5.0,15.0,Tarjeta Crédito,Restaurante,2023-07-22
TXN_5154112,Torta,3,3.0,9.0,Tarjeta Crédito,Para llevar,
TXN_5209716,DESCONOCIDO,,1.0,5.0,Efectivo,,2023-10-06
TXN_6412590,Ensalada,1,5.0,5.0,Nequi/Daviplata,,2023-06-12
TXN_1577802,Jugo,2,3.0,6.0,Tarjeta Crédito,Restaurante,2023-11-29
TXN_3202346,Ensalada,2,5.0,10.0,,Restaurante,2023-11-19
TXN_2141924,Ensalada,5,5.0,25.0,Efectivo,Restaurante,2023-11-27
TXN_6775972,Café,3,2.0,6.0,Tarjeta Crédito,,2023-09-15
TXN_8799599,Café,1,2.0,2.0,Tarjeta Crédito,DESCONOCIDO,2023-09-10
TXN_2866735,Galleta,4,1.0,4.0,Efectivo,Para llevar,2023-03-13
TXN_2199500,Granizado,1,4.0,4.0,Tarjeta Crédito,,2023-04-04
TXN_3402368,ERROR,2,1.5,3.0,,Restaurante,2023-02-01
TXN_8279269,Granizado,4,4.0,16.0,Nequi/Daviplata,,2023-06-14
TXN_2829951,Granizado,4,4.0,16.0,Tarjeta Crédito,,2023-06-28
TXN_6748374,Ensalada,1,5.0,5.0,Tarjeta Crédito,Para llevar,2023-07-24
TXN_5056971,Te,4,1.5,6.0,Efectivo,Para llevar,2023-08-22
TXN_8675052,Galleta,3,1.0,3.0,Tarjeta Crédito,,2023-11-23
TXN_6481150,Ensalada,4,5.0,20.0,Nequi/Daviplata,Restaurante,2023-03-30
TXN_2371827,Galleta,5,1.0,5.0,Efectivo,Restaurante,2023-04-03
TXN_3677109,Torta,5,3.0,15.0,Nequi/Daviplata,,2023-12-02
TXN_5457767,Torta,3,3.0,9.0,Efectivo,Restaurante,2023-08-14
TXN_1704642,,5,3.0,15.0,Nequi/Daviplata,Restaurante,ERROR
TXN_3661311,Jugo,2,3.0,6.0,Nequi/Daviplata,,2023-04-30
TXN_5520841,Torta,1,3.0,3.0,,Para llevar,2023-09-04
TXN_6443522,Granizado,4,4.0,16.0,Nequi/Daviplata,Restaurante,2023-06-22
TXN_4907008,Café,3,2.0,6.0,,Restaurante,2023-10-30
TXN_9833793,Galleta,1,ERROR,1.0,,Para llevar,2023-12-01
TXN_6297375,Café,5,2.0,,,,2023-07-16
TXN_1641000,Sandwich,2,4.0,8.0,Efectivo,,2023-08-19
TXN_8588174,,3,5.0,15.0,,Restaurante,2023-02-07
TXN_1228888,Galleta,1,1.0,1.0,Tarjeta Crédito,Restaurante,2023-10-05
TXN_2917349,Te,4,1.5,ERROR,,,2023-01-15
TXN_8099578,Café,3,2.0,6.0,ERROR,Para llevar,2023-03-02
TXN_9949241,Ensalada,1,5.0,5.0,,Restaurante,2023-07-26
TXN_5662517,Te,2,,3.0,Tarjeta Crédito,Para llevar,2023-01-05
TXN_3221795,Sandwich,5,4.0,20.0,Efectivo,,2023-10-01
TXN_8432624,Jugo,3,3.0,9.0,Efectivo,Para llevar,2023-06-24
TXN_1883231,Jugo,5,3.0,15.0,ERROR,Restaurante,2023-10-21
TXN_2490699,Café,1,2.0,2.0,Efectivo,,2023-10-05
TXN_1898102,Torta,4,3.0,12.0,Tarjeta Crédito,Para llevar,2023-10-17
TXN_9614646,Café,ERROR,2.0,6.0,,Restaurante,2023-03-18
TXN_6142529,Te,5,1.5,7.5,Tarjeta Crédito,Restaurante,2023-07-21
TXN_9279935,Café,2,2.0,4.0,Nequi/Daviplata,Restaurante,2023-06-02
TXN_3233211,Te,2,1.5,3.0,,Para llevar,2023-06-07
TXN_1607650,Galleta,2,1.0,2.0,,DESCONOCIDO,2023-04-27
TXN_1873852,,3,3.0,9.0,Nequi/Daviplata,Para llevar,2023-07-07
TXN_2501656,Torta,5,3.0,15.0,Nequi/Daviplata,Para llevar,2023-07-02
TXN_6125085,DESCONOCIDO,3,3.0,9.0,,Para llevar,2023-05-24
TXN_8917809,Ensalada,5,5.0,25.0,Efectivo,,2023-07-29
TXN_8850815,Granizado,5,4.0,20.0,,,2023-07-23
TXN_6959065,Café,5,2.0,10.0,Nequi/Daviplata,Para llevar,2023-05-05
TXN_4784154,Te,ERROR,1.5,7.5,Tarjeta Crédito,Restaurante,2023-09-06
TXN_1893337,Torta,2,3.0,6.0,,Para llevar,2023-05-16
TXN_4865947,Te,2,1.5,3.0,Efectivo,Para llevar,DESCONOCIDO
TXN_5468350,Ensalada,4,5.0,20.0,Tarjeta Crédito,Restaurante,
TXN_6907555,Te,2,1.5,3.0,Tarjeta Crédito,,2023-09-21
TXN_2437751,Sandwich,1,4.0,4.0,,Restaurante,2023-03-18
TXN_8285283,Jugo,5,3.0,15.0,Nequi/Daviplata,,2023-09-21
TXN_4795208,Sandwich,DESCONOCIDO,4.0,8.0,Nequi/Daviplata,Para llevar,2023-05-03
TXN_5426405,Te,5,1.5,7.5,,Restaurante,2023-11-26
TXN_6794035,Sandwich,1,4.0,4.0,Nequi/Daviplata,,2023-11-04
TXN_6265760,Torta,1,3.0,3.0,Tarjeta Crédito,Para llevar,2023-06-21
TXN_9905396,Ensalada,1,5.0,5.0,,,2023-08-20
TXN_1955127,Jugo,5,3.0,15.0,,Restaurante,2023-02-18
TXN_1296879,Torta,1,3.0,3.0,,Para llevar,2023-11-17
TXN_8882176,Galleta,4,1.0,4.0,Efectivo,Para llevar,2023-03-28
TXN_7052672,Jugo,1,3.0,3.0,ERROR,Restaurante,2023-06-29
TXN_3492861,Galleta,5,1.0,5.0,Efectivo,,2023-11-09
TXN_3655322,Jugo,3,3.0,9.0,Nequi/Daviplata,Para llevar,2023-10-03
TXN_7584389,Café,4,ERROR,8.0,Efectivo,,2023-03-09
TXN_5734319,Café,5,2.0,10.0,Efectivo,Para llevar,2023-06-01
TXN_2535662,Jugo,1,3.0,3.0,Efectivo,ERROR,2023-05-01
TXN_8436360,Jugo,2,3.0,6.0,,,2023-12-16
TXN_1370465,Galleta,4,1.0,DESCONOCIDO,Nequi/Daviplata,,2023-03-25
TXN_7343660,Ensalada,5,5.0,25.0,Tarjeta Crédito,Restaurante,2023-08-06
TXN_7777602,Ensalada,1,5.0,5.0,Efectivo,,2023-04-26
TXN_3430805,Jugo,4,3.0,12.0,Tarjeta Crédito,,2023-11-12
TXN_3886176,Galleta,4,1.0,4.0,Efectivo,,
TXN_8219472,Galleta,4,1.0,4.0,Tarjeta Crédito,,2023-11-09
TXN_7171303,Sandwich,1,4.0,4.0,,,2023-04-30
TXN_2330694,Ensalada,3,5.0,15.0,Efectivo,Restaurante,2023-05-31
TXN_4476076,Granizado,2,4.0,8.0,Nequi/Daviplata,Para llevar,2023-03-26
TXN_4183749,Torta,4,3.0,12.0,Tarjeta Crédito,Para llevar,2023-01-25
TXN_8132145,Te,1,1.5,1.5,Nequi/Daviplata,,2023-08-04
TXN_9286960,Galleta,3,1.0,3.0,Efectivo,,2023-12-26
TXN_6901619,Te,2,1.5,,Nequi/Daviplata,Restaurante,2023-10-16
TXN_6699343,Jugo,ERROR,3.0,9.0,,Para llevar,2023-10-31
TXN_4461853,Torta,5,3.0,15.0,Tarjeta Crédito,Restaurante,DESCONOCIDO
TXN_2184573,Te,4,1.5,6.0,,Para llevar,2023-04-26
TXN_4779439,,4,3.0,12.0,,Restaurante,2023-08-23
TXN_1789504,,1,5.0,5.0,Tarjeta Crédito,,2023-06-12
TXN_6337189,Torta,1,3.0,3.0,,,2023-04-11
TXN_6071905,Torta,1,3.0,3.0,,Restaurante,2023-11-06
TXN_7847913,Granizado,3,4.0,DESCONOCIDO,Nequi/Daviplata,Restaurante,2023-05-17
TXN_1792405,Te,3,1.5,4.5,Nequi/Daviplata,Para llevar,2023-07-06
TXN_6101067,Granizado,1,4.0,4.0,Tarjeta Crédito,Para llevar,2023-09-05
TXN_2260070,Ensalada,1,5.0,5.0,Efectivo,,2023-10-06
TXN_5641209,Ensalada,,5.0,15.0,,Para llevar,2023-12-03
TXN_3994585,Torta,3,3.0,9.0,Nequi/Daviplata,Restaurante,2023-07-24
TXN_5202752,Granizado,5,4.0,20.0,Tarjeta Crédito,Para llevar,2023-05-08
TXN_8714850,Jugo,5,3.0,15.0,Efectivo,Restaurante,2023-04-30
TXN_3504925,Granizado,5,4.0,,Efectivo,,2023-09-21
TXN_4919285,Café,4,2.0,8.0,Efectivo,Para llevar,2023-10-15
TXN_4876398,Ensalada,2,5.0,10.0,Efectivo,,2023-04-21
TXN_5456362,Granizado,4,4.0,16.0,Tarjeta Crédito,,2023-07-06
TXN_4377249,Café,3,2.0,6.0,Nequi/Daviplata,,2023-07-26
TXN_6566716,Café,ERROR,2.0,2.0,Tarjeta Crédito,,2023-01-01
TXN_1571824,Galleta,4,1.0,4.0,Efectivo,Para llevar,2023-10-16
TXN_3920273,Granizado,4,4.0,16.0,Nequi/Daviplata,Restaurante,2023-09-05
TXN_8222593,Sandwich,4,4.0,16.0,Tarjeta Crédito,,2023-05-11
TXN_5054719,Sandwich,2,4.0,8.0,Tarjeta Crédito,DESCONOCIDO,2023-04-17
TXN_2242015,Te,2,1.5,3.0,Efectivo,ERROR,2023-08-26
TXN_5208377,DESCONOCIDO,2,1.5,3.0,,Para llevar,2023-03-06
TXN_1322520,ERROR,5,5.0,25.0,Efectivo,,2023-07-12
TXN_7268387,Jugo,3,3.0,9.0,Tarjeta Crédito,Para llevar,2023-04-09
TXN_6268823,Granizado,2,4.0,8.0,Nequi/Daviplata,Para llevar,2023-04-18
TXN_5578828,Galleta,4,1.0,4.0,Efectivo,Restaurante,2023-05-12
TXN_5727550,Café,3,2.0,6.0,Nequi/Daviplata,,2023-10-11
TXN_9597063,Café,2,2.0,4.0,Nequi/Daviplata,Restaurante,2023-07-20
TXN_6867132,Torta,2,3.0,6.0,Efectivo,Restaurante,2023-02-01
TXN_1971865,Torta,1,3.0,3.0,Nequi/Daviplata,Para llevar,2023-04-11
TXN_6067546,Te,5,,7.5,Nequi/Daviplata,Para llevar,2023-08-25
TXN_3699636,DESCONOCIDO,3,5.0,15.0,Nequi/Daviplata,ERROR,2023-01-12
TXN_6724588,Jugo,2,3.0,6.0,Nequi/Daviplata,Restaurante,2023-10-16
TXN_2929426,Ensalada,5,5.0,25.0,Efectivo,Para llevar,2023-01-29
TXN_9669749,Ensalada,4,5.0,20.0,Tarjeta Crédito,,2023-03-26
TXN_9105374,Jugo,4,3.0,12.0,Nequi/Daviplata,Restaurante,2023-01-25
TXN_6553641,Ensalada,1,5.0,5.0,Efectivo,Restaurante,DESCONOCIDO
TXN_3346749,Te,2,1.5,3.0,,,2023-05-06
TXN_5594043,Torta,4,3.0,12.0,Efectivo,,2023-06-22
TXN_1170807,Granizado,5,4.0,20.0,,Restaurante,2023-09-15
TXN_2882571,Torta,1,3.0,3.0,Tarjeta Crédito,Restaurante,2023-05-24
TXN_6640488,Te,3,1.5,4.5,Tarjeta Crédito,Para llevar,2023-04-01
TXN_7621512,Ensalada,4,5.0,20.0,Nequi/Daviplata,Restaurante,2023-07-24
TXN_9529846,Granizado,5,4.0,20.0,,,2023-09-23
TXN_3338458,Torta,5,3.0,15.0,Efectivo,,2023-10-27
TXN_3104867,Jugo,3,3.0,9.0,Nequi/Daviplata,,2023-03-28
TXN_9286019,Granizado,4,4.0,ERROR,Efectivo,Para llevar,2023-05-28
TXN_1923263,Sandwich,4,4.0,16.0,Nequi/Daviplata,Restaurante,2023-03-12
TXN_3172621,Sandwich,4,4.0,16.0,,Para llevar,2023-10-15
TXN_5830991,Galleta,4,1.0,4.0,ERROR,Para llevar,2023-11-07
TXN_8719561,ERROR,3,3.0,9.0,ERROR,ERROR,2023-09-13
TXN_7396497,ERROR,5,4.0,20.0,Tarjeta Crédito,Restaurante,2023-02-10
TXN_7629728,Café,4,2.0,8.0,Nequi/Daviplata,Restaurante,2023-12-15
TXN_2831842,Torta,2,3.0,6.0,,ERROR,2023-05-20
TXN_8903958,Jugo,2,3.0,6.0,Nequi/Daviplata,Para llevar,2023-11-12
TXN_8951525,Jugo,3,3.0,9.0,,,2023-06-08
TXN_7511261,Jugo,3,3.0,9.0,ERROR,,2023-03-26
TXN_3896128,Torta,1,3.0,DESCONOCIDO,,Restaurante,2023-01-04
TXN_6554101,Granizado,3,4.0,12.0,,,2023-02-15
TXN_3500571,Jugo,3,3.0,9.0,,Para llevar,2023-05-03
TXN_6761273,Jugo,5,3.0,DESCONOCIDO,Nequi/Daviplata,DESCONOCIDO,2023-10-13
TXN_6076602,Te,4,1.5,6.0,Tarjeta Crédito,Restaurante,2023-02-07
TXN_9196658,Galleta,1,DESCONOCIDO,1.0,,Para llevar,2023-06-12
TXN_7330330,Galleta,2,1.0,2.0,,Restaurante,2023-10-16
TXN_8953489,Jugo,5,3.0,15.0,,Restaurante,
TXN_2340643,Ensalada,5,5.0,25.0,Efectivo,Restaurante,2023-01-05
TXN_4397349,Sandwich,2,4.0,8.0,DESCONOCIDO,,2023-06-08
TXN_1072984,Te,4,1.5,6.0,Nequi/Daviplata,,2023-01-11
TXN_3238759,Sandwich,5,4.0,20.0,Nequi/Daviplata,Restaurante,2023-07-20
TXN_9802771,Granizado,2,4.0,8.0,ERROR,,2023-02-11
TXN_3858607,Ensalada,5,5.0,25.0,Nequi/Daviplata,,2023-12-02
TXN_3585602,Jugo,2,3.0,6.0,Efectivo,Restaurante,2023-04-17
TXN_8096618,Café,4,2.0,DESCONOCIDO,Nequi/Daviplata,Restaurante,2023-02-20
TXN_8363711,Granizado,2,4.0,8.0,,Restaurante,2023-05-21
TXN_2639283,Jugo,5,3.0,15.0,Nequi/Daviplata,Para llevar,2023-08-13
TXN_1505837,Sandwich,3,4.0,12.0,Tarjeta Crédito,Restaurante,2023-12-15
TXN_2566299,Jugo,2,3.0,6.0,Efectivo,,2023-08-20
TXN_7292790,Galleta,4,1.0,4.0,Efectivo,Restaurante,2023-06-13
TXN_7631496,Galleta,3,1.0,3.0,Nequi/Daviplata,Restaurante,2023-11-05
TXN_6251282,Jugo,4,3.0,12.0,Efectivo,,2023-11-15
TXN_6266750,Sandwich,1,4.0,4.0,Efectivo,,2023-04-21
TXN_6770844,Jugo,1,3.0,3.0,Nequi/Daviplata,Restaurante,2023-05-08
TXN_4152460,Sandwich,,4.0,12.0,Efectivo,Para llevar,2023-05-01
TXN_4699911,Café,2,2.0,4.0,Nequi/Daviplata,Para llevar,2023-07-21
TXN_3472433,Café,4,2.0,8.0,Tarjeta Crédito,Para llevar,2023-10-29
TXN_7179827,Jugo,4,3.0,12.0,Tarjeta Crédito,Restaurante,2023-06-28
TXN_7568112,Ensalada,ERROR,5.0,25.0,Efectivo,,2023-06-29
TXN_9800351,Te,3,1.5,4.5,Efectivo,ERROR,2023-06-16
TXN_4216821,Te,2,1.5,3.0,,,2023-07-02
TXN_6378070,ERROR,3,4.0,12.0,Nequi/Daviplata,,2023-09-26
TXN_2889185,DESCONOCIDO,2,4.0,8.0,ERROR,,2023-10-21
TXN_5188872,Torta,3,3.0,9.0,,Restaurante,2023-07-21
TXN_9927220,Jugo,5,3.0,15.0,Efectivo,,2023-09-14
TXN_5118799,Galleta,2,ERROR,ERROR,Efectivo,Para llevar,2023-04-23
TXN_2110490,ERROR,1,5.0,5.0,Efectivo,Restaurante,2023-08-29
TXN_7187578,Ensalada,5,5.0,25.0,,Restaurante,2023-11-20
TXN_4914203,,1,2.0,2.0,Tarjeta Crédito,,2023-12-02
TXN_6046363,Granizado,5,4.0,20.0,Nequi/Daviplata,Para llevar,2023-03-20
TXN_2920578,Granizado,4,4.0,16.0,Efectivo,,2023-09-06
TXN_7117210,Jugo,4,3.0,12.0,Nequi/Daviplata,Restaurante,2023-09-25
TXN_5823330,Ensalada,3,5.0,15.0,Nequi/Daviplata,Restaurante,2023-10-19
TXN_8155540,Ensalada,5,5.0,25.0,Tarjeta Crédito,Para llevar,2023-03-19
TXN_2418609,Sandwich,2,4.0,8.0,Nequi/Daviplata,Restaurante,2023-09-06
TXN_8570149,Te,1,1.5,1.5,Tarjeta Crédito,,2023-06-03
TXN_4382802,Sandwich,1,4.0,4.0,Nequi/Daviplata,Para llevar,2023-07-17
TXN_9970964,Granizado,2,4.0,8.0,Tarjeta Crédito,Para llevar,2023-07-07
TXN_5946779,Sandwich,1,4.0,4.0,Efectivo,Restaurante,2023-05-25
TXN_2253622,Sandwich,5,ERROR,ERROR,Nequi/Daviplata,Para llevar,2023-09-30
TXN_8982328,Jugo,1,3.0,3.0,Tarjeta Crédito,Restaurante,2023-10-20
TXN_9969706,Torta,5,3.0,15.0,,Restaurante,2023-03-17
TXN_1915046,Sandwich,5,4.0,20.0,,,2023-04-12
TXN_4624019,Galleta,1,1.0,1.0,Efectivo,DESCONOCIDO,2023-02-12
TXN_1773856,Torta,2,3.0,6.0,,ERROR,2023-08-11
TXN_6667083,Torta,1,3.0,3.0,Efectivo,,2023-03-19
TXN_8639879,ERROR,2,5.0,10.0,,Para llevar,2023-03-09
TXN_5144090,Café,5,2.0,10.0,Nequi/Daviplata,DESCONOCIDO,2023-05-15
TXN_1322421,Jugo,4,3.0,12.0,Tarjeta Crédito,Para llevar,2023-03-05
TXN_4474441,Café,4,2.0,8.0,Tarjeta Crédito,,2023-08-23
TXN_6598343,Jugo,4,3.0,12.0,,,2023-07-10
TXN_1297663,Granizado,5,,20.0,Tarjeta Crédito,,2023-09-12
TXN_4972634,Sandwich,5,4.0,20.0,Tarjeta Crédito,Restaurante,2023-07-22
TXN_7362776,Galleta,,1.0,5.0,,Restaurante,2023-01-26
TXN_8159772,Torta,1,3.0,3.0,Tarjeta Crédito,Restaurante,2023-10-02
TXN_7137800,Te,1,1.5,1.5,ERROR,Para llevar,2023-02-22
TXN_4360970,Te,3,1.5,4.5,Nequi/Daviplata,Para llevar,2023-06-28
TXN_6529863,Ensalada,3,5.0,15.0,,Para llevar,2023-08-16
TXN_3886583,Te,3,1.5,4.5,Nequi/Daviplata,Restaurante,2023-05-03
TXN_9315004,Sandwich,5,ERROR,20.0,Nequi/Daviplata,Restaurante,2023-12-21
TXN_1624458,Te,ERROR,1.5,6.0,Nequi/Daviplata,,
TXN_4039864,Torta,2,3.0,6.0,Efectivo,Restaurante,2023-07-24
TXN_8901988,ERROR,5,1.5,DESCONOCIDO,Nequi/Daviplata,Restaurante,2023-01-21
TXN_8103754,Ensalada,5,5.0,25.0,Efectivo,Para llevar,2023-01-29
TXN_6318017,Te,3,1.5,4.5,Efectivo,Restaurante,2023-06-23
TXN_9608271,Café,2,2.0,4.0,,,2023-10-24
TXN_4583009,Ensalada,5,5.0,25.0,Tarjeta Crédito,Restaurante,2023-01-08
TXN_2536821,Ensalada,5,5.0,25.0,,Para llevar,2023-12-01
TXN_5820621,Galleta,5,1.0,DESCONOCIDO,,Restaurante,2023-12-01
TXN_2878994,Sandwich,1,4.0,4.0,,,2023-05-19
TXN_8014973,,3,5.0,15.0,,Restaurante,2023-08-09
TXN_6492477,Café,5,2.0,10.0,,ERROR,2023-02-03
TXN_8549600,Café,,2.0,6.0,Nequi/Daviplata,Para llevar,2023-11-19
TXN_4496616,Ensalada,5,5.0,25.0,,Para llevar,2023-10-07
TXN_3190538,Café,2,2.0,4.0,Nequi/Daviplata,,2023-06-03
TXN_8863649,Galleta,1,1.0,1.0,Tarjeta Crédito,Restaurante,2023-03-05
TXN_8078312,Galleta,1,1.0,1.0,,,2023-09-24
TXN_6306644,ERROR,2,3.0,6.0,Nequi/Daviplata,,2023-06-15
TXN_9836829,Galleta,,1.0,5.0,,Para llevar,2023-10-15
TXN_8942829,Ensalada,5,5.0,25.0,Efectivo,,2023-03-11
TXN_1604072,Café,2,2.0,4.0,,,2023-01-01
TXN_3673322,DESCONOCIDO,2,5.0,10.0,Tarjeta Crédito,Para llevar,2023-04-24
TXN_1830432,Galleta,3,1.0,3.0,Nequi/Daviplata,Para llevar,2023-11-02
TXN_4314504,Torta,1,3.0,3.0,,Restaurante,2023-06-01
TXN_2880516,Te,1,1.5,1.5,Efectivo,Restaurante,2023-03-26
TXN_4649079,Galleta,4,1.0,4.0,,Para llevar,2023-07-26
TXN_6383336,Torta,2,3.0,6.0,,Para llevar,2023-01-21
TXN_7605163,Ensalada,1,5.0,5.0,,Para llevar,2023-08-15
TXN_2294603,Te,1,1.5,1.5,Tarjeta Crédito,Para llevar,2023-09-02
TXN_7097760,Café,3,2.0,6.0,Nequi/Daviplata,,2023-10-24
TXN_1998357,Torta,2,3.0,6.0,Nequi/Daviplata,,ERROR
TXN_1220061,Sandwich,3,4.0,12.0,Nequi/Daviplata,Restaurante,2023-09-03
TXN_9944500,Granizado,DESCONOCIDO,4.0,ERROR,Efectivo,Restaurante,2023-01-03
TXN_1329167,Te,5,1.5,7.5,,Para llevar,2023-01-14
TXN_3463337,Jugo,5,3.0,15.0,Tarjeta Crédito,Restaurante,2023-09-20
TXN_8016623,Te,2,1.5,3.0,Efectivo,Para llevar,2023-05-09
TXN_9525078,Ensalada,5,5.0,25.0,ERROR,Para llevar,2023-07-23
TXN_2841233,Galleta,1,1.0,1.0,Efectivo,Para llevar,2023-12-01
TXN_1458905,Sandwich,1,4.0,4.0,Nequi/Daviplata,Para llevar,2023-02-19
TXN_3977520,Café,5,2.0,10.0,DESCONOCIDO,,2023-08-08
TXN_3330279,Torta,1,3.0,3.0,Tarjeta Crédito,,2023-11-13
TXN_6234882,Galleta,4,1.0,4.0,Tarjeta Crédito,ERROR,2023-01-01
TXN_9970653,DESCONOCIDO,5,4.0,20.0,Nequi/Daviplata,Para llevar,2023-12-30
TXN_4185160,DESCONOCIDO,2,2.0,4.0,Tarjeta Crédito,Restaurante,2023-05-04
TXN_6093955,Te,5,1.5,,DESCONOCIDO,Para llevar,2023-01-01
TXN_2074343,,3,4.0,12.0,Nequi/Daviplata,Restaurante,2023-05-30
TXN_7994903,Granizado,4,4.0,16.0,Tarjeta Crédito,Restaurante,2023-01-09
TXN_3109161,Sandwich,3,4.0,12.0,Nequi/Daviplata,ERROR,2023-09-11
TXN_2185727,Ensalada,4,5.0,20.0,Nequi/Daviplata,Restaurante,2023-10-08
TXN_8971366,Jugo,2,3.0,6.0,Nequi/Daviplata,Restaurante,2023-08-24
TXN_3669866,Te,3,1.5,4.5,Nequi/Daviplata,Restaurante,2023-05-10
TXN_9395223,Galleta,4,1.0,4.0,Tarjeta Crédito,Restaurante,2023-12-29
TXN_7963892,Ensalada,1,ERROR,5.0,,Para llevar,2023-08-15
TXN_6325639,Jugo,3,3.0,ERROR,DESCONOCIDO,Restaurante,2023-07-19
TXN_3856510,Granizado,5,DESCONOCIDO,20.0,Efectivo,,2023-10-21
TXN_4779192,Galleta,5,1.0,5.0,Nequi/Daviplata,,2023-11-06
TXN_4163126,Sandwich,3,4.0,12.0,Nequi/Daviplata,Para llevar,ERROR
TXN_5808719,Jugo,1,3.0,3.0,Efectivo,Restaurante,2023-10-01
TXN_2817210,Torta,4,3.0,12.0,,,2023-11-10
TXN_1985396,Sandwich,3,4.0,12.0,Efectivo,Restaurante,2023-01-23
TXN_7625340,,2,1.0,2.0,Tarjeta Crédito,Restaurante,2023-01-20
TXN_1533652,Te,3,1.5,4.5,Efectivo,Restaurante,2023-08-17
TXN_6345619,Torta,5,3.0,15.0,Nequi/Daviplata,Para llevar,2023-12-09
TXN_3218971,Sandwich,5,4.0,20.0,Tarjeta Crédito,ERROR,2023-06-13
TXN_8127681,Granizado,1,4.0,4.0,Tarjeta Crédito,Para llevar,2023-09-02
TXN_7328604,Ensalada,2,5.0,10.0,Tarjeta Crédito,,2023-02-25
TXN_4574757,Jugo,2,3.0,6.0,ERROR,Restaurante,2023-08-05
TXN_9505924,Torta,4,3.0,12.0,,,2023-03-17
TXN_9482559,Galleta,1,1.0,1.0,,Restaurante,2023-08-04
TXN_7705153,Te,1,1.5,1.5,Nequi/Daviplata,Restaurante,2023-01-25
TXN_7037557,Ensalada,4,5.0,20.0,Efectivo,,2023-05-02
TXN_9517548,Café,3,2.0,6.0,Efectivo,Para llevar,2023-01-25
TXN_4467046,Ensalada,4,5.0,20.0,Nequi/Daviplata,Para llevar,2023-09-27
TXN_5074212,Jugo,5,3.0,15.0,DESCONOCIDO,,2023-05-14
TXN_8167530,Torta,3,3.0,9.0,Efectivo,Restaurante,2023-03-08
TXN_2158361,DESCONOCIDO,2,3.0,6.0,,,2023-07-27
TXN_5492822,Café,4,2.0,8.0,Nequi/Daviplata,Para llevar,2023-12-16
TXN_8538125,Torta,5,3.0,15.0,Nequi/Daviplata,,2023-05-30
TXN_1091115,Sandwich,5,4.0,20.0,Efectivo,Para llevar,2023-11-04
TXN_5350286,Sandwich,5,4.0,20.0,Tarjeta Crédito,,2023-02-18
TXN_1534223,Torta,3,3.0,9.0,Tarjeta Crédito,,2023-01-30
TXN_6403951,Te,DESCONOCIDO,1.5,4.5,Tarjeta Crédito,Para llevar,2023-07-13
TXN_7961171,Jugo,3,3.0,9.0,Efectivo,Restaurante,2023-01-27
TXN_6312039,Torta,ERROR,3.0,15.0,,Restaurante,2023-09-29
TXN_6177334,Jugo,1,3.0,3.0,Tarjeta Crédito,Restaurante,2023-02-15
TXN_7466297,Galleta,1,1.0,1.0,Nequi/Daviplata,,2023-07-13
TXN_2693278,Te,3,1.5,4.5,,,2023-11-26
TXN_3561149,Jugo,4,3.0,12.0,Nequi/Daviplata,Para llevar,2023-05-20
TXN_2227825,Sandwich,5,4.0,20.0,Tarjeta Crédito,,2023-06-05
TXN_9965686,Torta,4,3.0,12.0,Tarjeta Crédito,Para llevar,2023-10-02
TXN_5303413,Café,1,2.0,2.0,Nequi/Daviplata,Restaurante,2023-06-21
TXN_5328814,Te,3,1.5,4.5,Efectivo,,2023-10-18
TXN_9658354,ERROR,3,1.5,4.5,Tarjeta Crédito,Restaurante,2023-11-12
TXN_8538315,Café,DESCONOCIDO,2.0,2.0,Nequi/Daviplata,,2023-07-27
TXN_2334962,Jugo,5,3.0,15.0,,,2023-01-31
TXN_9321776,Torta,1,3.0,3.0,,DESCONOCIDO,2023-04-23
TXN_2574545,Café,DESCONOCIDO,2.0,4.0,,Restaurante,
TXN_7625537,Jugo,3,3.0,9.0,,Para llevar,2023-12-09
TXN_8722491,Granizado,4,4.0,16.0,Efectivo,,2023-04-24
TXN_4129569,Galleta,4,ERROR,4.0,Nequi/Daviplata,DESCONOCIDO,2023-08-27
TXN_6018020,Galleta,2,1.0,2.0,Tarjeta Crédito,Para llevar,2023-01-12
TXN_3305132,Torta,4,3.0,12.0,Tarjeta Crédito,Para llevar,2023-01-30
TXN_7951885,Ensalada,3,5.0,15.0,Tarjeta Crédito,,2023-12-08
TXN_9090875,Torta,2,3.0,6.0,ERROR,Restaurante,2023-04-19
TXN_9175684,Te,3,1.5,4.5,,,2023-09-16
TXN_1640649,Galleta,4,1.0,4.0,,Restaurante,2023-12-05
TXN_9845746,Torta,1,3.0,3.0,Nequi/Daviplata,Restaurante,2023-09-23
TXN_1547704,Café,5,2.0,10.0,Efectivo,Restaurante,2023-02-14
TXN_3422774,DESCONOCIDO,2,4.0,8.0,Nequi/Daviplata,Restaurante,2023-07-09
TXN_8477415,Ensalada,2,5.0,10.0,Tarjeta Crédito,DESCONOCIDO,2023-05-01
TXN_1039367,Sandwich,3,4.0,,Efectivo,,2023-03-12
TXN_5433982,Ensalada,5,5.0,25.0,Nequi/Daviplata,,2023-07-07
TXN_4469550,,3,3.0,9.0,Tarjeta Crédito,Restaurante,2023-05-10
TXN_2838588,Café,2,2.0,4.0,,Restaurante,2023-01-28
TXN_6135727,Jugo,4,3.0,12.0,Nequi/Daviplata,Para llevar,2023-12-15
TXN_3660227,Jugo,4,3.0,12.0,Tarjeta Crédito,Para llevar,2023-05-13
TXN_5640232,Sandwich,4,,16.0,Nequi/Daviplata,DESCONOCIDO,2023-04-08
TXN_4064310,Te,4,1.5,6.0,Efectivo,Para llevar,2023-07-24
TXN_7418562,Sandwich,4,4.0,DESCONOCIDO,,,2023-01-15
TXN_2978326,Granizado,3,4.0,12.0,Efectivo,,2023-12-02
TXN_9616828,Café,2,2.0,4.0,Nequi/Daviplata,Para llevar,2023-12-20
TXN_1522122,Galleta,5,1.0,5.0,Tarjeta Crédito,Restaurante,2023-02-14
TXN_2360229,Sandwich,1,4.0,4.0,Nequi/Daviplata,,2023-06-18
TXN_7840510,DESCONOCIDO,4,3.0,12.0,,Para llevar,2023-08-07
TXN_5285666,Café,5,2.0,10.0,Efectivo,,2023-03-20
TXN_5029453,Sandwich,2,4.0,8.0,Nequi/Daviplata,Restaurante,2023-06-24
TXN_6117421,Torta,2,3.0,6.0,Efectivo,,2023-05-04
TXN_8759461,Te,2,1.5,3.0,Efectivo,Restaurante,2023-01-31
TXN_2962728,Ensalada,4,5.0,20.0,Tarjeta Crédito,,2023-12-05
TXN_6527482,Jugo,1,3.0,3.0,DESCONOCIDO,Para llevar,2023-08-27
TXN_4256200,Te,5,1.5,7.5,,,2023-06-29
TXN_6276679,Galleta,3,1.0,3.0,Nequi/Daviplata,Para llevar,2023-11-08
TXN_2507188,Café,1,2.0,2.0,Tarjeta Crédito,,2023-02-04
TXN_9386165,Sandwich,2,4.0,8.0,Nequi/Daviplata,Restaurante,2023-06-01
TXN_6064232,Te,2,1.5,3.0,Tarjeta Crédito,Para llevar,2023-04-09
TXN_3604017,Torta,4,3.0,12.0,Nequi/Daviplata,Restaurante,2023-09-21
TXN_3486548,Te,1,1.5,1.5,Nequi/Daviplata,,2023-07-08
TXN_1465584,Sandwich,1,4.0,4.0,Tarjeta Crédito,Restaurante,2023-04-29
TXN_9285925,ERROR,5,3.0,15.0,Efectivo,Restaurante,2023-06-20
TXN_7662502,Torta,1,3.0,3.0,,Restaurante,2023-03-06
TXN_3212505,Sandwich,3,4.0,12.0,Tarjeta Crédito,,2023-07-15
TXN_7331903,DESCONOCIDO,1,5.0,5.0,,Para llevar,2023-05-23
TXN_2311188,Torta,2,3.0,6.0,Nequi/Daviplata,DESCONOCIDO,2023-09-07
TXN_6344806,Jugo,3,3.0,9.0,Tarjeta Crédito,,2023-05-08
TXN_4891221,Galleta,5,1.0,5.0,,Para llevar,2023-12-09
TXN_1316036,ERROR,2,3.0,6.0,Efectivo,Para llevar,2023-10-27
TXN_7419274,Jugo,2,3.0,6.0,Efectivo,Para llevar,2023-12-18
TXN_2178059,Sandwich,4,4.0,16.0,,Restaurante,2023-03-24
TXN_2205071,Café,5,2.0,10.0,Tarjeta Crédito,Restaurante,2023-11-23
TXN_5790078,Jugo,4,3.0,12.0,Nequi/Daviplata,Para llevar,2023-04-16
TXN_4119210,Te,3,1.5,4.5,Efectivo,Restaurante,2023-05-02
TXN_2349072,Granizado,5,4.0,20.0,Efectivo,Para llevar,2023-09-06
TXN_3670103,Te,2,1.5,3.0,,Restaurante,2023-04-30
TXN_1933628,DESCONOCIDO,2,3.0,6.0,Efectivo,Restaurante,2023-08-27
TXN_6444911,Jugo,5,3.0,15.0,Tarjeta Crédito,,2023-02-11
TXN_4186842,Jugo,5,3.0,15.0,DESCONOCIDO,Para llevar,2023-10-29
TXN_2194305,Sandwich,2,4.0,8.0,Tarjeta Crédito,Para llevar,2023-09-16
TXN_2002049,Café,5,2.0,10.0,ERROR,,2023-03-17
TXN_4837447,Torta,2,3.0,6.0,Nequi/Daviplata,Para llevar,2023-11-06
TXN_5517185,Granizado,3,4.0,12.0,Nequi/Daviplata,,2023-11-05
TXN_9658905,ERROR,5,1.5,7.5,Efectivo,Para llevar,2023-05-16
TXN_3373997,Ensalada,4,5.0,20.0,,,2023-02-01
TXN_1950343,Galleta,2,1.0,2.0,ERROR,,2023-07-25
TXN_4477016,Sandwich,4,4.0,,,Restaurante,2023-04-12
TXN_2644403,Te,4,1.5,6.0,ERROR,,2023-12-22
TXN_7006741,Sandwich,DESCONOCIDO,4.0,8.0,Nequi/Daviplata,,2023-12-30
TXN_7246698,Sandwich,3,4.0,12.0,,Restaurante,2023-06-22
TXN_8063016,Galleta,1,1.0,DESCONOCIDO,Efectivo,,2023-02-27
TXN_9215670,Café,3,,6.0,Efectivo,Para llevar,2023-05-04
TXN_6780463,Te,3,1.5,4.5,,,2023-10-26
TXN_5975573,,1,1.0,1.0,,Para llevar,2023-01-20
TXN_5560669,Ensalada,5,5.0,25.0,Tarjeta Crédito,,2023-06-30
TXN_4046095,Jugo,2,3.0,6.0,Nequi/Daviplata,Para llevar,2023-10-12
TXN_6559598,Jugo,1,3.0,3.0,Nequi/Daviplata,,2023-05-08
TXN_9707159,Torta,5,3.0,15.0,Tarjeta Crédito,Restaurante,2023-11-10
TXN_9983518,Te,2,1.5,3.0,Tarjeta Crédito,Restaurante,2023-07-18
TXN_1714348,Sandwich,2,4.0,8.0,Efectivo,Para llevar,2023-12-31
TXN_8211288,Granizado,1,4.0,4.0,Efectivo,Restaurante,2023-04-23
TXN_7035067,Ensalada,2,DESCONOCIDO,10.0,Efectivo,,2023-09-29
TXN_6335423,Café,2,2.0,4.0,Tarjeta Crédito,Restaurante,2023-06-18
TXN_9475783,Sandwich,5,4.0,20.0,Tarjeta Crédito,Para llevar,2023-02-11
TXN_4108869,Granizado,5,4.0,20.0,,,2023-05-02
TXN_6011341,Jugo,4,3.0,12.0,,Restaurante,2023-12-21
TXN_5257531,Te,2,1.5,3.0,,DESCONOCIDO,2023-04-10
TXN_1645743,Galleta,4,1.0,4.0,Nequi/Daviplata,Para llevar,2023-07-02
TXN_8167311,Ensalada,1,5.0,5.0,DESCONOCIDO,Para llevar,2023-10-09
TXN_2377667,Granizado,3,4.0,12.0,Nequi/Daviplata,Para llevar,2023-10-27
TXN_9554670,,4,3.0,12.0,Tarjeta Crédito,Restaurante,2023-06-20
TXN_3312574,Galleta,2,1.0,2.0,DESCONOCIDO,,2023-11-03
TXN_9208629,Torta,1,3.0,3.0,,Para llevar,2023-03-30
TXN_6846085,Galleta,4,1.0,4.0,Nequi/Daviplata,,2023-02-26
TXN_5430200,Sandwich,DESCONOCIDO,4.0,12.0,Tarjeta Crédito,Para llevar,2023-11-12
TXN_5135172,ERROR,4,5.0,20.0,Nequi/Daviplata,Restaurante,2023-12-10
TXN_2282416,Te,DESCONOCIDO,1.5,6.0,,Para llevar,2023-04-29
TXN_6716151,Sandwich,3,4.0,12.0,Nequi/Daviplata,Para llevar,2023-01-26
TXN_5303258,Sandwich,4,4.0,16.0,Nequi/Daviplata,Restaurante,2023-09-28
TXN_2947683,Torta,3,3.0,9.0,,Restaurante,2023-05-14
TXN_8831659,Sandwich,1,4.0,4.0,Tarjeta Crédito,,2023-01-29
TXN_8980495,DESCONOCIDO,DESCONOCIDO,4.0,16.0,Tarjeta Crédito,Para llevar,2023-11-17
TXN_9129298,ERROR,1,2.0,2.0,,,2023-12-19
TXN_2188342,Café,3,2.0,6.0,Efectivo,,2023-09-10
TXN_3843943,Te,5,1.5,7.5,,Para llevar,2023-07-01
TXN_4989644,Jugo,5,DESCONOCIDO,15.0,Nequi/Daviplata,,2023-11-13
TXN_9456357,Torta,3,3.0,9.0,Tarjeta Crédito,,2023-02-21
TXN_9549021,Ensalada,2,5.0,10.0,,,2023-11-25
TXN_9263030,Sandwich,5,4.0,20.0,Efectivo,Para llevar,2023-07-03
TXN_9732454,Granizado,5,,20.0,,Restaurante,2023-07-28
TXN_4129476,Café,2,2.0,4.0,Efectivo,,2023-10-24
TXN_7060691,Ensalada,5,5.0,25.0,Tarjeta Crédito,,2023-10-25
TXN_8048357,Ensalada,4,5.0,20.0,,Restaurante,ERROR
TXN_5528787,Jugo,2,3.0,6.0,Nequi/Daviplata,,2023-10-22
TXN_8952145,Torta,3,3.0,9.0,Tarjeta Crédito,Para llevar,2023-01-28
TXN_8062811,Café,2,2.0,DESCONOCIDO,Efectivo,Para llevar,2023-04-07
TXN_9710982,DESCONOCIDO,4,,16.0,,,2023-03-03
TXN_2020445,Granizado,2,4.0,8.0,Efectivo,,2023-03-06
TXN_7855761,Galleta,1,1.0,1.0,Efectivo,Restaurante,2023-01-10
TXN_9455977,Te,1,1.5,1.5,Nequi/Daviplata,Para llevar,2023-03-10
TXN_6684056,Granizado,2,4.0,,,ERROR,2023-09-14
TXN_6085326,Torta,2,3.0,6.0,,,2023-08-22
TXN_4528522,Café,5,2.0,10.0,Nequi/Daviplata,Para llevar,2023-12-04
TXN_7049861,Torta,5,3.0,15.0,Efectivo,Restaurante,2023-01-20
TXN_7312448,Te,1,1.5,1.5,,ERROR,2023-01-16
TXN_2201857,Granizado,DESCONOCIDO,4.0,4.0,,Para llevar,2023-02-19
TXN_4982382,Ensalada,1,5.0,5.0,Efectivo,,2023-01-05
TXN_9001844,Sandwich,1,4.0,4.0,Efectivo,Para llevar,2023-08-02
TXN_9104710,Ensalada,5,5.0,25.0,Efectivo,Para llevar,2023-03-20
TXN_8266662,Café,5,2.0,10.0,Tarjeta Crédito,,2023-04-09
TXN_9178213,ERROR,2,2.0,4.0,Nequi/Daviplata,Para llevar,2023-02-27
TXN_7755216,Ensalada,5,5.0,25.0,,Restaurante,2023-02-03
TXN_2241162,Jugo,3,3.0,DESCONOCIDO,DESCONOCIDO,,2023-08-09
TXN_5757933,Te,1,1.5,1.5,Efectivo,,2023-02-20
TXN_8859144,Torta,1,3.0,3.0,Nequi/Daviplata,Para llevar,2023-01-15
TXN_8740257,Torta,5,3.0,15.0,Nequi/Daviplata,,2023-06-09
TXN_4271034,Granizado,3,4.0,12.0,Nequi/Daviplata,Restaurante,2023-02-28
TXN_2741424,Te,4,1.5,6.0,Tarjeta Crédito,Restaurante,2023-05-03
TXN_4709135,Sandwich,2,4.0,8.0,Tarjeta Crédito,Para llevar,DESCONOCIDO
TXN_6676143,Sandwich,5,4.0,20.0,Efectivo,Restaurante,2023-05-21
TXN_2199647,Ensalada,1,5.0,5.0,Efectivo,,2023-05-05
TXN_3016079,Granizado,3,4.0,12.0,Nequi/Daviplata,Para llevar,2023-09-24
TXN_3140950,Jugo,5,3.0,15.0,Tarjeta Crédito,,ERROR
TXN_6881662,Ensalada,2,5.0,10.0,Nequi/Daviplata,Para llevar,2023-07-10
TXN_4238818,Café,2,2.0,4.0,Nequi/Daviplata,DESCONOCIDO,2023-04-05
TXN_2146829,Ensalada,4,5.0,20.0,Efectivo,,2023-12-26
TXN_8131537,Granizado,2,4.0,8.0,Tarjeta Crédito,,2023-12-03
TXN_9812021,Te,5,1.5,7.5,Tarjeta Crédito,Restaurante,2023-02-12
TXN_7947711,Ensalada,3,5.0,15.0,Nequi/Daviplata,Para llevar,2023-12-06
TXN_6774688,Ensalada,1,5.0,5.0,Tarjeta Crédito,DESCONOCIDO,2023-01-18
TXN_3949676,Jugo,4,3.0,12.0,Tarjeta Crédito,Restaurante,2023-12-21
TXN_4283693,Ensalada,2,5.0,10.0,Efectivo,Restaurante,2023-01-05
TXN_2274945,Sandwich,4,4.0,16.0,Efectivo,Restaurante,2023-03-29
TXN_5757196,Jugo,5,3.0,DESCONOCIDO,,Restaurante,
TXN_6787259,Sandwich,2,4.0,8.0,Tarjeta Crédito,Restaurante,2023-08-18
TXN_7062893,Granizado,2,4.0,DESCONOCIDO,Nequi/Daviplata,Restaurante,2023-10-15
TXN_7482834,Sandwich,DESCONOCIDO,4.0,20.0,,Restaurante,2023-05-16
TXN_8533584,Galleta,2,1.0,2.0,Efectivo,Para llevar,2023-03-11
TXN_4311369,Granizado,2,4.0,8.0,Nequi/Daviplata,Para llevar,2023-08-18
TXN_7123353,Galleta,4,1.0,4.0,ERROR,Restaurante,2023-02-08
TXN_8230414,Sandwich,4,4.0,16.0,Efectivo,,2023-11-20
TXN_3738314,Sandwich,4,4.0,16.0,,ERROR,2023-08-06
TXN_3200434,Torta,4,3.0,12.0,,ERROR,2023-02-18
TXN_7485706,Galleta,5,1.0,5.0,Tarjeta Crédito,Para llevar,2023-11-15
TXN_9908225,Granizado,5,4.0,20.0,Tarjeta Crédito,Restaurante,2023-01-04
TXN_7163533,Granizado,4,4.0,16.0,Tarjeta Crédito,Para llevar,2023-08-17
TXN_6867995,Galleta,3,1.0,3.0,Nequi/Daviplata,Restaurante,2023-10-15
TXN_9563685,Ensalada,1,5.0,5.0,Tarjeta Crédito,,2023-07-28
TXN_3345675,Galleta,4,1.0,4.0,DESCONOCIDO,,2023-09-23
TXN_9890734,Granizado,4,4.0,16.0,,Para llevar,2023-04-17
TXN_7697294,Granizado,3,4.0,12.0,DESCONOCIDO,,2023-01-17
TXN_5256055,Ensalada,5,5.0,25.0,Tarjeta Crédito,Para llevar,2023-02-07
TXN_3399674,Granizado,5,,20.0,Nequi/Daviplata,ERROR,2023-12-09
TXN_6067979,Sandwich,1,4.0,4.0,Tarjeta Crédito,Restaurante,2023-07-29
TXN_4340811,Torta,5,3.0,15.0,ERROR,Restaurante,2023-04-15
TXN_6515226,Jugo,1,3.0,3.0,Nequi/Daviplata,,2023-01-05
TXN_6069730,Jugo,1,3.0,3.0,Efectivo,Restaurante,2023-02-05
TXN_2396191,Jugo,4,3.0,12.0,Tarjeta Crédito,,2023-05-12
TXN_5223162,Jugo,3,3.0,9.0,Nequi/Daviplata,,2023-10-29
TXN_4224401,Ensalada,3,5.0,15.0,Nequi/Daviplata,Restaurante,2023-12-18
TXN_9298882,Sandwich,3,4.0,12.0,,,2023-01-13
TXN_1048616,Te,1,1.5,,Efectivo,,2023-10-10
TXN_5896141,Granizado,5,4.0,20.0,,Restaurante,2023-03-08
TXN_8549341,Torta,5,3.0,15.0,Efectivo,Para llevar,
TXN_6929664,Café,1,2.0,2.0,,Para llevar,2023-03-05
TXN_1570632,Sandwich,5,4.0,DESCONOCIDO,Nequi/Daviplata,,2023-02-28
TXN_4650811,Te,5,1.5,7.5,Efectivo,,2023-09-26
TXN_9858152,Granizado,2,4.0,8.0,Nequi/Daviplata,Restaurante,2023-01-28
TXN_2666773,Jugo,3,3.0,9.0,Tarjeta Crédito,,2023-06-29
TXN_1387062,,5,4.0,20.0,Tarjeta Crédito,,2023-08-22
TXN_4060332,Granizado,3,4.0,12.0,Tarjeta Crédito,Para llevar,2023-07-10
TXN_2780349,Café,5,2.0,10.0,Efectivo,,2023-11-12
TXN_5923474,Torta,4,3.0,12.0,,Restaurante,ERROR
TXN_2905218,Granizado,5,4.0,20.0,Efectivo,Restaurante,2023-09-03
TXN_2041190,Jugo,1,3.0,3.0,Nequi/Daviplata,,2023-11-04
TXN_8269366,Sandwich,1,4.0,4.0,,,2023-10-31
TXN_8277583,Galleta,5,1.0,5.0,Nequi/Daviplata,Para llevar,2023-08-15
TXN_3785049,Sandwich,4,4.0,16.0,,,2023-11-26
TXN_8819928,Café,5,2.0,10.0,,,2023-06-03
TXN_2078317,Te,1,1.5,1.5,Efectivo,Restaurante,2023-09-21
TXN_8657361,DESCONOCIDO,4,2.0,8.0,,Para llevar,2023-01-24
TXN_4442954,Café,2,2.0,4.0,Efectivo,,2023-12-15
TXN_8076449,Jugo,3,3.0,9.0,,Para llevar,DESCONOCIDO
TXN_1560873,Galleta,2,1.0,2.0,DESCONOCIDO,Para llevar,2023-07-19
TXN_7057481,Granizado,3,4.0,12.0,Efectivo,Restaurante,2023-07-11
TXN_6869767,Granizado,2,4.0,ERROR,Nequi/Daviplata,Para llevar,2023-06-06
TXN_3705445,Galleta,5,DESCONOCIDO,,Efectivo,Restaurante,2023-09-13
TXN_9714665,Ensalada,1,5.0,5.0,,Para llevar,2023-11-11
TXN_4155770,Ensalada,5,5.0,25.0,,Restaurante,2023-09-20
TXN_1828494,Jugo,2,3.0,6.0,Nequi/Daviplata,Para llevar,2023-07-21
TXN_5992635,Café,4,2.0,8.0,Nequi/Daviplata,Para llevar,
TXN_6011304,Torta,4,3.0,,Efectivo,,2023-11-20
TXN_6223157,Ensalada,1,5.0,5.0,ERROR,Para llevar,2023-09-13
TXN_8526084,Torta,5,3.0,15.0,,Para llevar,2023-03-05
TXN_3509609,Granizado,3,4.0,12.0,Nequi/Daviplata,Para llevar,2023-12-25
TXN_4276442,Torta,4,3.0,12.0,Tarjeta Crédito,Restaurante,2023-01-25
TXN_4532475,Café,ERROR,2.0,2.0,Nequi/Daviplata,,2023-04-23
TXN_7956243,Torta,4,3.0,12.0,Efectivo,Para llevar,2023-05-23
TXN_4798335,Sandwich,5,4.0,20.0,,Para llevar,2023-02-16
TXN_9336674,Ensalada,4,5.0,20.0,,,2023-01-18
TXN_5257169,Jugo,4,3.0,12.0,Tarjeta Crédito,,2023-01-12
TXN_5929633,Torta,3,3.0,9.0,,Restaurante,2023-02-27
TXN_9323014,Galleta,3,1.0,3.0,,Restaurante,2023-08-15
TXN_5764902,Te,ERROR,1.5,7.5,DESCONOCIDO,Para llevar,2023-03-22
TXN_1473693,Granizado,4,4.0,16.0,,Para llevar,2023-05-14
TXN_3827851,Café,1,2.0,2.0,,,2023-01-09
TXN_9087746,Café,4,2.0,,Nequi/Daviplata,,2023-04-03
TXN_3709853,Granizado,2,4.0,8.0,Tarjeta Crédito,Para llevar,2023-08-21
TXN_9665245,ERROR,1,1.0,1.0,DESCONOCIDO,Para llevar,2023-10-17
TXN_9486849,Torta,ERROR,3.0,3.0,Efectivo,Para llevar,2023-03-17
TXN_7581536,Granizado,2,,8.0,Efectivo,,2023-12-29
TXN_1408709,Granizado,5,4.0,20.0,Efectivo,Para llevar,2023-04-14
TXN_6494850,Café,,2.0,4.0,Efectivo,,2023-07-08
TXN_4003040,Galleta,4,1.0,4.0,Tarjeta Crédito,Restaurante,2023-09-12
TXN_1021087,Sandwich,1,4.0,4.0,,ERROR,2023-11-01
TXN_1082717,ERROR,DESCONOCIDO,,9.0,Nequi/Daviplata,Restaurante,2023-12-13
TXN_2530326,Sandwich,5,4.0,20.0,,Restaurante,2023-05-06
TXN_1309653,Ensalada,2,5.0,10.0,Efectivo,Restaurante,
TXN_9781679,Sandwich,2,4.0,8.0,Tarjeta Crédito,Para llevar,2023-09-08
TXN_8208915,Jugo,DESCONOCIDO,3.0,6.0,Efectivo,,2023-05-09
TXN_5499117,Ensalada,4,5.0,20.0,Nequi/Daviplata,DESCONOCIDO,2023-07-16
TXN_8566499,Ensalada,,5.0,25.0,Nequi/Daviplata,Restaurante,2023-12-27
TXN_8510450,,4,3.0,12.0,DESCONOCIDO,,2023-01-04
TXN_9370771,Jugo,5,3.0,15.0,Efectivo,Restaurante,2023-08-21
TXN_5914284,Café,2,2.0,4.0,Tarjeta Crédito,Para llevar,2023-06-25
TXN_9590819,Café,3,2.0,6.0,,Restaurante,2023-11-21
TXN_9878649,Granizado,5,4.0,20.0,Efectivo,Para llevar,2023-09-18
TXN_5909816,Jugo,5,3.0,15.0,Efectivo,Para llevar,2023-09-19
TXN_9461980,Ensalada,1,5.0,5.0,Tarjeta Crédito,Restaurante,2023-04-14
TXN_8090470,Sandwich,4,4.0,16.0,Nequi/Daviplata,Para llevar,2023-11-18
TXN_9041473,Granizado,2,4.0,8.0,Nequi/Daviplata,,ERROR
TXN_6052534,Ensalada,4,5.0,20.0,Efectivo,,2023-02-19
TXN_1392546,Torta,ERROR,3.0,6.0,Nequi/Daviplata,Restaurante,2023-12-06
TXN_8128146,DESCONOCIDO,2,3.0,6.0,Efectivo,Restaurante,2023-05-16
TXN_2119325,Torta,5,3.0,15.0,,Restaurante,2023-11-13
TXN_9067752,Granizado,2,4.0,8.0,Nequi/Daviplata,Para llevar,2023-04-24
TXN_8211133,Te,2,1.5,3.0,,Para llevar,2023-08-31
TXN_2331025,Galleta,2,1.0,2.0,Efectivo,,2023-04-28
TXN_3543133,Te,2,1.5,3.0,,,2023-04-08
TXN_2640771,Galleta,2,1.0,2.0,Nequi/Daviplata,Para llevar,2023-01-27
TXN_1103883,Galleta,5,1.0,5.0,Tarjeta Crédito,DESCONOCIDO,2023-08-09
TXN_8593064,Granizado,4,4.0,16.0,Efectivo,Para llevar,2023-03-12
TXN_1803599,DESCONOCIDO,1,4.0,4.0,Nequi/Daviplata,Para llevar,2023-08-30
TXN_2873573,Café,3,2.0,6.0,,Restaurante,2023-01-11
TXN_9223045,Te,5,,7.5,Tarjeta Crédito,Restaurante,2023-10-29
TXN_9502424,,4,3.0,12.0,Efectivo,ERROR,2023-09-06
TXN_8659330,Te,4,1.5,6.0,Tarjeta Crédito,Para llevar,2023-08-20
TXN_5615754,Granizado,5,ERROR,20.0,Nequi/Daviplata,Para llevar,2023-04-16
TXN_2898571,Granizado,3,4.0,12.0,,,2023-05-10
TXN_1584851,Granizado,1,4.0,4.0,Tarjeta Crédito,,2023-04-10
TXN_9430262,Café,5,2.0,10.0,,,2023-03-16
TXN_9042309,Café,2,2.0,4.0,Efectivo,,2023-12-03
TXN_4816652,Sandwich,1,4.0,4.0,DESCONOCIDO,DESCONOCIDO,2023-07-17
TXN_8127929,DESCONOCIDO,5,1.0,5.0,Tarjeta Crédito,Para llevar,2023-10-08
TXN_8567172,Café,3,2.0,,,Restaurante,2023-02-05
TXN_2317867,Te,5,1.5,7.5,Efectivo,Restaurante,2023-01-23
TXN_4416436,Café,3,2.0,6.0,Nequi/Daviplata,,2023-05-17
TXN_7467621,Ensalada,4,5.0,20.0,Tarjeta Crédito,Para llevar,2023-01-28
TXN_5005999,Ensalada,4,5.0,20.0,Efectivo,,2023-01-09
TXN_8664295,Granizado,2,4.0,8.0,Tarjeta Crédito,,2023-02-23
TXN_4831311,DESCONOCIDO,2,2.0,4.0,Efectivo,Para llevar,2023-07-15
TXN_2528186,DESCONOCIDO,2,2.0,4.0,Efectivo,,2023-06-17
TXN_4971093,Granizado,4,4.0,16.0,DESCONOCIDO,Para llevar,2023-03-27
TXN_3602272,Granizado,3,4.0,12.0,Nequi/Daviplata,Para llevar,2023-02-15
TXN_4913329,Café,5,2.0,10.0,Tarjeta Crédito,Para llevar,2023-10-30
TXN_8830809,Sandwich,5,4.0,20.0,Nequi/Daviplata,Restaurante,2023-07-31
TXN_7223387,Jugo,3,3.0,9.0,Efectivo,,2023-12-17
TXN_1629092,Galleta,3,1.0,3.0,Tarjeta Crédito,,2023-02-13
TXN_4363360,Granizado,1,4.0,ERROR,Tarjeta Crédito,,2023-12-22
TXN_9689507,Ensalada,3,5.0,,Efectivo,Restaurante,2023-06-10
TXN_3317406,Sandwich,3,4.0,12.0,DESCONOCIDO,Para llevar,2023-01-04
TXN_9662632,Ensalada,4,5.0,20.0,Nequi/Daviplata,Restaurante,2023-08-10
TXN_1364211,Ensalada,2,5.0,10.0,ERROR,Restaurante,2023-03-08
TXN_1102876,Galleta,1,1.0,1.0,Efectivo,,DESCONOCIDO
TXN_2673294,Café,3,2.0,DESCONOCIDO,Efectivo,,2023-11-11
TXN_2112848,Galleta,4,1.0,4.0,Tarjeta Crédito,Restaurante,2023-10-16
TXN_1801691,Ensalada,1,5.0,5.0,,Para llevar,2023-05-18
TXN_6424195,Café,3,2.0,6.0,,Para llevar,2023-09-14
TXN_7854162,Torta,5,3.0,15.0,Nequi/Daviplata,,DESCONOCIDO
TXN_6923480,Café,3,2.0,6.0,Efectivo,Para llevar,2023-10-27
TXN_7416669,Te,3,1.5,4.5,,,2023-09-28
TXN_3693990,Galleta,2,1.0,2.0,,Restaurante,2023-07-19
TXN_8652632,Te,1,1.5,,Nequi/Daviplata,,2023-01-12
TXN_4141765,Torta,5,3.0,15.0,,,2023-12-17
TXN_8180793,Galleta,4,1.0,4.0,Nequi/Daviplata,,2023-11-17
TXN_8875195,Sandwich,5,4.0,20.0,Tarjeta Crédito,Restaurante,2023-08-21
TXN_9928552,Sandwich,5,4.0,20.0,Tarjeta Crédito,Para llevar,2023-06-13
TXN_3456748,Jugo,2,3.0,6.0,Efectivo,Restaurante,2023-01-30
TXN_5680687,Ensalada,4,5.0,DESCONOCIDO,Tarjeta Crédito,,2023-11-22
TXN_9349736,Sandwich,5,4.0,20.0,Efectivo,,2023-03-18
TXN_7558010,Jugo,4,3.0,12.0,,,2023-03-27
TXN_8172897,Galleta,3,1.0,3.0,,Para llevar,2023-03-14
TXN_8540794,Torta,4,3.0,12.0,Efectivo,,2023-04-06
TXN_5966744,Te,3,1.5,4.5,,Restaurante,2023-12-13
TXN_3132921,Te,DESCONOCIDO,1.5,7.5,Tarjeta Crédito,Restaurante,2023-01-10
TXN_7029719,,2,5.0,10.0,Nequi/Daviplata,,2023-06-18
TXN_3912440,Te,2,1.5,3.0,,Restaurante,2023-05-21
TXN_4276702,DESCONOCIDO,1,1.0,1.0,Tarjeta Crédito,Restaurante,2023-11-17
TXN_7657615,Jugo,3,3.0,,Tarjeta Crédito,,2023-07-17
TXN_4020074,Galleta,3,1.0,3.0,,,2023-03-01
TXN_8942747,Galleta,5,1.0,5.0,,Para llevar,2023-12-14
TXN_3902815,Jugo,5,3.0,15.0,,,2023-06-28
TXN_8235042,DESCONOCIDO,1,4.0,4.0,Tarjeta Crédito,,ERROR
TXN_6218380,Galleta,4,1.0,4.0,Efectivo,Restaurante,2023-02-07
TXN_6905143,Café,5,DESCONOCIDO,ERROR,Efectivo,ERROR,2023-08-09
TXN_3839691,Café,4,2.0,8.0,Tarjeta Crédito,Restaurante,2023-02-13
TXN_4866254,Ensalada,4,5.0,20.0,Efectivo,DESCONOCIDO,2023-03-18
TXN_8935781,Café,2,2.0,4.0,,,2023-09-10
TXN_2559020,Torta,1,3.0,3.0,Nequi/Daviplata,Para llevar,2023-07-20
TXN_8607376,Café,5,2.0,10.0,Efectivo,Restaurante,2023-06-13
TXN_5858713,Galleta,2,1.0,2.0,Tarjeta Crédito,Restaurante,2023-03-05
TXN_7064604,Café,,2.0,6.0,Nequi/Daviplata,,2023-03-26
TXN_3312690,Galleta,3,1.0,3.0,Tarjeta Crédito,Restaurante,2023-03-01
TXN_1547555,Granizado,3,4.0,,,Para llevar,
TXN_8687088,Galleta,2,1.0,2.0,Tarjeta Crédito,Restaurante,2023-05-11
TXN_3440487,DESCONOCIDO,5,2.0,10.0,Efectivo,DESCONOCIDO,2023-10-22
TXN_9618881,Café,5,2.0,10.0,,,2023-02-15
TXN_5139074,Torta,1,3.0,3.0,Nequi/Daviplata,Para llevar,2023-11-16
TXN_2799785,Jugo,1,3.0,3.0,Efectivo,,2023-01-25
TXN_4466681,,ERROR,2.0,4.0,Efectivo,Para llevar,2023-01-12
TXN_9292025,,2,5.0,10.0,Nequi/Daviplata,Restaurante,2023-03-25
TXN_8155535,Torta,1,3.0,3.0,,Para llevar,2023-03-13
TXN_5301926,Torta,1,3.0,3.0,Nequi/Daviplata,Para llevar,2023-11-13
TXN_3307518,Jugo,5,3.0,,Efectivo,Para llevar,DESCONOCIDO
TXN_2379467,Café,5,2.0,10.0,,,2023-04-01
TXN_1837617,Jugo,3,3.0,9.0,,,2023-01-16
TXN_3454881,Ensalada,1,5.0,5.0,Efectivo,Restaurante,2023-11-29
TXN_4472969,Jugo,1,3.0,3.0,Tarjeta Crédito,,2023-09-15
TXN_1905459,Granizado,3,4.0,12.0,Nequi/Daviplata,,2023-08-18
TXN_8799945,Café,2,,4.0,Efectivo,,2023-11-24
TXN_4361614,Granizado,2,4.0,8.0,,Para llevar,2023-04-28
TXN_1665056,Ensalada,5,5.0,25.0,Efectivo,,2023-01-05
TXN_2904046,Granizado,1,4.0,4.0,Tarjeta Crédito,Restaurante,2023-12-11
TXN_9743274,Te,5,1.5,7.5,,ERROR,2023-01-25
TXN_5518232,Ensalada,3,5.0,15.0,,Para llevar,2023-05-01
TXN_3770267,Torta,2,3.0,6.0,,DESCONOCIDO,2023-10-21
TXN_7177709,Jugo,5,,15.0,,Para llevar,2023-03-08
TXN_6246494,Café,3,ERROR,6.0,,Restaurante,2023-03-31
TXN_6540200,Te,2,1.5,3.0,Nequi/Daviplata,Restaurante,2023-10-23
TXN_7486118,Sandwich,4,4.0,16.0,,Para llevar,2023-05-22
TXN_5424614,Torta,1,3.0,3.0,,Restaurante,2023-11-12
TXN_6271598,Jugo,5,3.0,15.0,Efectivo,,2023-08-18
TXN_7562313,Torta,2,3.0,6.0,,ERROR,2023-12-15
TXN_9188774,Te,1,1.5,1.5,Nequi/Daviplata,Para llevar,2023-04-14
TXN_9685716,Galleta,2,1.0,2.0,Nequi/Daviplata,,2023-02-26
TXN_7493800,Torta,5,3.0,15.0,Tarjeta Crédito,Para llevar,2023-08-16
TXN_6833564,Granizado,5,4.0,20.0,,,2023-04-21
TXN_9411395,Café,5,2.0,10.0,,,2023-05-12
TXN_8413251,Sandwich,3,4.0,12.0,Efectivo,Para llevar,2023-08-18
TXN_6990331,Jugo,1,3.0,3.0,Nequi/Daviplata,,2023-07-30
TXN_6007721,DESCONOCIDO,4,4.0,16.0,Efectivo,Restaurante,2023-08-21
TXN_2107161,Galleta,4,1.0,4.0,Tarjeta Crédito,,DESCONOCIDO
TXN_2715086,Jugo,2,3.0,6.0,Efectivo,,2023-11-03
TXN_1444932,Granizado,1,4.0,4.0,Efectivo,Restaurante,2023-05-24
TXN_2747156,Galleta,1,1.0,1.0,,Restaurante,2023-01-29
TXN_6901094,Ensalada,1,5.0,5.0,Efectivo,Restaurante,ERROR
TXN_5065748,Torta,5,3.0,15.0,Tarjeta Crédito,Restaurante,2023-07-19
TXN_8014645,Torta,2,3.0,6.0,Efectivo,Para llevar,2023-07-06
TXN_2910247,Granizado,4,4.0,16.0,Nequi/Daviplata,,2023-12-02
TXN_2111973,Te,4,1.5,6.0,Nequi/Daviplata,Restaurante,DESCONOCIDO
TXN_3251591,Sandwich,DESCONOCIDO,4.0,12.0,DESCONOCIDO,Para llevar,2023-01-26
TXN_4549977,Galleta,1,1.0,1.0,Efectivo,,2023-08-21
TXN_1736294,Café,3,2.0,6.0,Nequi/Daviplata,,2023-09-06
TXN_1698600,Ensalada,4,5.0,20.0,Efectivo,Para llevar,2023-07-31
TXN_3463568,Ensalada,2,5.0,10.0,Nequi/Daviplata,Restaurante,2023-04-12
TXN_6773319,Te,4,1.5,,,Para llevar,2023-05-03
TXN_5504920,Torta,5,ERROR,15.0,Efectivo,Para llevar,2023-09-30
TXN_8392086,Granizado,4,4.0,16.0,,,2023-07-12
TXN_9968926,Jugo,2,3.0,6.0,Nequi/Daviplata,Para llevar,2023-03-15
TXN_4719069,Jugo,2,3.0,6.0,Nequi/Daviplata,,2023-01-04
TXN_3809941,Galleta,4,1.0,4.0,Tarjeta Crédito,,2023-11-01
TXN_1935119,Café,4,2.0,8.0,Tarjeta Crédito,Para llevar,2023-07-15
TXN_8246369,Jugo,1,3.0,DESCONOCIDO,Tarjeta Crédito,,2023-10-16
TXN_2009782,Ensalada,5,5.0,25.0,Tarjeta Crédito,ERROR,2023-05-11
TXN_4635230,Sandwich,3,4.0,12.0,,Restaurante,2023-06-10
TXN_9583176,Galleta,5,1.0,5.0,,Restaurante,2023-05-03
TXN_6784478,Galleta,2,1.0,2.0,Tarjeta Crédito,Para llevar,2023-12-21
TXN_9349471,Café,3,2.0,6.0,Nequi/Daviplata,,DESCONOCIDO
TXN_3866162,Torta,5,3.0,15.0,Efectivo,Para llevar,2023-06-08
TXN_7612056,Galleta,5,1.0,5.0,Tarjeta Crédito,,2023-03-08
TXN_5349355,,2,5.0,10.0,Nequi/Daviplata,Restaurante,2023-05-10
TXN_9259900,Ensalada,4,5.0,20.0,Nequi/Daviplata,,2023-08-07
TXN_4650834,Ensalada,3,5.0,15.0,Nequi/Daviplata,Para llevar,2023-07-14
TXN_6576987,Ensalada,3,ERROR,15.0,Tarjeta Crédito,Para llevar,2023-03-12
TXN_1192970,Café,2,2.0,4.0,Nequi/Daviplata,Para llevar,2023-06-17
TXN_7645464,Te,5,1.5,7.5,Efectivo,Para llevar,2023-08-17
TXN_4205860,Ensalada,5,5.0,25.0,,,2023-09-10
TXN_9495855,Jugo,2,3.0,6.0,Efectivo,Restaurante,2023-04-18
TXN_5712248,Sandwich,5,4.0,20.0,,Para llevar,2023-03-02
TXN_4582966,Jugo,2,3.0,6.0,,,2023-10-28
TXN_4203885,Te,3,1.5,4.5,Efectivo,,2023-05-11
TXN_1887083,Jugo,1,3.0,3.0,Nequi/Daviplata,,2023-05-05
TXN_5602640,Granizado,5,4.0,20.0,,Para llevar,2023-04-01
TXN_8285410,Café,4,2.0,8.0,Tarjeta Crédito,,2023-09-10
TXN_5654663,Jugo,ERROR,3.0,3.0,ERROR,Para llevar,2023-07-31
TXN_6687699,Ensalada,4,5.0,20.0,Efectivo,Restaurante,2023-09-11
TXN_4331281,Torta,ERROR,3.0,9.0,Nequi/Daviplata,Para llevar,2023-02-03
TXN_2390146,Café,3,2.0,6.0,,,2023-06-24
TXN_9478033,Torta,2,3.0,6.0,,Restaurante,2023-04-08
TXN_8546777,Torta,4,3.0,12.0,,Restaurante,2023-03-16
TXN_6433362,Galleta,2,1.0,2.0,Efectivo,Restaurante,2023-12-07
TXN_4991594,Granizado,2,4.0,8.0,Tarjeta Crédito,Restaurante,2023-12-08
TXN_9016451,Galleta,3,1.0,3.0,,,2023-10-16
TXN_3516296,Sandwich,3,4.0,12.0,,Restaurante,2023-05-29
TXN_9464961,Sandwich,4,4.0,,Efectivo,Restaurante,2023-11-23
TXN_7445257,Café,1,2.0,2.0,,,2023-04-02
TXN_4463677,Ensalada,5,5.0,25.0,Nequi/Daviplata,Restaurante,2023-02-27
TXN_4886990,Ensalada,3,5.0,15.0,,Para llevar,2023-12-17
TXN_4962147,Torta,2,3.0,6.0,,,2023-02-07
TXN_5575420,Granizado,3,4.0,12.0,ERROR,Restaurante,2023-06-26
TXN_1687822,Ensalada,4,5.0,20.0,Tarjeta Crédito,Para llevar,ERROR
TXN_3628566,Café,5,2.0,10.0,,,2023-08-17
TXN_5297746,Café,3,2.0,6.0,Tarjeta Crédito,Restaurante,2023-07-11
TXN_5230719,Torta,5,3.0,15.0,Tarjeta Crédito,,2023-03-23
TXN_9244886,Café,1,2.0,2.0,,Para llevar,2023-02-09
TXN_8145813,Jugo,4,3.0,12.0,Nequi/Daviplata,Restaurante,2023-02-10
TXN_4179797,Te,2,1.5,3.0,,,2023-11-06
TXN_7485379,Jugo,1,3.0,3.0,Tarjeta Crédito,,2023-03-27
TXN_3171150,ERROR,1,3.0,3.0,Nequi/Daviplata,,2023-02-06
TXN_7988991,Te,4,1.5,6.0,Nequi/Daviplata,Restaurante,DESCONOCIDO
TXN_3801485,Café,5,2.0,10.0,Tarjeta Crédito,Restaurante,2023-11-10
TXN_2312908,Café,3,2.0,6.0,Efectivo,Restaurante,2023-02-07
TXN_6826342,,2,3.0,6.0,Tarjeta Crédito,,2023-03-30
TXN_3620213,Café,2,2.0,4.0,Tarjeta Crédito,Restaurante,2023-09-09
TXN_4030181,Granizado,5,4.0,20.0,Tarjeta Crédito,ERROR,2023-09-20
TXN_1664563,Granizado,3,4.0,12.0,Efectivo,,2023-04-28
TXN_2002730,Granizado,2,4.0,8.0,DESCONOCIDO,Para llevar,2023-09-27
TXN_9662827,Te,1,1.5,1.5,ERROR,DESCONOCIDO,2023-09-30
TXN_9579691,Galleta,5,1.0,5.0,Tarjeta Crédito,Restaurante,2023-01-16
TXN_4131020,Sandwich,2,4.0,8.0,Tarjeta Crédito,,2023-06-15
TXN_3462602,Torta,3,3.0,9.0,Tarjeta Crédito,Restaurante,2023-08-27
TXN_1149624,Torta,3,3.0,ERROR,,,2023-09-14
TXN_2628157,Café,DESCONOCIDO,2.0,8.0,Nequi/Daviplata,,2023-10-26
TXN_9152120,Sandwich,4,4.0,16.0,Efectivo,Para llevar,2023-03-28
TXN_9018195,Torta,5,3.0,15.0,Efectivo,,2023-10-07
TXN_7799711,Granizado,5,DESCONOCIDO,20.0,Nequi/Daviplata,Para llevar,2023-12-03
TXN_6697374,Granizado,2,4.0,8.0,,,2023-07-31
TXN_9014681,DESCONOCIDO,,4.0,12.0,DESCONOCIDO,Restaurante,2023-01-03
TXN_4366417,Sandwich,3,4.0,12.0,,Para llevar,2023-10-10
TXN_3930313,Galleta,3,1.0,3.0,Tarjeta Crédito,Para llevar,ERROR
TXN_7511351,Te,4,1.5,6.0,Efectivo,Para llevar,2023-10-07
TXN_5205595,Jugo,1,3.0,3.0,ERROR,Restaurante,2023-03-01
TXN_8276063,Café,1,2.0,2.0,Tarjeta Crédito,,2023-01-06
TXN_1020478,Café,1,2.0,2.0,Nequi/Daviplata,Para llevar,2023-03-09
TXN_5176767,Granizado,4,4.0,16.0,,Para llevar,2023-05-03
TXN_6043396,Sandwich,3,4.0,12.0,,Restaurante,2023-10-07
TXN_4975029,Granizado,4,4.0,16.0,Efectivo,Restaurante,2023-04-23
TXN_9493077,Torta,4,3.0,12.0,Tarjeta Crédito,,2023-01-10
TXN_3493771,Torta,2,3.0,6.0,,,2023-02-13
TXN_8640673,Jugo,2,3.0,6.0,Efectivo,Restaurante,2023-09-11
TXN_4793771,Torta,4,3.0,12.0,Efectivo,,2023-12-26
TXN_8107005,Jugo,3,3.0,9.0,,,2023-09-15
TXN_7857126,Galleta,4,1.0,4.0,Efectivo,Para llevar,2023-08-21
TXN_2940613,Jugo,4,3.0,12.0,Efectivo,,2023-06-28
TXN_2407379,Granizado,4,4.0,16.0,Nequi/Daviplata,,2023-03-13
TXN_3376952,Te,2,,3.0,ERROR,Para llevar,2023-10-23
TXN_4083004,Sandwich,5,4.0,20.0,,Para llevar,2023-03-06
TXN_3635628,Sandwich,3,4.0,12.0,Nequi/Daviplata,Restaurante,2023-10-28
TXN_3554772,Te,3,1.5,4.5,Tarjeta Crédito,,2023-10-06
TXN_9454387,Ensalada,2,5.0,10.0,Efectivo,Para llevar,2023-01-02
TXN_9660362,Torta,2,3.0,6.0,Tarjeta Crédito,Para llevar,2023-08-16
TXN_9281939,ERROR,3,1.5,4.5,Efectivo,Restaurante,2023-05-22
TXN_2347248,Ensalada,1,5.0,5.0,Tarjeta Crédito,ERROR,2023-11-11
TXN_3732426,Sandwich,2,4.0,8.0,Nequi/Daviplata,ERROR,2023-03-07
TXN_8675558,Te,5,1.5,7.5,,Restaurante,2023-05-23
TXN_1963345,Granizado,4,4.0,16.0,,Restaurante,2023-10-12
TXN_6332405,Jugo,3,3.0,9.0,Nequi/Daviplata,Para llevar,2023-12-03
TXN_8946323,Te,2,ERROR,3.0,Efectivo,,2023-08-23
TXN_1529961,Granizado,4,4.0,16.0,Tarjeta Crédito,DESCONOCIDO,2023-09-29
TXN_8860052,Torta,5,3.0,15.0,Tarjeta Crédito,Para llevar,2023-07-18
TXN_6732833,Ensalada,1,5.0,5.0,Nequi/Daviplata,Restaurante,2023-07-21
TXN_1983705,,3,3.0,9.0,Efectivo,Para llevar,ERROR
TXN_6232398,Jugo,2,3.0,6.0,Efectivo,Restaurante,2023-07-05
TXN_2391245,ERROR,4,2.0,8.0,Nequi/Daviplata,Restaurante,2023-04-13
TXN_7670296,Jugo,2,3.0,6.0,Efectivo,Para llevar,2023-01-25
TXN_6128086,Te,4,,6.0,Nequi/Daviplata,Para llevar,2023-12-26
TXN_1141405,Galleta,1,1.0,1.0,,,ERROR
TXN_4898346,Granizado,2,4.0,8.0,Efectivo,,2023-05-07
TXN_2807324,Sandwich,2,4.0,8.0,Efectivo,,2023-11-13
TXN_4428486,Granizado,1,4.0,4.0,DESCONOCIDO,,2023-07-28
TXN_4430772,Café,5,2.0,10.0,Tarjeta Crédito,,2023-01-11
TXN_7251108,ERROR,DESCONOCIDO,3.0,9.0,Tarjeta Crédito,Restaurante,2023-10-04
TXN_3987718,Te,4,1.5,6.0,,,2023-12-24
TXN_6658070,Jugo,2,3.0,6.0,Efectivo,Para llevar,2023-11-03
TXN_6007437,Jugo,1,3.0,3.0,Tarjeta Crédito,,2023-11-22
TXN_6030518,Sandwich,3,4.0,12.0,ERROR,Restaurante,2023-12-20
TXN_4228838,Café,5,2.0,10.0,Tarjeta Crédito,Para llevar,2023-09-22
TXN_3303518,Jugo,4,3.0,12.0,,Restaurante,2023-06-30
TXN_9719921,Ensalada,5,5.0,25.0,Tarjeta Crédito,,2023-07-28
TXN_1272118,Galleta,4,1.0,4.0,Tarjeta Crédito,Para llevar,2023-04-21
TXN_4060215,Ensalada,3,5.0,15.0,Tarjeta Crédito,Restaurante,2023-01-12
TXN_2569119,Jugo,1,3.0,3.0,Tarjeta Crédito,Para llevar,2023-08-04
TXN_2894945,Café,2,2.0,4.0,,,2023-02-28
TXN_7992512,Sandwich,5,4.0,20.0,Tarjeta Crédito,Restaurante,2023-07-17
TXN_2771512,ERROR,4,3.0,12.0,Nequi/Daviplata,Para llevar,2023-12-23
TXN_6109953,ERROR,3,3.0,9.0,Nequi/Daviplata,Para llevar,2023-04-22
TXN_5728193,Sandwich,1,4.0,4.0,Tarjeta Crédito,Restaurante,DESCONOCIDO
TXN_2417271,Te,4,1.5,6.0,Tarjeta Crédito,Para llevar,2023-02-01
TXN_8156455,Torta,2,3.0,6.0,Efectivo,,2023-02-12
TXN_7063005,Torta,1,3.0,3.0,,,2023-01-18
TXN_9425096,Granizado,5,4.0,20.0,Tarjeta Crédito,Restaurante,2023-06-12
TXN_6236737,Jugo,5,3.0,15.0,Efectivo,Restaurante,2023-03-19
TXN_9691364,Galleta,3,1.0,3.0,Tarjeta Crédito,Restaurante,2023-03-02
TXN_4688280,DESCONOCIDO,1,1.5,1.5,,,2023-02-16
TXN_1770648,Sandwich,4,4.0,16.0,Tarjeta Crédito,,2023-09-30
TXN_1524602,DESCONOCIDO,3,2.0,6.0,Efectivo,Para llevar,2023-05-11
TXN_5289658,Granizado,2,4.0,8.0,Nequi/Daviplata,Para llevar,
TXN_2602732,Ensalada,4,5.0,20.0,Nequi/Daviplata,DESCONOCIDO,2023-06-09
TXN_5132482,Jugo,2,3.0,6.0,Nequi/Daviplata,Restaurante,2023-12-21
TXN_3281605,DESCONOCIDO,1,1.5,1.5,,Para llevar,2023-07-27
TXN_9969836,Galleta,5,1.0,5.0,Nequi/Daviplata,Para llevar,2023-04-06
TXN_7938279,Te,3,1.5,4.5,Efectivo,Para llevar,2023-03-17
TXN_8712307,,5,3.0,15.0,Efectivo,Restaurante,2023-04-10
TXN_8595386,Galleta,4,1.0,4.0,Tarjeta Crédito,ERROR,2023-08-04
TXN_6398450,Te,2,1.5,3.0,Nequi/Daviplata,Restaurante,2023-11-19
TXN_3042552,DESCONOCIDO,1,3.0,3.0,Efectivo,,2023-09-08
TXN_7084298,Torta,3,3.0,9.0,,Para llevar,2023-02-18
TXN_8384428,Galleta,1,1.0,1.0,Nequi/Daviplata,Restaurante,2023-08-11
TXN_6541329,Galleta,2,1.0,2.0,Efectivo,Para llevar,2023-09-28
TXN_7667139,Sandwich,3,4.0,12.0,Tarjeta Crédito,Para llevar,2023-12-05
TXN_1268811,Ensalada,1,5.0,5.0,,,2023-01-04
TXN_9190025,Te,4,1.5,6.0,Nequi/Daviplata,DESCONOCIDO,DESCONOCIDO
TXN_5056808,Jugo,1,3.0,DESCONOCIDO,Tarjeta Crédito,,2023-02-25
TXN_9191048,Torta,5,3.0,15.0,Nequi/Daviplata,ERROR,2023-09-18
TXN_5105810,Galleta,5,,5.0,DESCONOCIDO,Para llevar,2023-01-17
TXN_3272613,Galleta,2,1.0,2.0,Efectivo,,2023-03-30
TXN_3690903,Café,3,2.0,6.0,,Restaurante,2023-10-22
TXN_1938413,Granizado,4,4.0,16.0,Nequi/Daviplata,,2023-04-01
TXN_1396019,Café,4,2.0,8.0,Efectivo,Restaurante,2023-12-03
TXN_6989000,Te,2,1.5,3.0,,Para llevar,2023-02-24
TXN_4811225,Te,5,1.5,7.5,Efectivo,Para llevar,2023-11-01
TXN_2193333,Café,4,2.0,8.0,,Para llevar,2023-07-21
TXN_4564220,Te,1,1.5,1.5,Nequi/Daviplata,Para llevar,2023-05-09
TXN_5414186,Granizado,1,4.0,4.0,Tarjeta Crédito,Para llevar,2023-04-24
TXN_1740742,Te,4,1.5,6.0,Nequi/Daviplata,Restaurante,2023-10-06
TXN_2547084,Sandwich,1,4.0,4.0,Efectivo,,2023-12-16
TXN_8879936,Torta,5,3.0,15.0,,Para llevar,2023-07-25
TXN_1605677,Te,5,1.5,7.5,ERROR,,2023-01-15
TXN_6070787,Sandwich,3,4.0,12.0,,Restaurante,2023-02-26
TXN_3441457,Ensalada,2,ERROR,10.0,Nequi/Daviplata,,2023-10-20
TXN_1236759,Café,1,2.0,2.0,Tarjeta Crédito,Restaurante,2023-01-26
TXN_9239309,Ensalada,4,5.0,ERROR,ERROR,,DESCONOCIDO
TXN_7196144,Granizado,3,4.0,12.0,,,2023-03-28
TXN_3981406,Ensalada,4,5.0,20.0,,,2023-04-17
TXN_2152054,Torta,2,3.0,6.0,Nequi/Daviplata,,2023-05-11
TXN_9339037,Galleta,2,1.0,2.0,,Para llevar,2023-07-21
TXN_7308629,Ensalada,4,5.0,20.0,ERROR,Para llevar,2023-11-24
TXN_9407636,Granizado,4,4.0,16.0,Efectivo,,2023-10-01
TXN_4755860,Jugo,5,3.0,15.0,Nequi/Daviplata,Restaurante,2023-10-28
TXN_6118079,Café,1,2.0,2.0,DESCONOCIDO,Para llevar,2023-07-01
TXN_6415784,Ensalada,3,5.0,15.0,,,2023-08-16
TXN_1755817,Ensalada,5,5.0,25.0,Nequi/Daviplata,Para llevar,2023-07-17
TXN_4417326,Sandwich,3,4.0,12.0,Nequi/Daviplata,,DESCONOCIDO
TXN_2090061,Granizado,4,4.0,DESCONOCIDO,,,2023-06-23
TXN_8128656,Granizado,5,4.0,20.0,,Restaurante,2023-04-24
TXN_6714749,Sandwich,1,4.0,4.0,Tarjeta Crédito,Para llevar,2023-08-02
TXN_1103495,Jugo,1,3.0,3.0,Efectivo,Para llevar,DESCONOCIDO
TXN_8099424,Torta,4,3.0,12.0,,Para llevar,2023-04-02
TXN_5103036,Jugo,2,3.0,6.0,DESCONOCIDO,Para llevar,2023-12-04
TXN_6013024,Jugo,3,3.0,9.0,Tarjeta Crédito,Para llevar,2023-09-06
TXN_8065852,Sandwich,1,4.0,4.0,Tarjeta Crédito,Restaurante,2023-07-17
TXN_2035283,ERROR,3,4.0,12.0,,,2023-01-14
TXN_3695238,Ensalada,5,5.0,25.0,Efectivo,Para llevar,2023-04-20
TXN_1336727,Granizado,2,,8.0,,Restaurante,2023-10-18
TXN_5724548,Torta,5,3.0,15.0,,,2023-08-12
TXN_3521791,Café,1,2.0,2.0,,Para llevar,2023-06-11
TXN_2678484,Café,1,2.0,2.0,DESCONOCIDO,,2023-03-27
TXN_6696619,Torta,3,3.0,9.0,,Para llevar,2023-03-19
TXN_2734718,Te,2,1.5,3.0,,DESCONOCIDO,2023-08-16
TXN_7465693,,DESCONOCIDO,4.0,12.0,Nequi/Daviplata,,2023-09-04
TXN_8241649,Te,5,1.5,7.5,ERROR,,2023-03-15
TXN_6125646,Galleta,2,1.0,2.0,,,2023-06-12
TXN_8639973,Galleta,5,1.0,5.0,,,2023-07-06
TXN_1349640,Jugo,2,3.0,6.0,Tarjeta Crédito,Restaurante,2023-06-17
TXN_3719842,Torta,3,3.0,9.0,Efectivo,DESCONOCIDO,2023-05-05
TXN_3863940,Ensalada,2,5.0,10.0,,,2023-06-18
TXN_9660030,Torta,5,3.0,15.0,Tarjeta Crédito,Restaurante,2023-11-24
TXN_9649503,Torta,1,3.0,3.0,Tarjeta Crédito,Para llevar,2023-01-02
TXN_6618160,Te,5,1.5,7.5,Efectivo,Para llevar,2023-03-13
TXN_9121241,Sandwich,5,4.0,20.0,,Para llevar,2023-03-18
TXN_4419474,Jugo,2,3.0,6.0,,Restaurante,2023-02-04
TXN_5639485,Galleta,3,1.0,3.0,Tarjeta Crédito,,2023-07-02
TXN_9997263,Galleta,2,1.0,2.0,,,2023-03-05
TXN_4590013,Te,5,1.5,7.5,Efectivo,Para llevar,2023-04-19
TXN_4958354,Sandwich,4,DESCONOCIDO,16.0,Tarjeta Crédito,Para llevar,2023-05-01
TXN_9240476,Café,5,2.0,10.0,DESCONOCIDO,,2023-04-29
TXN_2457961,Café,2,2.0,4.0,Tarjeta Crédito,Restaurante,2023-06-08
TXN_6494145,Galleta,2,1.0,2.0,Efectivo,,2023-08-18
TXN_2142941,Galleta,5,1.0,5.0,Nequi/Daviplata,,2023-11-03
TXN_2405666,ERROR,2,3.0,6.0,Efectivo,Para llevar,2023-04-20
TXN_4125871,Jugo,4,3.0,12.0,,,2023-12-16
TXN_7102166,Café,4,2.0,8.0,,,2023-12-08
TXN_1492585,Sandwich,ERROR,4.0,12.0,Efectivo,Para llevar,2023-01-17
TXN_2208949,Torta,4,3.0,12.0,Efectivo,Para llevar,2023-08-05
TXN_9815454,Jugo,5,3.0,15.0,Nequi/Daviplata,,2023-12-05
TXN_6806968,Galleta,4,1.0,4.0,Efectivo,Para llevar,2023-07-03
TXN_3751420,Sandwich,5,4.0,20.0,,Para llevar,2023-11-20
TXN_3439155,Ensalada,3,5.0,15.0,,Para llevar,2023-07-30
TXN_5564198,Torta,4,3.0,12.0,Efectivo,,2023-06-06
TXN_3446643,Granizado,1,4.0,4.0,,,2023-06-01
TXN_1770073,Galleta,2,1.0,2.0,,Para llevar,2023-12-03
TXN_7328209,Sandwich,3,4.0,12.0,Tarjeta Crédito,,2023-03-01
TXN_4252608,Jugo,3,3.0,9.0,Tarjeta Crédito,Restaurante,2023-08-23
TXN_7221831,Café,3,2.0,6.0,Tarjeta Crédito,ERROR,2023-03-26
TXN_4548565,Jugo,4,3.0,12.0,,Restaurante,2023-02-17
TXN_7400015,Jugo,4,ERROR,12.0,Efectivo,,2023-01-27
TXN_4749986,Te,5,1.5,7.5,,Para llevar,2023-05-26
TXN_1917336,Sandwich,3,4.0,12.0,Efectivo,Restaurante,2023-04-12
TXN_5238755,Galleta,3,1.0,3.0,DESCONOCIDO,Para llevar,2023-06-01
TXN_1822234,Ensalada,2,ERROR,10.0,Efectivo,,2023-10-15
TXN_1342487,Jugo,3,3.0,9.0,Tarjeta Crédito,,2023-09-21
TXN_7413282,Torta,5,3.0,15.0,,,2023-10-13
TXN_5713298,Granizado,2,4.0,8.0,Tarjeta Crédito,,2023-07-14
TXN_3045673,Granizado,3,4.0,12.0,Nequi/Daviplata,,2023-06-24
TXN_2662720,Jugo,5,3.0,15.0,,,2023-09-18
TXN_8966922,Jugo,4,3.0,12.0,,Para llevar,2023-11-10
TXN_7311815,Galleta,4,1.0,4.0,,Para llevar,2023-05-11
TXN_8211198,Jugo,3,3.0,9.0,Tarjeta Crédito,,2023-01-24
TXN_6476719,Jugo,5,3.0,15.0,Efectivo,Para llevar,2023-06-04
TXN_1556480,Te,5,1.5,,,,2023-02-06
TXN_3009994,DESCONOCIDO,5,1.0,5.0,Tarjeta Crédito,Restaurante,2023-09-13
TXN_8992377,Torta,4,,12.0,Tarjeta Crédito,Para llevar,2023-07-12
TXN_5504130,Torta,3,3.0,9.0,DESCONOCIDO,,2023-06-24
TXN_7153455,Café,4,2.0,8.0,Nequi/Daviplata,Para llevar,2023-07-02
TXN_8821579,Granizado,4,4.0,16.0,,Para llevar,2023-12-06
TXN_6873127,Galleta,1,1.0,1.0,DESCONOCIDO,Restaurante,2023-02-02
TXN_9923952,Galleta,4,1.0,4.0,,Para llevar,2023-08-08
TXN_7383137,Café,2,2.0,4.0,Tarjeta Crédito,Restaurante,2023-12-02
TXN_4766317,Galleta,2,1.0,2.0,,Para llevar,2023-09-23
TXN_6335297,Torta,3,3.0,9.0,,,2023-10-16
TXN_9334593,Sandwich,3,4.0,12.0,Efectivo,,2023-04-23
TXN_2441029,Torta,5,3.0,15.0,Efectivo,Restaurante,2023-05-18
TXN_8260461,Galleta,2,ERROR,2.0,Nequi/Daviplata,,2023-10-29
TXN_4801947,Jugo,1,3.0,3.0,Nequi/Daviplata,Para llevar,2023-01-01
TXN_4323120,Café,5,2.0,10.0,,,2023-08-29
TXN_5947264,Ensalada,1,5.0,5.0,,Restaurante,2023-03-07
TXN_9072628,Ensalada,4,5.0,20.0,Nequi/Daviplata,ERROR,2023-12-29
TXN_8282744,Te,2,1.5,3.0,,Para llevar,2023-06-16
TXN_2547156,Galleta,3,1.0,3.0,Nequi/Daviplata,Para llevar,2023-08-18
TXN_2428781,Ensalada,ERROR,5.0,DESCONOCIDO,,Restaurante,2023-05-09
TXN_8621278,Ensalada,2,5.0,10.0,Efectivo,Para llevar,2023-02-01
TXN_2616353,Granizado,3,4.0,12.0,Efectivo,Para llevar,2023-06-24
TXN_9731999,Sandwich,ERROR,4.0,16.0,,Para llevar,2023-11-26
TXN_3608237,Ensalada,1,5.0,5.0,Nequi/Daviplata,Para llevar,2023-11-26
TXN_2423167,Torta,3,3.0,9.0,Nequi/Daviplata,Para llevar,2023-06-29
TXN_5742202,Ensalada,2,5.0,10.0,Efectivo,Para llevar,DESCONOCIDO
TXN_6695451,Ensalada,1,5.0,5.0,Tarjeta Crédito,ERROR,2023-07-28
TXN_6098702,Café,3,2.0,6.0,Tarjeta Crédito,ERROR,2023-10-15
TXN_8972184,Jugo,ERROR,3.0,12.0,,,2023-08-17
TXN_2010507,Torta,3,3.0,9.0,,,2023-05-23
TXN_1390754,Torta,2,3.0,6.0,,Para llevar,2023-11-08
TXN_4925291,Granizado,2,4.0,,Nequi/Daviplata,,2023-09-22
TXN_8345383,Te,5,1.5,7.5,,Para llevar,2023-10-14
TXN_3910293,Torta,4,3.0,12.0,Efectivo,Restaurante,2023-01-30
TXN_4696969,Ensalada,1,5.0,5.0,Tarjeta Crédito,,2023-09-29
TXN_4568379,Galleta,3,1.0,3.0,Nequi/Daviplata,Restaurante,2023-05-28
TXN_8745942,Galleta,3,1.0,3.0,Efectivo,ERROR,2023-05-03
TXN_1827937,Café,1,2.0,2.0,,Para llevar,DESCONOCIDO
TXN_2496907,Café,2,2.0,4.0,Tarjeta Crédito,,2023-11-28
TXN_3043371,Granizado,1,4.0,4.0,DESCONOCIDO,,2023-12-04
TXN_2687149,Café,5,2.0,10.0,,,2023-03-24
TXN_9752207,Sandwich,4,4.0,16.0,,Restaurante,2023-10-15
TXN_7223850,Ensalada,2,5.0,10.0,Tarjeta Crédito,,2023-02-05
TXN_5421917,Te,5,1.5,7.5,,,2023-05-03
TXN_3812053,Café,5,2.0,10.0,,Restaurante,2023-04-03
TXN_8437195,Torta,1,3.0,3.0,Efectivo,,2023-12-10
TXN_3880494,Sandwich,4,4.0,16.0,Efectivo,Para llevar,2023-12-17
TXN_2755642,Torta,,3.0,9.0,Nequi/Daviplata,Restaurante,2023-03-24
TXN_9320353,Ensalada,5,5.0,25.0,Efectivo,Restaurante,2023-01-10
TXN_8837015,Jugo,3,3.0,9.0,Tarjeta Crédito,Restaurante,2023-06-11
TXN_1856538,Café,3,2.0,6.0,Efectivo,,2023-11-01
TXN_2933439,Ensalada,4,5.0,20.0,Nequi/Daviplata,,2023-04-14
TXN_2667131,Sandwich,2,4.0,8.0,Tarjeta Crédito,Para llevar,2023-10-10
TXN_5536056,Granizado,3,4.0,12.0,Nequi/Daviplata,Para llevar,2023-12-22
TXN_3846628,Jugo,1,3.0,3.0,,Para llevar,2023-10-16
TXN_9043894,Torta,1,3.0,3.0,Nequi/Daviplata,,2023-07-28
TXN_9354349,Jugo,1,DESCONOCIDO,3.0,Tarjeta Crédito,,2023-02-12
TXN_3655950,Galleta,1,1.0,1.0,,Restaurante,2023-11-25
TXN_4483585,Granizado,5,4.0,20.0,,Para llevar,2023-12-26
TXN_2332364,Torta,2,3.0,6.0,Tarjeta Crédito,,2023-08-10
TXN_5878649,Ensalada,3,5.0,15.0,DESCONOCIDO,Para llevar,2023-02-15
TXN_2716940,Café,1,2.0,2.0,,,2023-11-27
TXN_2496249,Jugo,4,3.0,12.0,Efectivo,Para llevar,ERROR
TXN_9020641,Torta,4,3.0,12.0,Tarjeta Crédito,Restaurante,2023-06-27
TXN_5931551,Sandwich,4,4.0,,,Restaurante,2023-03-28
TXN_5812552,Torta,1,DESCONOCIDO,3.0,,,2023-09-17
TXN_8899417,,3,5.0,15.0,Nequi/Daviplata,,DESCONOCIDO
TXN_2259102,Sandwich,2,4.0,ERROR,,,2023-02-19
TXN_7041367,Galleta,4,1.0,4.0,,ERROR,2023-01-04
TXN_1005377,Torta,5,DESCONOCIDO,15.0,Nequi/Daviplata,Para llevar,2023-06-03
TXN_7262554,Ensalada,3,5.0,15.0,Tarjeta Crédito,,2023-07-08
TXN_9705971,Jugo,2,3.0,6.0,Tarjeta Crédito,Para llevar,2023-09-02
TXN_4809626,Café,5,2.0,10.0,Efectivo,Para llevar,2023-02-18
TXN_5171248,Torta,5,3.0,15.0,Nequi/Daviplata,Restaurante,2023-06-14
TXN_2201235,Te,1,1.5,1.5,Nequi/Daviplata,,2023-12-17
TXN_2907979,Jugo,3,3.0,9.0,Efectivo,,2023-06-18
TXN_7229918,Café,2,ERROR,4.0,Nequi/Daviplata,Para llevar,2023-03-24
TXN_5179245,Jugo,3,3.0,9.0,Tarjeta Crédito,,2023-04-17
TXN_5010968,Granizado,2,4.0,8.0,Nequi/Daviplata,,2023-12-03
TXN_6294315,Galleta,2,1.0,2.0,Nequi/Daviplata,,2023-04-04
TXN_8487985,Jugo,5,3.0,15.0,,Para llevar,2023-05-09
TXN_8552898,Café,5,2.0,10.0,Tarjeta Crédito,Para llevar,2023-11-06
TXN_1307428,,4,1.5,6.0,Tarjeta Crédito,,
TXN_4787754,Jugo,2,3.0,6.0,Nequi/Daviplata,Para llevar,2023-08-31
TXN_9176533,Torta,3,3.0,9.0,Tarjeta Crédito,,2023-10-14
TXN_1228474,Granizado,4,4.0,DESCONOCIDO,,Restaurante,2023-11-20
TXN_9376428,DESCONOCIDO,1,5.0,5.0,Tarjeta Crédito,Para llevar,2023-10-30
TXN_3678804,,3,2.0,6.0,Nequi/Daviplata,,2023-10-20
TXN_6021363,Sandwich,2,4.0,8.0,Tarjeta Crédito,Para llevar,2023-01-11
TXN_8518812,Galleta,3,1.0,3.0,,Restaurante,2023-06-22
TXN_5573436,Café,1,ERROR,2.0,ERROR,Para llevar,2023-02-22
TXN_3274591,Jugo,5,3.0,15.0,DESCONOCIDO,Para llevar,2023-04-09
TXN_2477650,Galleta,1,1.0,1.0,Efectivo,Para llevar,2023-10-24
TXN_4987376,Te,2,1.5,3.0,Nequi/Daviplata,Para llevar,2023-08-20
TXN_3099819,DESCONOCIDO,4,2.0,8.0,Nequi/Daviplata,Para llevar,DESCONOCIDO
TXN_9196694,Torta,4,3.0,12.0,,Restaurante,2023-03-23
TXN_2735598,Te,5,ERROR,7.5,Tarjeta Crédito,Para llevar,2023-06-30
TXN_7362526,Jugo,1,3.0,3.0,Tarjeta Crédito,Para llevar,2023-09-16
TXN_3584252,Ensalada,,5.0,10.0,Nequi/Daviplata,Para llevar,2023-12-19
TXN_4854751,DESCONOCIDO,3,5.0,15.0,Tarjeta Crédito,,DESCONOCIDO
TXN_6324687,Granizado,1,4.0,4.0,Tarjeta Crédito,Para llevar,2023-03-03
TXN_2716377,Jugo,4,3.0,12.0,Efectivo,,2023-01-03
TXN_4002142,Torta,5,3.0,15.0,,,2023-06-27
TXN_9417438,Ensalada,1,5.0,5.0,ERROR,Restaurante,2023-01-05
TXN_4757873,Te,1,1.5,1.5,Tarjeta Crédito,Restaurante,2023-09-12
TXN_6283718,Granizado,3,4.0,12.0,Nequi/Daviplata,Para llevar,2023-07-20
TXN_2019127,Ensalada,1,5.0,5.0,Efectivo,,2023-08-03
TXN_2007652,Jugo,2,3.0,6.0,Nequi/Daviplata,DESCONOCIDO,2023-12-09
TXN_3048882,Jugo,2,3.0,6.0,Efectivo,Para llevar,2023-12-30
TXN_3241510,Te,5,1.5,7.5,Tarjeta Crédito,ERROR,2023-10-05
TXN_1978239,Ensalada,4,5.0,20.0,,Restaurante,2023-09-20
TXN_3286168,Granizado,5,4.0,20.0,Nequi/Daviplata,,2023-06-25
TXN_5922981,Ensalada,5,5.0,25.0,Nequi/Daviplata,Para llevar,2023-11-10
TXN_4108567,Café,2,2.0,4.0,Efectivo,Para llevar,2023-08-14
TXN_5217434,Café,1,2.0,2.0,,Para llevar,2023-09-22
TXN_6691792,DESCONOCIDO,3,3.0,9.0,,Para llevar,2023-06-21
TXN_4822216,Torta,1,3.0,3.0,,,2023-09-03
TXN_9246986,Te,4,1.5,6.0,Efectivo,Para llevar,2023-09-08
TXN_3931393,Sandwich,2,4.0,8.0,Nequi/Daviplata,,2023-11-18
TXN_1429325,Granizado,2,4.0,8.0,Efectivo,ERROR,2023-04-20
TXN_2888655,Galleta,ERROR,1.0,4.0,Nequi/Daviplata,DESCONOCIDO,2023-12-17
TXN_3648160,Café,5,2.0,10.0,,Para llevar,2023-12-03
TXN_5832513,Jugo,4,3.0,12.0,Efectivo,Restaurante,2023-11-02
TXN_6053755,Galleta,4,1.0,4.0,Nequi/Daviplata,Para llevar,2023-01-18
TXN_4437520,Granizado,3,4.0,12.0,Tarjeta Crédito,,2023-07-28
TXN_4995281,Ensalada,4,5.0,20.0,Tarjeta Crédito,,2023-02-25
TXN_6105807,Granizado,3,ERROR,ERROR,Tarjeta Crédito,Para llevar,2023-01-18
TXN_8384699,DESCONOCIDO,3,DESCONOCIDO,15.0,,Restaurante,2023-12-16
TXN_3549667,Sandwich,ERROR,4.0,12.0,Nequi/Daviplata,Para llevar,2023-01-29
TXN_2566211,Te,2,1.5,3.0,Efectivo,ERROR,2023-09-26
TXN_3206842,DESCONOCIDO,4,5.0,20.0,Efectivo,,2023-04-30
TXN_8970135,Jugo,4,3.0,12.0,,Restaurante,2023-03-26
TXN_3222612,DESCONOCIDO,3,3.0,DESCONOCIDO,Efectivo,Para llevar,2023-01-25
TXN_6361593,Sandwich,4,4.0,16.0,Nequi/Daviplata,Para llevar,2023-08-29
TXN_9375445,Granizado,2,ERROR,8.0,,Restaurante,2023-10-22
TXN_4943552,,5,3.0,15.0,,Para llevar,2023-04-14
TXN_1532390,Te,5,1.5,7.5,Nequi/Daviplata,ERROR,2023-04-08
TXN_8020606,Torta,4,3.0,,,Para llevar,2023-10-10
TXN_2729959,Granizado,4,4.0,16.0,Nequi/Daviplata,Restaurante,2023-02-01
TXN_4582054,,2,5.0,10.0,Nequi/Daviplata,Para llevar,2023-08-27
TXN_2134763,Jugo,3,3.0,9.0,Tarjeta Crédito,Para llevar,2023-03-28
TXN_1633607,Jugo,1,3.0,3.0,Efectivo,Para llevar,2023-03-13
TXN_5124999,Café,5,2.0,10.0,Nequi/Daviplata,,2023-04-11
TXN_7647190,Ensalada,ERROR,5.0,25.0,Tarjeta Crédito,Para llevar,2023-02-22
TXN_3514890,Granizado,5,4.0,20.0,,Restaurante,2023-08-02
TXN_2921765,Te,2,1.5,3.0,Tarjeta Crédito,Para llevar,ERROR
TXN_5845583,Te,4,1.5,6.0,Efectivo,Restaurante,2023-10-19
TXN_6692318,Te,2,1.5,3.0,Efectivo,Restaurante,2023-08-20
TXN_9571019,Café,2,2.0,4.0,Efectivo,Restaurante,2023-06-22
TXN_6451595,Jugo,2,3.0,6.0,Tarjeta Crédito,Para llevar,2023-03-26
TXN_4797429,Ensalada,5,5.0,25.0,Nequi/Daviplata,Restaurante,2023-11-07
TXN_7255755,Sandwich,5,4.0,20.0,,,2023-10-19
TXN_6925284,Jugo,5,3.0,15.0,Nequi/Daviplata,Para llevar,2023-01-21
TXN_2925996,Torta,3,3.0,9.0,Efectivo,Para llevar,2023-04-11
TXN_3944582,Te,5,1.5,7.5,DESCONOCIDO,Restaurante,2023-10-21
TXN_7653452,Sandwich,1,4.0,4.0,Tarjeta Crédito,,DESCONOCIDO
TXN_5750248,Ensalada,4,5.0,20.0,Nequi/Daviplata,Restaurante,2023-07-20
TXN_1020983,Jugo,1,3.0,3.0,Nequi/Daviplata,,2023-03-23
TXN_9072817,Galleta,5,1.0,5.0,,Para llevar,2023-07-18
TXN_1732639,Galleta,4,1.0,4.0,,Restaurante,DESCONOCIDO
TXN_7416196,Granizado,2,4.0,8.0,Efectivo,Restaurante,2023-10-20
TXN_7276452,Café,3,2.0,6.0,Nequi/Daviplata,,2023-06-05
TXN_2610195,Torta,2,3.0,6.0,,,2023-10-25
TXN_7971761,Ensalada,1,5.0,5.0,Tarjeta Crédito,Restaurante,DESCONOCIDO
TXN_9281392,Galleta,2,1.0,2.0,Nequi/Daviplata,,2023-08-06
TXN_8386253,Te,4,1.5,6.0,Efectivo,,2023-05-11
TXN_7995960,Jugo,1,3.0,3.0,Nequi/Daviplata,,2023-01-11
TXN_7663739,Galleta,5,1.0,5.0,Tarjeta Crédito,,2023-03-27
TXN_3936339,,5,3.0,15.0,Nequi/Daviplata,Restaurante,2023-09-08
TXN_7784608,Café,5,2.0,10.0,,,2023-06-01
TXN_7132021,Granizado,2,4.0,8.0,Tarjeta Crédito,Restaurante,ERROR
TXN_6438980,Ensalada,2,5.0,10.0,Tarjeta Crédito,Para llevar,2023-11-10
TXN_2196926,Jugo,2,3.0,6.0,Nequi/Daviplata,DESCONOCIDO,2023-07-27
TXN_9582506,Galleta,2,1.0,2.0,Tarjeta Crédito,,2023-04-28
TXN_2424839,Jugo,4,3.0,12.0,Nequi/Daviplata,Restaurante,2023-09-28
TXN_5215704,Sandwich,5,4.0,20.0,Tarjeta Crédito,,2023-10-31
TXN_1982031,Galleta,4,1.0,4.0,Efectivo,Para llevar,2023-02-03
TXN_3060286,Te,2,1.5,3.0,Efectivo,Para llevar,2023-08-10
TXN_7878231,ERROR,DESCONOCIDO,5.0,5.0,Efectivo,ERROR,2023-05-15
TXN_9329112,Granizado,3,4.0,12.0,,,ERROR
TXN_1643029,Galleta,3,1.0,3.0,,,2023-09-11
TXN_2764625,Te,1,1.5,1.5,Efectivo,Restaurante,2023-12-03
TXN_6086123,Jugo,3,3.0,9.0,Tarjeta Crédito,Para llevar,2023-11-17
TXN_1796259,Jugo,1,3.0,3.0,,Restaurante,2023-04-29
TXN_4078284,Café,1,2.0,2.0,Tarjeta Crédito,,2023-05-14
TXN_4389662,Granizado,1,4.0,4.0,Efectivo,Para llevar,2023-08-09
TXN_1992699,Galleta,2,1.0,2.0,,Para llevar,2023-05-08
TXN_9389300,Ensalada,3,5.0,15.0,Tarjeta Crédito,Para llevar,2023-01-14
TXN_5409951,Café,3,2.0,6.0,,,2023-06-23
TXN_2147448,Café,4,2.0,8.0,Tarjeta Crédito,Restaurante,2023-11-27
TXN_9826170,Jugo,2,3.0,6.0,,,2023-12-06
TXN_4949509,Granizado,4,4.0,16.0,,,2023-04-20
TXN_9857832,Te,3,1.5,4.5,Efectivo,Restaurante,2023-03-31
TXN_5038122,Ensalada,1,5.0,DESCONOCIDO,,,2023-08-11
TXN_8984085,Ensalada,1,5.0,5.0,,,2023-08-17
TXN_8830264,Ensalada,1,5.0,5.0,Efectivo,ERROR,2023-11-23
TXN_9696074,Café,4,2.0,8.0,,Para llevar,2023-06-24
TXN_9579637,Te,4,1.5,6.0,Nequi/Daviplata,,2023-06-26
TXN_7907786,Te,5,ERROR,7.5,Efectivo,,2023-09-20
TXN_5316852,Café,2,2.0,4.0,Nequi/Daviplata,,2023-04-08
TXN_1292430,Granizado,1,4.0,4.0,Tarjeta Crédito,Para llevar,2023-03-09
TXN_5226399,ERROR,4,3.0,12.0,,Para llevar,2023-01-19
TXN_2470530,Torta,1,3.0,3.0,Nequi/Daviplata,Para llevar,2023-03-21
TXN_6498718,Café,4,2.0,8.0,,,2023-03-18
TXN_1602435,Granizado,1,4.0,4.0,Efectivo,ERROR,2023-12-01
TXN_1434598,Sandwich,5,4.0,20.0,Efectivo,Para llevar,2023-11-18
TXN_9871036,Granizado,1,4.0,4.0,,Para llevar,2023-07-02
TXN_2073001,Café,2,2.0,4.0,Nequi/Daviplata,,2023-11-22
TXN_9284622,DESCONOCIDO,1,2.0,ERROR,Tarjeta Crédito,,2023-05-15
TXN_7815076,Jugo,5,3.0,DESCONOCIDO,Efectivo,,2023-12-16
TXN_6897172,Café,4,2.0,8.0,Nequi/Daviplata,,2023-12-08
TXN_3783903,Te,4,1.5,6.0,,,2023-06-25
TXN_4378637,Galleta,1,1.0,1.0,,Para llevar,2023-05-12
TXN_7514047,ERROR,1,5.0,,Efectivo,DESCONOCIDO,2023-03-08
TXN_4375708,Sandwich,4,4.0,16.0,Tarjeta Crédito,Para llevar,2023-08-01
TXN_9775984,Jugo,2,3.0,6.0,Tarjeta Crédito,Restaurante,2023-10-09
TXN_1708928,Granizado,1,4.0,4.0,ERROR,,DESCONOCIDO
TXN_2352685,Galleta,1,1.0,1.0,Efectivo,Para llevar,DESCONOCIDO
TXN_1625754,Torta,5,3.0,15.0,Nequi/Daviplata,Restaurante,2023-08-03
TXN_9567915,Torta,1,3.0,3.0,Nequi/Daviplata,Para llevar,2023-06-30
TXN_4062634,Ensalada,2,5.0,10.0,Tarjeta Crédito,Restaurante,2023-04-05
TXN_6624397,Jugo,4,3.0,12.0,Efectivo,Para llevar,2023-04-30
TXN_2991733,Te,5,1.5,7.5,Tarjeta Crédito,,2023-04-13
TXN_8978924,Ensalada,5,5.0,25.0,Efectivo,ERROR,2023-10-09
TXN_2404800,Sandwich,5,4.0,20.0,Efectivo,Restaurante,2023-01-28
TXN_4501915,Jugo,4,3.0,12.0,Tarjeta Crédito,Para llevar,2023-12-04
TXN_6273431,,2,3.0,6.0,,Restaurante,2023-04-05
TXN_7166936,Galleta,ERROR,1.0,4.0,,Restaurante,2023-09-25
TXN_7645250,Jugo,2,3.0,6.0,,,2023-10-09
TXN_9231480,Galleta,4,1.0,4.0,Efectivo,,2023-08-28
TXN_4247105,Café,5,2.0,10.0,Efectivo,Restaurante,2023-04-14
TXN_8732935,Galleta,4,1.0,4.0,Tarjeta Crédito,Para llevar,2023-08-06
TXN_5108867,,ERROR,3.0,9.0,Efectivo,Para llevar,2023-03-19
TXN_3270584,Torta,3,3.0,9.0,Tarjeta Crédito,Para llevar,2023-01-10
TXN_8258798,Café,3,,6.0,Efectivo,Restaurante,2023-10-18
TXN_7412012,Café,1,2.0,2.0,Efectivo,Restaurante,2023-08-02
TXN_1927324,Sandwich,1,4.0,4.0,Nequi/Daviplata,Para llevar,2023-08-29
TXN_9159655,Galleta,5,1.0,5.0,Efectivo,DESCONOCIDO,2023-03-21
TXN_1293057,Te,2,1.5,3.0,Nequi/Daviplata,,2023-07-03
TXN_8829698,Torta,2,3.0,,Efectivo,,2023-03-19
TXN_5056351,Jugo,1,3.0,3.0,,Para llevar,2023-04-24
TXN_4431264,Granizado,2,4.0,8.0,,,2023-11-14
TXN_7371782,Te,3,1.5,4.5,Efectivo,Restaurante,2023-02-26
TXN_7631505,Sandwich,4,4.0,16.0,Efectivo,Restaurante,2023-07-08
TXN_4331770,Ensalada,4,5.0,20.0,,,2023-06-04
TXN_2593909,Jugo,2,3.0,6.0,Efectivo,Restaurante,2023-02-25
TXN_9728062,Café,1,2.0,2.0,Efectivo,,2023-05-01
TXN_7664606,Galleta,2,1.0,2.0,Nequi/Daviplata,ERROR,2023-07-05
TXN_3359911,Galleta,4,1.0,4.0,,Restaurante,2023-06-18
TXN_3745153,Granizado,4,4.0,16.0,Nequi/Daviplata,Restaurante,2023-06-30
TXN_2019258,Jugo,4,3.0,12.0,Tarjeta Crédito,,2023-02-03
TXN_8153957,Café,1,2.0,2.0,Nequi/Daviplata,Para llevar,2023-10-12
TXN_3437948,Granizado,2,4.0,8.0,Efectivo,,2023-11-02
TXN_6874195,Jugo,3,3.0,9.0,Efectivo,Para llevar,2023-04-22
TXN_3234146,Jugo,1,3.0,3.0,DESCONOCIDO,Para llevar,2023-11-14
TXN_5172383,Jugo,3,3.0,9.0,Efectivo,Restaurante,2023-03-28
TXN_9288999,Galleta,3,1.0,3.0,Tarjeta Crédito,Restaurante,2023-05-01
TXN_4205407,Granizado,5,4.0,20.0,Nequi/Daviplata,,2023-04-27
TXN_8325722,Sandwich,2,4.0,8.0,,Para llevar,2023-05-27
TXN_3050797,Sandwich,3,4.0,12.0,Tarjeta Crédito,,2023-09-28
TXN_8731991,Ensalada,DESCONOCIDO,5.0,20.0,,Restaurante,2023-01-20
TXN_7387416,Jugo,3,3.0,9.0,Efectivo,,2023-12-15
TXN_2244418,Ensalada,5,5.0,25.0,Efectivo,Para llevar,2023-10-15
TXN_2638644,ERROR,1,1.5,1.5,,DESCONOCIDO,2023-03-08
TXN_3886177,Torta,3,3.0,9.0,,Para llevar,2023-07-17
TXN_2334047,Te,1,1.5,1.5,,Para llevar,2023-11-08
TXN_3888864,Sandwich,1,4.0,4.0,Tarjeta Crédito,Restaurante,2023-10-13
TXN_6972491,Sandwich,1,4.0,4.0,,Para llevar,2023-07-02
TXN_8886791,Te,2,1.5,3.0,Efectivo,,2023-07-09
TXN_4356114,Jugo,2,3.0,6.0,Efectivo,Para llevar,2023-05-05
TXN_2097023,Ensalada,3,5.0,15.0,Nequi/Daviplata,Para llevar,2023-11-10
TXN_2726749,Jugo,4,3.0,12.0,,Para llevar,2023-05-19
TXN_3357336,Torta,4,3.0,12.0,,Restaurante,2023-02-20
TXN_3529354,Jugo,2,3.0,6.0,Tarjeta Crédito,Para llevar,2023-09-06
TXN_9738339,Jugo,1,3.0,3.0,DESCONOCIDO,Restaurante,2023-07-09
TXN_9389963,ERROR,5,4.0,ERROR,,Para llevar,2023-02-28
TXN_6837879,ERROR,5,3.0,15.0,Nequi/Daviplata,,2023-04-09
TXN_1046659,Granizado,3,4.0,12.0,,Para llevar,2023-12-14
TXN_2032049,Ensalada,2,5.0,10.0,Tarjeta Crédito,DESCONOCIDO,2023-10-12
TXN_1444479,,1,3.0,3.0,Tarjeta Crédito,,2023-12-10
TXN_7251037,Ensalada,3,5.0,15.0,Tarjeta Crédito,Restaurante,2023-08-17
TXN_9891576,Sandwich,3,4.0,12.0,Nequi/Daviplata,Para llevar,2023-04-28
TXN_5315818,Ensalada,1,5.0,5.0,Nequi/Daviplata,,2023-02-06
TXN_9830755,Galleta,5,1.0,5.0,Nequi/Daviplata,Para llevar,2023-06-24
TXN_8833319,Ensalada,1,5.0,ERROR,ERROR,Para llevar,2023-10-01
TXN_4353750,Torta,2,3.0,6.0,Tarjeta Crédito,,2023-03-02
TXN_8809659,Jugo,2,3.0,6.0,Efectivo,Para llevar,2023-01-16
TXN_2104550,Café,4,2.0,DESCONOCIDO,Tarjeta Crédito,Restaurante,2023-09-08
TXN_7554731,Torta,1,3.0,3.0,Tarjeta Crédito,Restaurante,2023-02-02
TXN_8743142,Galleta,1,1.0,1.0,Nequi/Daviplata,Restaurante,
TXN_8652021,Torta,1,3.0,3.0,Tarjeta Crédito,Restaurante,2023-09-23
TXN_3744962,Ensalada,1,5.0,5.0,,Restaurante,2023-07-26
TXN_7312277,Jugo,4,3.0,12.0,,Restaurante,2023-09-07
TXN_2342308,Galleta,5,,5.0,Nequi/Daviplata,,2023-05-20
TXN_7797507,Sandwich,5,4.0,20.0,Nequi/Daviplata,Para llevar,2023-06-06
TXN_3121360,Torta,3,3.0,9.0,Nequi/Daviplata,,2023-01-21
TXN_5568416,Torta,5,3.0,15.0,Tarjeta Crédito,DESCONOCIDO,2023-09-06
TXN_7032922,Sandwich,4,4.0,16.0,,,2023-08-18
TXN_5734186,Jugo,3,3.0,9.0,Efectivo,,2023-04-03
TXN_5107025,Te,2,ERROR,3.0,,Restaurante,2023-02-19
TXN_7975387,Granizado,DESCONOCIDO,4.0,8.0,Tarjeta Crédito,Para llevar,2023-03-23
TXN_5209346,Granizado,3,4.0,12.0,Tarjeta Crédito,Restaurante,2023-02-22
TXN_8947660,Café,1,2.0,2.0,,Restaurante,2023-09-03
TXN_6752053,Granizado,4,4.0,16.0,,,2023-05-13
TXN_6571385,Te,4,1.5,6.0,Efectivo,Para llevar,2023-01-06
TXN_6430534,Te,5,1.5,7.5,Efectivo,Para llevar,2023-01-29
TXN_6467414,Te,3,1.5,4.5,Efectivo,,2023-01-06
TXN_2861912,Café,3,2.0,6.0,,Restaurante,2023-03-25
TXN_8347965,Ensalada,1,DESCONOCIDO,5.0,Efectivo,Para llevar,2023-03-17
TXN_9693344,Te,4,1.5,6.0,Tarjeta Crédito,Para llevar,2023-01-15
TXN_9801552,Sandwich,4,4.0,16.0,Tarjeta Crédito,Para llevar,2023-04-20
TXN_1929109,Sandwich,5,4.0,20.0,,,ERROR
TXN_8082317,Jugo,3,3.0,9.0,Efectivo,Para llevar,2023-08-18
TXN_1569729,Granizado,5,4.0,20.0,Efectivo,Para llevar,2023-07-16
TXN_8126049,Sandwich,3,4.0,12.0,ERROR,,ERROR
TXN_2644962,Granizado,2,4.0,,DESCONOCIDO,,2023-04-09
TXN_8991609,Ensalada,4,5.0,20.0,Nequi/Daviplata,Restaurante,2023-06-19
TXN_5000665,Torta,3,3.0,9.0,Nequi/Daviplata,Restaurante,2023-11-28
TXN_2161255,Sandwich,3,4.0,12.0,,,2023-06-08
TXN_6549359,DESCONOCIDO,3,1.5,4.5,Efectivo,,2023-04-21
TXN_8833173,Granizado,4,4.0,16.0,Nequi/Daviplata,,2023-03-14
TXN_8449081,Galleta,2,1.0,2.0,,Restaurante,2023-02-24
TXN_7153321,Ensalada,5,5.0,25.0,Tarjeta Crédito,Para llevar,2023-12-19
TXN_2935761,Granizado,4,4.0,16.0,Nequi/Daviplata,,2023-04-01
TXN_7328705,Galleta,4,1.0,4.0,Nequi/Daviplata,Para llevar,2023-09-09
TXN_1419790,Sandwich,3,4.0,12.0,,,2023-01-06
TXN_8970187,Torta,1,3.0,3.0,Nequi/Daviplata,Para llevar,2023-03-13
TXN_4385632,Te,5,1.5,7.5,,Para llevar,2023-06-18
TXN_4343133,Galleta,4,1.0,4.0,Nequi/Daviplata,,2023-03-04
TXN_7712544,Galleta,3,ERROR,3.0,Efectivo,,2023-05-06
TXN_6904952,Ensalada,4,5.0,20.0,Nequi/Daviplata,Para llevar,2023-04-04
TXN_4023091,Granizado,3,4.0,12.0,Tarjeta Crédito,,2023-07-24
TXN_6005707,Jugo,4,3.0,,Efectivo,DESCONOCIDO,2023-02-06
TXN_9824238,Te,5,1.5,7.5,Efectivo,Restaurante,2023-07-14
TXN_2867795,Galleta,1,1.0,1.0,Tarjeta Crédito,DESCONOCIDO,2023-06-26
TXN_8434259,Te,2,1.5,3.0,Nequi/Daviplata,,DESCONOCIDO
TXN_5437961,Sandwich,3,DESCONOCIDO,12.0,,Restaurante,2023-06-30
TXN_3440463,Torta,1,3.0,DESCONOCIDO,Tarjeta Crédito,Para llevar,2023-04-04
TXN_1242840,Granizado,1,4.0,4.0,Tarjeta Crédito,,2023-08-26
TXN_2997717,Torta,4,3.0,12.0,Tarjeta Crédito,,2023-10-19
TXN_4440412,Sandwich,3,4.0,12.0,Efectivo,Para llevar,2023-04-15
TXN_9897583,Café,2,DESCONOCIDO,4.0,Nequi/Daviplata,Para llevar,2023-01-20
TXN_9772498,Torta,4,3.0,12.0,Efectivo,,2023-08-21
TXN_7908929,Te,2,1.5,3.0,Nequi/Daviplata,,2023-11-18
TXN_6411390,Jugo,1,3.0,ERROR,Efectivo,,2023-09-07
TXN_5784400,Torta,4,3.0,12.0,Nequi/Daviplata,,2023-11-25
TXN_9660737,Galleta,DESCONOCIDO,1.0,5.0,Efectivo,,2023-05-19
TXN_9719954,Te,1,1.5,1.5,Nequi/Daviplata,,DESCONOCIDO
TXN_3287282,DESCONOCIDO,2,1.5,3.0,Nequi/Daviplata,Para llevar,2023-09-23
TXN_7368518,DESCONOCIDO,3,3.0,9.0,DESCONOCIDO,,2023-03-14
TXN_6068074,Granizado,2,4.0,8.0,Efectivo,Restaurante,2023-06-01
TXN_2265329,Torta,5,3.0,15.0,Tarjeta Crédito,,2023-12-23
TXN_8500316,Sandwich,4,4.0,16.0,,,2023-03-10
TXN_4235472,Ensalada,5,5.0,25.0,,Para llevar,2023-12-22
TXN_1701798,Café,2,2.0,4.0,Efectivo,Para llevar,2023-07-24
TXN_4352950,Café,1,2.0,2.0,Nequi/Daviplata,,2023-02-06
TXN_4807899,Café,5,2.0,10.0,Nequi/Daviplata,Para llevar,2023-07-03
TXN_4916085,Jugo,1,3.0,3.0,Nequi/Daviplata,,2023-03-03
TXN_2764819,DESCONOCIDO,1,3.0,3.0,Tarjeta Crédito,Para llevar,2023-02-23
TXN_2102950,Café,5,2.0,10.0,Nequi/Daviplata,Para llevar,2023-12-07
TXN_5530180,Galleta,5,1.0,5.0,,Restaurante,2023-09-06
TXN_6774559,Galleta,2,1.0,2.0,,,2023-02-18
TXN_7914312,Sandwich,5,4.0,20.0,,Restaurante,2023-06-06
TXN_5282804,Sandwich,1,4.0,4.0,Tarjeta Crédito,,2023-12-01
TXN_6526078,Sandwich,5,4.0,20.0,Efectivo,,2023-11-07
TXN_4070040,Torta,1,3.0,3.0,,DESCONOCIDO,DESCONOCIDO
TXN_7668576,DESCONOCIDO,2,3.0,6.0,,,2023-11-08
TXN_2210019,Sandwich,3,4.0,12.0,Efectivo,Restaurante,2023-12-05
TXN_4727260,Te,2,1.5,3.0,,,2023-01-30
TXN_2617632,Granizado,4,4.0,16.0,Nequi/Daviplata,,2023-10-17
TXN_5585601,Torta,4,3.0,12.0,,Para llevar,2023-05-28
TXN_8019306,Jugo,1,3.0,3.0,Tarjeta Crédito,,2023-05-21
TXN_6469563,Jugo,5,3.0,15.0,Tarjeta Crédito,DESCONOCIDO,2023-03-04
TXN_4059695,Ensalada,3,5.0,15.0,Efectivo,Para llevar,2023-12-30
TXN_2393287,DESCONOCIDO,2,3.0,6.0,Efectivo,,2023-04-14
TXN_3799280,Café,5,2.0,10.0,Efectivo,,2023-09-23
TXN_1454024,Galleta,5,1.0,5.0,Nequi/Daviplata,,
TXN_2749862,Ensalada,4,5.0,,Nequi/Daviplata,,2023-07-19
TXN_3863625,Ensalada,5,,25.0,Efectivo,Restaurante,2023-09-04
TXN_2928676,Galleta,1,1.0,1.0,Tarjeta Crédito,,2023-06-09
TXN_4030763,Ensalada,2,5.0,10.0,DESCONOCIDO,Para llevar,2023-06-17
TXN_6853830,DESCONOCIDO,5,1.5,7.5,,Restaurante,2023-07-13
TXN_3877643,Jugo,4,3.0,12.0,Efectivo,Restaurante,2023-11-15
TXN_9395554,,4,2.0,8.0,Efectivo,Para llevar,2023-03-31
TXN_3755657,Granizado,2,4.0,8.0,Nequi/Daviplata,Restaurante,2023-03-24
TXN_6987232,Jugo,5,3.0,15.0,Nequi/Daviplata,,2023-06-02
TXN_8045032,Jugo,4,3.0,12.0,ERROR,Restaurante,2023-02-20
TXN_3288233,Jugo,5,3.0,15.0,Efectivo,,2023-12-24
TXN_4231121,Café,4,2.0,8.0,ERROR,DESCONOCIDO,2023-09-01
TXN_8932087,DESCONOCIDO,DESCONOCIDO,3.0,3.0,Nequi/Daviplata,Para llevar,2023-10-30
TXN_6189486,DESCONOCIDO,5,4.0,20.0,,Para llevar,2023-03-23
TXN_2489067,Jugo,2,3.0,6.0,,Para llevar,2023-07-05
TXN_7293600,Torta,3,3.0,ERROR,Nequi/Daviplata,,2023-10-28
TXN_3147874,Galleta,1,1.0,1.0,Nequi/Daviplata,Para llevar,DESCONOCIDO
TXN_5279293,Sandwich,3,4.0,12.0,Nequi/Daviplata,Para llevar,2023-11-11
TXN_3488082,Sandwich,1,4.0,4.0,Nequi/Daviplata,Restaurante,2023-04-12
TXN_3342106,Sandwich,1,4.0,4.0,Tarjeta Crédito,Restaurante,2023-01-14
TXN_3713880,Ensalada,5,5.0,25.0,,Restaurante,2023-06-30
TXN_1967032,Te,1,1.5,1.5,Nequi/Daviplata,Para llevar,2023-01-12
TXN_6587151,Granizado,4,ERROR,16.0,Tarjeta Crédito,,2023-10-07
TXN_2630698,Sandwich,2,4.0,8.0,DESCONOCIDO,Para llevar,2023-08-22
TXN_3632558,Café,2,ERROR,4.0,Efectivo,Para llevar,2023-08-10
TXN_8228500,Te,3,1.5,4.5,,Restaurante,2023-04-15
TXN_9708632,Café,5,2.0,10.0,,Restaurante,
TXN_3543930,Jugo,2,3.0,6.0,Tarjeta Crédito,Para llevar,2023-10-10
TXN_1037464,DESCONOCIDO,5,4.0,20.0,Nequi/Daviplata,,2023-02-14
TXN_3508619,Granizado,4,4.0,16.0,,ERROR,2023-09-04
TXN_4553403,Café,5,2.0,10.0,,Restaurante,2023-06-20
TXN_5747509,Galleta,2,1.0,2.0,Efectivo,Restaurante,2023-10-30
TXN_7910572,Sandwich,4,4.0,16.0,,Para llevar,2023-07-07
TXN_9012517,Café,2,2.0,4.0,Tarjeta Crédito,Restaurante,2023-10-21
TXN_8237192,Sandwich,3,4.0,12.0,,,2023-10-03
TXN_5303092,Te,2,1.5,3.0,Tarjeta Crédito,Restaurante,2023-05-05
TXN_3136657,Torta,ERROR,3.0,6.0,Efectivo,Restaurante,2023-09-21
TXN_3865641,Torta,5,3.0,15.0,Nequi/Daviplata,Restaurante,2023-09-15
TXN_1049697,Te,3,DESCONOCIDO,4.5,Efectivo,Restaurante,2023-10-08
TXN_3420316,Sandwich,3,4.0,12.0,,Para llevar,2023-10-31
TXN_6568307,Café,1,2.0,2.0,Efectivo,Restaurante,2023-07-16
TXN_8281347,Jugo,4,3.0,12.0,Tarjeta Crédito,Restaurante,2023-08-11
TXN_8353202,Sandwich,4,4.0,16.0,Nequi/Daviplata,Restaurante,2023-06-14
TXN_7377398,Jugo,2,3.0,6.0,Efectivo,Para llevar,2023-02-26
TXN_6915068,Jugo,2,3.0,6.0,Efectivo,Restaurante,2023-11-26
TXN_8704802,Granizado,3,4.0,12.0,,,2023-08-30
TXN_1983422,Galleta,2,1.0,2.0,Nequi/Daviplata,Restaurante,2023-06-26
TXN_1603186,Torta,3,3.0,,Efectivo,Para llevar,2023-10-13
TXN_5572520,Granizado,5,4.0,20.0,Efectivo,Para llevar,2023-05-14
TXN_2021680,Jugo,3,3.0,9.0,,Para llevar,2023-08-16
TXN_9220900,Galleta,4,DESCONOCIDO,4.0,,,2023-06-19
TXN_6123007,Café,3,2.0,6.0,Nequi/Daviplata,,2023-05-28
TXN_2832660,Granizado,2,4.0,8.0,Tarjeta Crédito,,2023-01-08
TXN_7697496,Ensalada,1,5.0,5.0,ERROR,Para llevar,2023-06-18
TXN_9802838,Te,1,1.5,1.5,DESCONOCIDO,Para llevar,2023-02-15
TXN_4011509,Granizado,4,4.0,16.0,Nequi/Daviplata,,2023-11-10
TXN_6786730,Café,1,2.0,2.0,Tarjeta Crédito,,2023-04-15
TXN_3641356,Jugo,3,DESCONOCIDO,9.0,Tarjeta Crédito,Restaurante,2023-07-26
TXN_8245502,Ensalada,1,5.0,5.0,Tarjeta Crédito,,2023-03-16
TXN_3645818,,1,1.0,1.0,Nequi/Daviplata,Para llevar,2023-03-18
TXN_1318238,Sandwich,1,4.0,DESCONOCIDO,Nequi/Daviplata,Para llevar,2023-09-23
TXN_1970180,Torta,2,3.0,6.0,Nequi/Daviplata,Para llevar,2023-08-02
TXN_5415223,Te,2,1.5,3.0,Efectivo,Restaurante,2023-09-02
TXN_4777601,Te,1,1.5,1.5,Tarjeta Crédito,Restaurante,2023-08-18
TXN_2023651,Sandwich,,4.0,ERROR,Efectivo,Restaurante,2023-05-25
TXN_5110688,Ensalada,3,5.0,15.0,Nequi/Daviplata,,2023-05-09
TXN_7497122,Sandwich,5,4.0,20.0,Nequi/Daviplata,Para llevar,2023-03-23
TXN_4870483,Café,1,2.0,2.0,,Para llevar,2023-03-03
TXN_3003979,Te,ERROR,1.5,1.5,Nequi/Daviplata,Para llevar,2023-01-08
TXN_3838923,Jugo,4,3.0,12.0,DESCONOCIDO,Para llevar,2023-06-03
TXN_1998143,,1,1.0,1.0,Nequi/Daviplata,Restaurante,2023-12-10
TXN_2458782,Ensalada,1,5.0,5.0,Efectivo,,2023-04-15
TXN_1256513,Café,4,2.0,8.0,Tarjeta Crédito,Restaurante,2023-02-21
TXN_6266187,Te,5,1.5,7.5,Tarjeta Crédito,Restaurante,
TXN_9432758,Galleta,3,1.0,3.0,Efectivo,Para llevar,2023-10-02
TXN_1254663,Café,3,2.0,ERROR,,,2023-08-15
TXN_7174856,Sandwich,1,4.0,4.0,Efectivo,Para llevar,2023-05-03
TXN_5548756,Galleta,4,1.0,4.0,Tarjeta Crédito,ERROR,2023-09-09
TXN_2736267,Ensalada,5,5.0,25.0,ERROR,Restaurante,2023-03-17
TXN_7595907,,5,ERROR,15.0,,Restaurante,2023-04-24
TXN_1990997,Ensalada,1,5.0,5.0,Nequi/Daviplata,,2023-03-27
TXN_3820150,Te,1,1.5,1.5,ERROR,,2023-05-10
TXN_7325508,Ensalada,4,5.0,20.0,Tarjeta Crédito,Para llevar,2023-05-27
TXN_5398134,Café,2,2.0,4.0,Tarjeta Crédito,DESCONOCIDO,2023-10-01
TXN_2150872,DESCONOCIDO,5,ERROR,15.0,Efectivo,Para llevar,2023-03-18
TXN_6563365,Jugo,ERROR,3.0,12.0,,Para llevar,DESCONOCIDO
TXN_9669616,Café,ERROR,2.0,DESCONOCIDO,,ERROR,2023-06-03
TXN_1936447,Galleta,2,1.0,2.0,Efectivo,,2023-10-28
TXN_8469087,Ensalada,2,5.0,10.0,Nequi/Daviplata,Para llevar,2023-11-06
TXN_5556985,Jugo,3,3.0,9.0,Nequi/Daviplata,Restaurante,ERROR
TXN_8621589,Jugo,5,3.0,15.0,Nequi/Daviplata,,2023-11-15
TXN_9901097,Café,1,2.0,2.0,Efectivo,,2023-01-07
TXN_8783484,Granizado,1,4.0,4.0,Efectivo,Restaurante,2023-11-20
TXN_9599703,Torta,2,3.0,6.0,Nequi/Daviplata,Restaurante,2023-09-25
TXN_1353248,Sandwich,3,4.0,12.0,Efectivo,DESCONOCIDO,2023-09-03
TXN_2470745,Sandwich,ERROR,4.0,8.0,Nequi/Daviplata,,2023-01-10
TXN_1266598,Torta,4,3.0,12.0,Nequi/Daviplata,,2023-04-05
TXN_5445994,Jugo,1,3.0,3.0,Tarjeta Crédito,Restaurante,2023-06-11
TXN_5689687,Torta,5,3.0,15.0,,Restaurante,2023-06-04
TXN_2208733,Jugo,1,3.0,3.0,,Para llevar,2023-06-20
TXN_1547245,Sandwich,,4.0,,,Para llevar,2023-09-11
TXN_4694285,Te,3,1.5,4.5,,Restaurante,2023-01-25
TXN_3829375,Jugo,5,DESCONOCIDO,15.0,Efectivo,,2023-12-18
TXN_1932224,Café,1,2.0,2.0,Tarjeta Crédito,,2023-09-09
TXN_5468153,Granizado,5,4.0,20.0,Nequi/Daviplata,Restaurante,2023-12-15
TXN_9363711,Café,5,2.0,10.0,Nequi/Daviplata,Para llevar,2023-11-23
TXN_6845073,Galleta,1,1.0,1.0,Tarjeta Crédito,Restaurante,2023-04-05
TXN_1621227,Café,2,2.0,4.0,Efectivo,,DESCONOCIDO
TXN_1691313,Sandwich,2,4.0,8.0,Nequi/Daviplata,Para llevar,2023-03-17
TXN_4007522,Torta,2,3.0,DESCONOCIDO,Efectivo,Para llevar,2023-12-20
TXN_3175177,Jugo,3,3.0,9.0,Tarjeta Crédito,,2023-10-24
TXN_9282265,Ensalada,2,5.0,10.0,Tarjeta Crédito,,2023-03-20
TXN_8265257,Café,1,2.0,2.0,ERROR,Restaurante,2023-10-25
TXN_5425668,Galleta,5,1.0,5.0,Efectivo,Para llevar,2023-04-09
TXN_7738455,Te,3,1.5,4.5,Nequi/Daviplata,,2023-06-05
TXN_7349681,Ensalada,1,ERROR,5.0,Efectivo,Restaurante,2023-08-09
TXN_2660576,Sandwich,1,4.0,4.0,,,2023-05-15
TXN_2101934,Granizado,4,4.0,16.0,Efectivo,Restaurante,2023-11-27
TXN_1525583,Sandwich,3,DESCONOCIDO,DESCONOCIDO,Efectivo,Para llevar,2023-05-20
TXN_6110108,Te,ERROR,1.5,7.5,,Para llevar,2023-02-10
TXN_9205425,Sandwich,3,4.0,12.0,Nequi/Daviplata,Para llevar,2023-09-16
TXN_9306482,Granizado,2,4.0,8.0,Nequi/Daviplata,Para llevar,2023-01-16
TXN_8407849,Galleta,2,1.0,2.0,,,2023-05-05
TXN_3162244,Sandwich,ERROR,4.0,20.0,Nequi/Daviplata,Restaurante,2023-12-15
TXN_9121687,Sandwich,2,4.0,8.0,ERROR,Restaurante,2023-05-13
TXN_3182191,Torta,5,3.0,15.0,Nequi/Daviplata,,2023-07-21
TXN_4734366,Granizado,1,4.0,4.0,Tarjeta Crédito,Para llevar,2023-08-20
TXN_4430006,Jugo,5,3.0,15.0,DESCONOCIDO,,2023-01-14
TXN_7341975,Jugo,2,3.0,6.0,Nequi/Daviplata,,2023-07-29
TXN_8787149,Jugo,1,3.0,3.0,,ERROR,2023-04-20
TXN_4224284,Galleta,2,1.0,2.0,DESCONOCIDO,Para llevar,2023-09-04
TXN_2177436,Torta,,3.0,3.0,ERROR,Para llevar,2023-03-13
TXN_5097542,Torta,5,3.0,15.0,Efectivo,,2023-05-15
TXN_4260738,Café,2,2.0,4.0,,Restaurante,2023-11-15
TXN_5402821,Ensalada,4,5.0,20.0,,,2023-11-29
TXN_4130343,Café,4,2.0,8.0,Tarjeta Crédito,Restaurante,2023-12-08
TXN_3028667,Jugo,2,3.0,6.0,,Para llevar,2023-11-24
TXN_8592808,ERROR,1,4.0,4.0,Tarjeta Crédito,,2023-04-02
TXN_5875201,DESCONOCIDO,DESCONOCIDO,4.0,4.0,,Restaurante,2023-01-31
TXN_6849062,Café,5,2.0,10.0,Efectivo,,2023-07-30
TXN_4336844,Granizado,4,4.0,16.0,,,2023-07-09
TXN_6090715,Jugo,3,3.0,9.0,Tarjeta Crédito,Restaurante,2023-11-14
TXN_9162014,Torta,1,3.0,3.0,Efectivo,,2023-07-21
TXN_4751689,Granizado,5,4.0,DESCONOCIDO,Efectivo,Restaurante,2023-07-28
TXN_2200163,Café,4,2.0,8.0,Efectivo,DESCONOCIDO,2023-03-13
TXN_7310903,Granizado,3,4.0,12.0,Tarjeta Crédito,,2023-09-10
TXN_7155957,Ensalada,5,5.0,25.0,Nequi/Daviplata,Restaurante,2023-02-22
TXN_4350828,Jugo,2,3.0,6.0,Nequi/Daviplata,Restaurante,2023-02-16
TXN_7539585,Granizado,5,4.0,20.0,,,2023-10-20
TXN_6868763,ERROR,3,3.0,9.0,Nequi/Daviplata,Restaurante,2023-01-13
TXN_6156180,Café,DESCONOCIDO,2.0,10.0,Efectivo,,2023-07-25
TXN_4970127,Te,1,1.5,1.5,Nequi/Daviplata,Restaurante,2023-12-09
TXN_9567719,Sandwich,5,4.0,20.0,Nequi/Daviplata,Restaurante,2023-01-24
TXN_2950265,Ensalada,3,5.0,15.0,Tarjeta Crédito,,2023-08-23
TXN_1556609,Sandwich,1,4.0,4.0,Nequi/Daviplata,,2023-07-21
TXN_2203547,Jugo,3,3.0,9.0,,Restaurante,2023-07-01
TXN_1084010,Granizado,2,4.0,8.0,Tarjeta Crédito,Restaurante,2023-08-11
TXN_4218637,Te,5,1.5,7.5,Efectivo,,2023-08-31
TXN_2245465,Ensalada,2,5.0,10.0,Nequi/Daviplata,,2023-12-27
TXN_4742049,Jugo,1,3.0,3.0,Tarjeta Crédito,Para llevar,2023-09-10
TXN_9889005,Torta,3,3.0,9.0,DESCONOCIDO,,2023-12-16
TXN_4840522,Granizado,3,4.0,12.0,,Restaurante,2023-06-16
TXN_2585392,Ensalada,4,5.0,20.0,,,2023-07-12
TXN_3135264,DESCONOCIDO,2,3.0,6.0,Nequi/Daviplata,,2023-08-25
TXN_2180562,Ensalada,2,5.0,10.0,,Para llevar,2023-07-02
TXN_5905580,ERROR,3,1.0,3.0,Efectivo,Para llevar,2023-02-20
TXN_5993677,Torta,4,3.0,12.0,,Para llevar,2023-01-28
TXN_8984991,Granizado,3,4.0,12.0,Tarjeta Crédito,,2023-05-17
TXN_3522597,DESCONOCIDO,3,1.5,4.5,Nequi/Daviplata,Restaurante,2023-02-04
TXN_6123633,Ensalada,3,5.0,15.0,DESCONOCIDO,,2023-01-16
TXN_6769554,Café,5,2.0,10.0,Tarjeta Crédito,Para llevar,2023-02-06
TXN_5761414,Granizado,1,4.0,4.0,Nequi/Daviplata,,2023-10-02
TXN_5157516,Ensalada,3,5.0,15.0,,Restaurante,2023-10-09
TXN_2614633,Café,4,2.0,8.0,Nequi/Daviplata,Restaurante,2023-04-23
TXN_3781240,Torta,5,3.0,15.0,,Para llevar,2023-05-27
TXN_7068823,,4,4.0,16.0,,Para llevar,2023-06-28
TXN_2085081,Torta,2,3.0,6.0,Efectivo,,2023-03-14
TXN_3399636,Jugo,3,3.0,9.0,Nequi/Daviplata,Para llevar,2023-08-07
TXN_8587529,Galleta,2,1.0,2.0,Tarjeta Crédito,Para llevar,2023-07-09
TXN_1476775,Ensalada,3,5.0,15.0,Tarjeta Crédito,,2023-11-01
TXN_6945985,Te,3,1.5,4.5,Nequi/Daviplata,Restaurante,2023-02-13
TXN_4117627,Torta,3,3.0,9.0,Tarjeta Crédito,Restaurante,2023-06-22
TXN_7530300,Café,3,2.0,6.0,Nequi/Daviplata,,2023-05-08
TXN_7071783,Galleta,4,1.0,4.0,Efectivo,,2023-07-04
TXN_3676305,Ensalada,5,5.0,25.0,Tarjeta Crédito,,2023-06-14
TXN_8867827,Te,1,1.5,1.5,Nequi/Daviplata,,2023-01-14
TXN_9061106,Torta,4,3.0,12.0,Nequi/Daviplata,Para llevar,2023-11-04
TXN_1245485,Torta,1,ERROR,3.0,Nequi/Daviplata,ERROR,2023-05-15
TXN_1357780,Te,4,,6.0,,Restaurante,2023-10-23
TXN_4075053,DESCONOCIDO,3,4.0,12.0,Nequi/Daviplata,Para llevar,2023-02-27
TXN_6113724,Café,1,ERROR,2.0,Nequi/Daviplata,Para llevar,2023-03-26
TXN_6496176,Galleta,4,1.0,4.0,,Restaurante,2023-07-26
TXN_2381411,Café,5,2.0,10.0,Efectivo,Restaurante,2023-07-30
TXN_9210096,Granizado,3,4.0,12.0,,DESCONOCIDO,2023-05-25
TXN_4563544,Sandwich,5,4.0,20.0,,ERROR,2023-06-10
TXN_2546684,Jugo,ERROR,3.0,DESCONOCIDO,Nequi/Daviplata,Para llevar,2023-04-08
TXN_4623468,Café,5,2.0,10.0,Tarjeta Crédito,Para llevar,DESCONOCIDO
TXN_2168277,Galleta,1,1.0,1.0,,Para llevar,2023-06-02
TXN_9178545,Jugo,4,3.0,12.0,Efectivo,Restaurante,2023-01-24
TXN_8535886,Te,5,1.5,7.5,Tarjeta Crédito,Restaurante,2023-05-13
TXN_1037486,Ensalada,5,5.0,25.0,Nequi/Daviplata,Restaurante,
TXN_7978452,Torta,5,3.0,15.0,Nequi/Daviplata,,2023-10-03
TXN_8488163,Sandwich,4,4.0,DESCONOCIDO,DESCONOCIDO,,2023-01-19
TXN_6926855,Sandwich,3,4.0,12.0,Efectivo,Para llevar,2023-01-12
TXN_9869593,Torta,2,3.0,6.0,Nequi/Daviplata,Para llevar,2023-10-03
TXN_3055407,Te,2,1.5,3.0,DESCONOCIDO,,2023-06-03
TXN_4981027,Café,3,2.0,6.0,,,2023-08-02
TXN_5332773,Café,2,2.0,4.0,Nequi/Daviplata,Para llevar,2023-05-04
TXN_5946554,Torta,2,3.0,DESCONOCIDO,,,2023-03-01
TXN_7508715,Granizado,2,4.0,8.0,Efectivo,Restaurante,2023-12-11
TXN_9728789,Galleta,3,1.0,3.0,Efectivo,Restaurante,2023-03-29
TXN_8061866,Ensalada,4,5.0,20.0,Efectivo,Para llevar,2023-12-13
TXN_8961034,Jugo,2,3.0,6.0,,,2023-01-21
TXN_1099119,Granizado,4,4.0,16.0,Efectivo,,2023-02-09
TXN_2421387,Galleta,4,1.0,4.0,,,2023-04-09
TXN_8627017,Te,4,1.5,6.0,Efectivo,Restaurante,2023-01-28
TXN_7468084,Café,5,2.0,10.0,Tarjeta Crédito,,2023-06-14
TXN_1185069,Ensalada,1,5.0,5.0,Nequi/Daviplata,DESCONOCIDO,2023-02-21
TXN_5100941,Galleta,5,1.0,ERROR,Nequi/Daviplata,,2023-07-11
TXN_6428745,Torta,1,3.0,3.0,,Para llevar,2023-06-02
TXN_4096757,Ensalada,5,5.0,25.0,Tarjeta Crédito,Restaurante,2023-07-20
TXN_6057914,Granizado,2,4.0,8.0,Nequi/Daviplata,ERROR,2023-03-18
TXN_2517078,Sandwich,2,4.0,8.0,,Restaurante,2023-03-07
TXN_2890321,Te,3,1.5,4.5,Efectivo,Restaurante,2023-06-13
TXN_4808812,Granizado,4,4.0,16.0,DESCONOCIDO,,2023-05-31
TXN_1866707,Granizado,3,4.0,12.0,Efectivo,,2023-06-05
TXN_9745609,Ensalada,3,5.0,15.0,,,2023-02-05
TXN_8488298,Torta,3,3.0,9.0,Efectivo,,2023-11-03
TXN_2515796,Te,3,1.5,4.5,Tarjeta Crédito,Para llevar,2023-02-06
TXN_2369294,Sandwich,2,4.0,8.0,Efectivo,Para llevar,2023-09-07
TXN_9444736,Te,5,1.5,7.5,Tarjeta Crédito,Para llevar,2023-04-23
TXN_4764398,Sandwich,2,4.0,8.0,Tarjeta Crédito,,2023-06-13
TXN_8696392,Jugo,,3.0,3.0,,,2023-04-16
TXN_1993675,Galleta,3,1.0,3.0,Efectivo,Para llevar,2023-01-09
TXN_7754136,Galleta,1,1.0,1.0,Tarjeta Crédito,Restaurante,2023-07-12
TXN_4873173,Café,5,2.0,10.0,Efectivo,Para llevar,2023-10-08
TXN_7221126,Te,5,1.5,7.5,Nequi/Daviplata,Restaurante,2023-10-11
TXN_4537288,Galleta,1,1.0,1.0,Efectivo,,2023-02-25
TXN_5492760,Torta,2,3.0,6.0,,Para llevar,ERROR
TXN_5079166,Ensalada,5,5.0,25.0,Tarjeta Crédito,Para llevar,2023-04-15
TXN_4597600,Galleta,5,1.0,,,Para llevar,2023-11-15
TXN_6568440,Galleta,1,1.0,1.0,,Para llevar,2023-06-15
TXN_1713639,Galleta,1,1.0,1.0,,,2023-08-04
TXN_4780352,Ensalada,,5.0,5.0,Nequi/Daviplata,Para llevar,2023-01-12
TXN_6419344,Jugo,1,3.0,3.0,Efectivo,Restaurante,2023-05-26
TXN_3669068,Torta,5,3.0,15.0,Efectivo,Para llevar,2023-01-17
TXN_2201248,Te,1,DESCONOCIDO,1.5,Efectivo,Para llevar,2023-07-20
TXN_4432252,Granizado,5,4.0,20.0,Tarjeta Crédito,,2023-02-16
TXN_6595038,Galleta,2,ERROR,2.0,,,2023-02-08
TXN_2940895,Torta,4,3.0,12.0,,DESCONOCIDO,2023-02-20
TXN_9796122,Ensalada,3,5.0,15.0,,,DESCONOCIDO
TXN_4069354,Ensalada,1,5.0,5.0,DESCONOCIDO,,2023-08-18
TXN_9737509,Te,5,1.5,7.5,Nequi/Daviplata,Restaurante,2023-11-27
TXN_8749404,Café,4,2.0,8.0,Nequi/Daviplata,Restaurante,2023-12-16
TXN_2069068,Torta,5,3.0,15.0,,Restaurante,2023-06-15
TXN_7010812,ERROR,2,5.0,10.0,Nequi/Daviplata,Restaurante,2023-11-13
TXN_6411385,Ensalada,4,5.0,20.0,Efectivo,Para llevar,2023-06-06
TXN_4375698,Sandwich,ERROR,4.0,20.0,Tarjeta Crédito,Restaurante,2023-12-30
TXN_4768744,Te,5,1.5,7.5,Efectivo,Restaurante,2023-05-14
TXN_5260646,Te,4,1.5,6.0,Efectivo,Para llevar,2023-11-18
TXN_2393219,Jugo,4,3.0,12.0,Nequi/Daviplata,Restaurante,2023-12-27
TXN_4544172,Jugo,1,3.0,3.0,Nequi/Daviplata,Para llevar,2023-05-20
TXN_1180623,Sandwich,5,4.0,20.0,,Restaurante,2023-09-23
TXN_8275137,Ensalada,4,5.0,20.0,Efectivo,ERROR,2023-11-16
TXN_3758861,Granizado,3,4.0,12.0,Tarjeta Crédito,ERROR,2023-07-03
TXN_6279736,Ensalada,1,5.0,5.0,,,2023-08-25
TXN_8661276,Galleta,1,1.0,1.0,Nequi/Daviplata,Restaurante,2023-01-07
TXN_5974796,Sandwich,4,4.0,16.0,Efectivo,Restaurante,2023-11-09
TXN_9880967,Galleta,ERROR,1.0,3.0,Tarjeta Crédito,Restaurante,2023-01-15
TXN_5452978,Ensalada,2,5.0,10.0,Efectivo,Restaurante,2023-04-10
TXN_7231153,DESCONOCIDO,1,5.0,5.0,Efectivo,Restaurante,2023-06-15
TXN_6455517,Torta,2,3.0,6.0,Efectivo,,2023-08-04
TXN_4038488,ERROR,3,3.0,9.0,Tarjeta Crédito,,2023-12-05
TXN_3933290,Café,1,2.0,2.0,,,2023-08-05
TXN_9655661,Jugo,1,3.0,3.0,Nequi/Daviplata,,2023-06-07
TXN_7932830,DESCONOCIDO,2,3.0,6.0,,Para llevar,2023-01-08
TXN_1931190,Galleta,3,1.0,3.0,DESCONOCIDO,Para llevar,2023-12-31
TXN_8633758,,1,5.0,5.0,Tarjeta Crédito,Para llevar,2023-09-24
TXN_4887189,Granizado,3,4.0,12.0,Efectivo,Para llevar,2023-07-19
TXN_7687146,Café,1,2.0,2.0,Nequi/Daviplata,Para llevar,2023-12-02
TXN_9728414,Te,1,1.5,1.5,Tarjeta Crédito,Para llevar,2023-01-11
TXN_3081950,Galleta,1,1.0,1.0,Nequi/Daviplata,ERROR,2023-05-01
TXN_7589318,Torta,4,3.0,12.0,Efectivo,Restaurante,2023-09-21
TXN_9452972,Sandwich,3,4.0,12.0,Nequi/Daviplata,,2023-02-10
TXN_9299563,Jugo,5,3.0,15.0,Tarjeta Crédito,,2023-03-27
TXN_2273499,,3,2.0,ERROR,Efectivo,Para llevar,2023-01-27
TXN_3374343,Torta,2,3.0,6.0,,,2023-09-02
TXN_8732269,Torta,2,3.0,6.0,Tarjeta Crédito,Para llevar,2023-01-11
TXN_6763296,Café,5,DESCONOCIDO,10.0,Efectivo,,2023-10-04
TXN_3758250,Ensalada,3,5.0,15.0,Efectivo,Restaurante,2023-09-08
TXN_7764304,Torta,ERROR,ERROR,3.0,Tarjeta Crédito,Para llevar,2023-01-09
TXN_8697749,Galleta,3,1.0,3.0,,Para llevar,2023-07-24
TXN_6904247,,3,4.0,12.0,Tarjeta Crédito,,2023-09-19
TXN_6027798,Galleta,2,1.0,2.0,Nequi/Daviplata,,2023-05-26
TXN_4482692,Ensalada,2,5.0,10.0,ERROR,,2023-04-14
TXN_8196921,Café,4,2.0,8.0,Tarjeta Crédito,Para llevar,2023-05-19
TXN_9289408,Café,4,2.0,8.0,Nequi/Daviplata,,2023-09-23
TXN_3771902,Jugo,5,ERROR,15.0,Efectivo,Para llevar,2023-03-31
TXN_8506937,Ensalada,1,5.0,,,Restaurante,2023-09-07
TXN_6706566,DESCONOCIDO,3,1.0,3.0,Efectivo,,2023-09-01
TXN_6217375,Granizado,5,4.0,20.0,Efectivo,DESCONOCIDO,2023-12-07
TXN_3779320,Te,4,1.5,6.0,Tarjeta Crédito,Restaurante,2023-03-27
TXN_2894525,Jugo,3,DESCONOCIDO,9.0,ERROR,Para llevar,2023-04-16
TXN_9789876,Ensalada,4,5.0,20.0,Efectivo,Para llevar,2023-09-05
TXN_9129403,Sandwich,3,4.0,12.0,Tarjeta Crédito,,2023-12-05
TXN_2944325,Sandwich,4,4.0,16.0,Efectivo,,2023-12-18
TXN_5591155,Granizado,4,4.0,16.0,,Para llevar,2023-05-14
TXN_6532832,Galleta,5,1.0,ERROR,Efectivo,Restaurante,2023-06-23
TXN_5992166,Jugo,5,3.0,15.0,Efectivo,Para llevar,2023-10-01
TXN_6895165,Café,3,2.0,6.0,Tarjeta Crédito,Para llevar,2023-02-18
TXN_3410147,Jugo,ERROR,3.0,3.0,,,2023-09-30
TXN_6269306,Granizado,5,4.0,20.0,Tarjeta Crédito,,2023-08-29
TXN_2132747,Sandwich,2,4.0,8.0,,Restaurante,2023-12-19
TXN_6241505,Granizado,4,4.0,16.0,Efectivo,Para llevar,2023-11-20
TXN_7965585,Granizado,5,4.0,20.0,,Para llevar,2023-01-30
TXN_1950063,Ensalada,2,5.0,10.0,Efectivo,,2023-02-24
TXN_4682737,Café,2,2.0,4.0,Efectivo,Para llevar,2023-02-03
TXN_4376376,DESCONOCIDO,3,5.0,15.0,Nequi/Daviplata,ERROR,2023-09-05
TXN_9061471,Torta,1,3.0,3.0,Nequi/Daviplata,Para llevar,2023-07-13
TXN_8932070,ERROR,3,4.0,12.0,Nequi/Daviplata,Restaurante,2023-12-03
TXN_8410979,Granizado,3,4.0,12.0,Nequi/Daviplata,Restaurante,2023-05-02
TXN_3710523,Sandwich,3,4.0,12.0,Nequi/Daviplata,,2023-10-03
TXN_8014289,Jugo,5,3.0,15.0,Nequi/Daviplata,Restaurante,2023-12-04
TXN_1888294,Jugo,3,3.0,9.0,Efectivo,,2023-07-03
TXN_8628615,,1,2.0,2.0,Tarjeta Crédito,Para llevar,2023-08-03
TXN_2648236,Granizado,2,4.0,8.0,Tarjeta Crédito,Restaurante,2023-09-10
TXN_1837817,Te,2,1.5,3.0,Efectivo,ERROR,2023-08-13
TXN_8467229,ERROR,3,1.5,4.5,,Para llevar,2023-02-02
TXN_4197575,Ensalada,2,5.0,10.0,Tarjeta Crédito,,2023-01-21
TXN_5863650,Te,1,1.5,1.5,Nequi/Daviplata,Restaurante,2023-08-09
TXN_7371295,DESCONOCIDO,3,3.0,9.0,,,2023-03-28
TXN_1292476,Jugo,4,3.0,12.0,Nequi/Daviplata,Para llevar,2023-09-07
TXN_4872708,Café,5,2.0,10.0,Efectivo,,2023-11-16
TXN_1299936,Café,1,2.0,2.0,,Para llevar,2023-03-27
TXN_2199236,Granizado,5,4.0,20.0,,Para llevar,2023-10-06
TXN_1311237,Galleta,4,1.0,4.0,Tarjeta Crédito,,2023-11-11
TXN_9265423,Jugo,1,,3.0,,,2023-10-20
TXN_5808749,Ensalada,1,5.0,5.0,Efectivo,Para llevar,2023-01-25
TXN_7677646,Sandwich,5,4.0,20.0,,,2023-02-15
TXN_3894165,Granizado,5,4.0,20.0,Tarjeta Crédito,,2023-03-31
TXN_5270067,Torta,3,3.0,9.0,Nequi/Daviplata,DESCONOCIDO,2023-03-09
TXN_9326761,Te,1,1.5,1.5,,,2023-01-02
TXN_2168513,Torta,1,3.0,3.0,Nequi/Daviplata,Restaurante,2023-02-09
TXN_3947116,Sandwich,1,4.0,4.0,,Para llevar,2023-01-13
TXN_7248722,Torta,3,3.0,9.0,Efectivo,Para llevar,2023-04-06
TXN_9989458,Granizado,3,4.0,12.0,Efectivo,,2023-02-16
TXN_1850339,Galleta,5,1.0,5.0,Efectivo,Para llevar,2023-01-17
TXN_9934619,Galleta,1,1.0,1.0,,Restaurante,2023-02-11
TXN_4551353,Te,5,1.5,7.5,Nequi/Daviplata,Restaurante,2023-08-17
TXN_6657245,Sandwich,1,4.0,4.0,,Restaurante,2023-10-25
TXN_1786141,Granizado,4,4.0,16.0,ERROR,,2023-03-12
TXN_6405088,Jugo,1,3.0,3.0,,Restaurante,2023-07-24
TXN_1185003,ERROR,5,3.0,15.0,Efectivo,Para llevar,2023-01-06
TXN_4550558,Galleta,,1.0,,Tarjeta Crédito,Restaurante,2023-08-04
TXN_9555291,ERROR,3,4.0,12.0,Tarjeta Crédito,,2023-09-21
TXN_8571432,Jugo,2,3.0,6.0,Efectivo,,2023-12-07
TXN_6744096,Café,1,2.0,2.0,Nequi/Daviplata,Restaurante,2023-11-15
TXN_8512204,DESCONOCIDO,4,4.0,16.0,Efectivo,Para llevar,2023-06-01
TXN_3485502,Jugo,2,3.0,6.0,,,2023-12-25
TXN_5188843,Granizado,2,4.0,8.0,Efectivo,Restaurante,2023-02-06
TXN_4821343,Galleta,1,1.0,1.0,Tarjeta Crédito,Restaurante,2023-09-16
TXN_4988100,Café,1,2.0,2.0,Nequi/Daviplata,Restaurante,ERROR
TXN_7791428,Granizado,5,,20.0,Nequi/Daviplata,Para llevar,2023-10-10
TXN_8725610,Sandwich,2,4.0,8.0,,Para llevar,2023-02-11
TXN_8404563,Te,1,1.5,1.5,Efectivo,Restaurante,2023-01-22
TXN_8942133,Ensalada,3,5.0,15.0,Efectivo,Para llevar,2023-10-04
TXN_1122699,DESCONOCIDO,5,5.0,25.0,Nequi/Daviplata,Restaurante,2023-10-14
TXN_9230208,Jugo,3,3.0,9.0,Tarjeta Crédito,,2023-05-13
TXN_4932916,DESCONOCIDO,1,2.0,2.0,,Para llevar,2023-12-13
TXN_8980468,Granizado,5,4.0,20.0,Efectivo,,2023-08-24
TXN_4175635,Ensalada,3,5.0,15.0,DESCONOCIDO,Para llevar,2023-05-26
TXN_2851446,Ensalada,2,,10.0,Tarjeta Crédito,Para llevar,2023-10-08
TXN_8359693,Sandwich,2,4.0,8.0,Nequi/Daviplata,Restaurante,2023-10-23
TXN_9432268,Ensalada,DESCONOCIDO,5.0,20.0,,Para llevar,2023-01-25
TXN_2244902,Café,5,2.0,10.0,Tarjeta Crédito,,2023-02-13
TXN_5561958,Granizado,4,4.0,16.0,Nequi/Daviplata,,2023-07-24
TXN_6963106,Sandwich,1,4.0,4.0,Efectivo,Restaurante,2023-06-01
TXN_6008133,Café,3,2.0,6.0,Nequi/Daviplata,DESCONOCIDO,2023-11-08
TXN_9119194,Torta,DESCONOCIDO,3.0,9.0,Efectivo,Para llevar,2023-01-29
TXN_2551074,Galleta,1,1.0,1.0,Efectivo,,2023-09-17
TXN_1899827,Café,5,2.0,10.0,Tarjeta Crédito,Para llevar,2023-06-24
TXN_3046572,Ensalada,4,5.0,20.0,Efectivo,ERROR,2023-05-16
TXN_6397921,,1,4.0,4.0,,Restaurante,2023-12-01
TXN_8701063,Sandwich,2,4.0,8.0,,,2023-08-23
TXN_9157625,Te,5,1.5,7.5,Tarjeta Crédito,Para llevar,2023-02-10
TXN_7865037,Café,1,2.0,2.0,Nequi/Daviplata,,2023-06-05
TXN_8410376,Café,4,2.0,8.0,Nequi/Daviplata,,2023-07-02
TXN_4192665,Café,1,2.0,2.0,Efectivo,,2023-07-15
TXN_5433077,Torta,4,3.0,12.0,Efectivo,Restaurante,2023-11-29
TXN_1844925,Te,5,1.5,7.5,Efectivo,,2023-10-21
TXN_7215311,Te,1,1.5,1.5,,,2023-07-31
TXN_8003664,Sandwich,1,4.0,4.0,Tarjeta Crédito,DESCONOCIDO,2023-11-26
TXN_3872616,Torta,2,3.0,6.0,,Para llevar,2023-10-23
TXN_3659483,Granizado,3,4.0,,Efectivo,,2023-05-14
TXN_1688499,Granizado,2,4.0,8.0,Tarjeta Crédito,,2023-03-23
TXN_5632556,Jugo,4,3.0,ERROR,Nequi/Daviplata,Restaurante,2023-05-16
TXN_7954416,Café,1,2.0,2.0,Nequi/Daviplata,Restaurante,2023-06-04
TXN_7845656,Jugo,3,3.0,9.0,Tarjeta Crédito,Para llevar,DESCONOCIDO
TXN_7421687,Café,5,2.0,10.0,Tarjeta Crédito,Restaurante,2023-11-18
TXN_2444134,,2,4.0,8.0,Tarjeta Crédito,Restaurante,2023-01-16
TXN_3793672,Galleta,5,1.0,5.0,Tarjeta Crédito,,2023-01-14
TXN_1903825,Ensalada,4,5.0,20.0,Nequi/Daviplata,Para llevar,2023-04-01
TXN_4267136,Te,1,1.5,1.5,Tarjeta Crédito,Restaurante,2023-08-02
TXN_6281616,Café,4,2.0,8.0,,,2023-08-19
TXN_6567287,Galleta,4,1.0,4.0,Nequi/Daviplata,Para llevar,
TXN_3743107,Café,4,2.0,8.0,Efectivo,,2023-01-14
TXN_6739664,Ensalada,3,5.0,15.0,Efectivo,,2023-09-12
TXN_8343149,Jugo,DESCONOCIDO,3.0,15.0,Nequi/Daviplata,Restaurante,2023-10-28
TXN_2376870,ERROR,5,4.0,20.0,Nequi/Daviplata,,
TXN_2025634,DESCONOCIDO,1,4.0,4.0,,,DESCONOCIDO
TXN_7187140,Jugo,2,3.0,6.0,Tarjeta Crédito,Restaurante,2023-05-25
TXN_6988675,Café,1,2.0,2.0,,Restaurante,2023-02-24
TXN_1108326,Torta,2,3.0,ERROR,,Para llevar,ERROR
TXN_6544160,Ensalada,DESCONOCIDO,5.0,5.0,DESCONOCIDO,ERROR,2023-02-05
TXN_3053494,,5,3.0,15.0,Nequi/Daviplata,Restaurante,2023-06-11
TXN_9653700,ERROR,1,3.0,3.0,Tarjeta Crédito,,2023-03-12
TXN_4623303,Granizado,3,4.0,12.0,,Restaurante,2023-01-29
TXN_7568175,Ensalada,1,5.0,5.0,Efectivo,Restaurante,2023-11-06
TXN_4968258,Granizado,2,4.0,8.0,,Para llevar,2023-05-14
TXN_8843061,Granizado,1,4.0,4.0,Efectivo,Para llevar,2023-11-10
TXN_5666241,Galleta,ERROR,1.0,4.0,,Para llevar,2023-07-18
TXN_7079566,Jugo,4,3.0,12.0,Nequi/Daviplata,Restaurante,2023-10-20
TXN_3937788,Granizado,1,4.0,4.0,Efectivo,Restaurante,2023-06-27
TXN_3397034,Torta,4,3.0,12.0,,ERROR,2023-04-11
TXN_8343414,Ensalada,2,5.0,10.0,Tarjeta Crédito,Para llevar,2023-02-28
TXN_4204491,Granizado,2,4.0,8.0,Nequi/Daviplata,,2023-04-25
TXN_4801327,Torta,5,3.0,15.0,Efectivo,Restaurante,2023-02-03
TXN_4276482,Sandwich,4,4.0,16.0,,Para llevar,2023-08-26
TXN_6025054,Café,1,2.0,2.0,Tarjeta Crédito,Para llevar,2023-03-10
TXN_1485725,Ensalada,5,5.0,25.0,,Restaurante,2023-12-10
TXN_9929033,Café,2,2.0,4.0,Efectivo,Para llevar,2023-02-17
TXN_1888706,Galleta,1,1.0,1.0,,Para llevar,2023-11-26
TXN_7495804,Jugo,3,3.0,9.0,Tarjeta Crédito,Para llevar,2023-11-24
TXN_5133476,Jugo,4,3.0,12.0,ERROR,,2023-03-17
TXN_5542500,Sandwich,3,DESCONOCIDO,12.0,Tarjeta Crédito,,2023-07-19
TXN_5895330,Ensalada,5,5.0,25.0,,Restaurante,2023-05-12
TXN_5351447,Ensalada,4,5.0,20.0,,,2023-07-20
TXN_8505782,Galleta,2,1.0,2.0,,Restaurante,2023-11-24
TXN_8365530,,4,DESCONOCIDO,16.0,,Para llevar,2023-03-10
TXN_2357107,Sandwich,1,4.0,4.0,,Restaurante,2023-07-05
TXN_1371708,Galleta,2,1.0,2.0,,Para llevar,2023-03-14
TXN_6265785,ERROR,5,5.0,25.0,Tarjeta Crédito,Para llevar,2023-08-26
TXN_6806563,Café,1,2.0,2.0,,,2023-04-16
TXN_8183734,Galleta,2,1.0,2.0,Nequi/Daviplata,Restaurante,2023-08-25
TXN_6882503,Te,1,1.5,1.5,,Restaurante,2023-01-02
TXN_2785654,Te,1,1.5,1.5,Tarjeta Crédito,Para llevar,2023-02-21
TXN_1453579,Sandwich,5,4.0,20.0,,,2023-01-21
TXN_1121833,Café,4,2.0,8.0,Tarjeta Crédito,Restaurante,2023-03-16
TXN_1277989,DESCONOCIDO,5,1.5,7.5,,Restaurante,2023-08-09
TXN_8249996,DESCONOCIDO,DESCONOCIDO,1.0,4.0,Nequi/Daviplata,,2023-09-19
TXN_7471281,Sandwich,5,4.0,20.0,,,2023-06-16
TXN_1512159,Torta,2,3.0,6.0,Tarjeta Crédito,Restaurante,2023-11-25
TXN_4008899,Ensalada,4,5.0,20.0,,,2023-05-07
TXN_4566950,Café,2,2.0,4.0,Efectivo,Para llevar,2023-09-29
TXN_6648081,Ensalada,4,5.0,20.0,,Para llevar,2023-04-24
TXN_5094936,Café,4,2.0,8.0,,Restaurante,2023-07-12
TXN_8154928,Te,3,1.5,ERROR,Tarjeta Crédito,,2023-07-26
TXN_6550707,Café,1,2.0,,Nequi/Daviplata,,2023-03-01
TXN_3676019,Jugo,4,3.0,12.0,Nequi/Daviplata,,2023-11-07
TXN_2486026,Te,5,ERROR,7.5,Nequi/Daviplata,Restaurante,2023-03-26
TXN_9644830,Galleta,1,1.0,1.0,,,2023-11-24
TXN_3219378,Ensalada,3,5.0,15.0,Nequi/Daviplata,Restaurante,2023-12-04
TXN_6372515,Galleta,1,1.0,1.0,Nequi/Daviplata,Restaurante,2023-11-22
TXN_4692681,Te,2,1.5,3.0,,,2023-06-02
TXN_9364172,Te,4,1.5,6.0,,Para llevar,2023-03-18
TXN_4745933,Ensalada,1,5.0,5.0,Nequi/Daviplata,Restaurante,2023-11-05
TXN_6540267,Ensalada,2,5.0,10.0,,Para llevar,2023-09-26
TXN_6994245,Café,4,2.0,8.0,Nequi/Daviplata,Restaurante,2023-12-30
TXN_8973007,Café,5,2.0,10.0,,Para llevar,2023-02-07
TXN_5108183,Granizado,,4.0,16.0,Tarjeta Crédito,ERROR,2023-08-31
TXN_8103630,Galleta,1,1.0,1.0,Nequi/Daviplata,Para llevar,2023-03-08
TXN_2575160,Te,5,1.5,7.5,,DESCONOCIDO,2023-01-02
TXN_8002309,Sandwich,1,4.0,4.0,,,2023-04-04
TXN_3252542,Sandwich,5,4.0,20.0,Nequi/Daviplata,Restaurante,2023-09-22
TXN_4775220,Jugo,3,3.0,9.0,,Para llevar,2023-07-21
TXN_4413197,Te,4,1.5,6.0,Nequi/Daviplata,,2023-09-06
TXN_1283149,Ensalada,2,5.0,10.0,Tarjeta Crédito,Restaurante,2023-01-23
TXN_6822426,Torta,5,3.0,15.0,Nequi/Daviplata,Restaurante,2023-05-27
TXN_8210816,Ensalada,4,5.0,20.0,Nequi/Daviplata,Para llevar,2023-08-12
TXN_5896728,Jugo,4,3.0,12.0,Nequi/Daviplata,Para llevar,2023-10-06
TXN_4407308,Te,4,1.5,6.0,Nequi/Daviplata,Restaurante,2023-09-19
TXN_7710078,Jugo,2,3.0,6.0,Tarjeta Crédito,Para llevar,2023-12-05
TXN_5206046,Sandwich,3,4.0,12.0,,Restaurante,DESCONOCIDO
TXN_6016707,Jugo,1,3.0,3.0,Efectivo,Restaurante,2023-06-27
TXN_7895436,Torta,3,3.0,9.0,,,2023-09-09
TXN_3600632,DESCONOCIDO,4,2.0,8.0,Efectivo,Para llevar,2023-12-09
TXN_4565969,Café,3,2.0,6.0,,Para llevar,2023-03-16
TXN_7821478,Torta,4,,12.0,Efectivo,Restaurante,2023-05-24
TXN_2971555,Torta,1,3.0,3.0,Efectivo,,2023-02-24
TXN_1465364,Te,4,1.5,6.0,Nequi/Daviplata,Restaurante,ERROR
TXN_9664173,Sandwich,1,4.0,4.0,,Restaurante,2023-03-20
TXN_4049270,,5,2.0,10.0,Nequi/Daviplata,Restaurante,2023-07-28
TXN_4731715,Café,5,2.0,10.0,,,2023-03-14
TXN_3377626,Galleta,5,1.0,5.0,Efectivo,Restaurante,2023-07-23
TXN_5753111,Ensalada,1,5.0,5.0,Tarjeta Crédito,,2023-04-25
TXN_2054549,Granizado,DESCONOCIDO,4.0,4.0,DESCONOCIDO,Restaurante,2023-04-07
TXN_6996548,Café,DESCONOCIDO,2.0,2.0,Tarjeta Crédito,,2023-06-24
TXN_6761402,ERROR,1,2.0,2.0,,Para llevar,2023-08-31
TXN_1983842,Torta,5,3.0,15.0,Nequi/Daviplata,ERROR,2023-03-16
TXN_4982165,Te,1,1.5,1.5,Tarjeta Crédito,Para llevar,2023-04-12
TXN_5679295,Te,5,ERROR,7.5,,Para llevar,2023-04-30
TXN_9194266,Ensalada,5,5.0,25.0,Efectivo,,2023-10-30
TXN_1141920,Café,4,2.0,8.0,Nequi/Daviplata,,2023-10-26
TXN_8878500,Ensalada,4,5.0,20.0,,,2023-02-24
TXN_1012349,DESCONOCIDO,4,3.0,12.0,Efectivo,Restaurante,2023-07-08
TXN_3811655,Granizado,2,4.0,ERROR,,,DESCONOCIDO
TXN_1581562,Café,2,2.0,4.0,Efectivo,Restaurante,2023-01-01
TXN_6762236,Jugo,4,3.0,12.0,DESCONOCIDO,Restaurante,2023-01-17
TXN_1041891,Galleta,5,1.0,5.0,,,2023-08-09
TXN_6467796,,5,2.0,10.0,Tarjeta Crédito,Para llevar,2023-10-25
TXN_8701045,DESCONOCIDO,2,3.0,6.0,Efectivo,Restaurante,2023-06-07
TXN_9656325,ERROR,2,2.0,4.0,Tarjeta Crédito,Para llevar,2023-03-31
TXN_2716560,Sandwich,4,4.0,16.0,Tarjeta Crédito,Para llevar,2023-08-29
TXN_4141941,Café,2,2.0,4.0,Nequi/Daviplata,Restaurante,2023-05-18
TXN_4633505,,3,1.5,4.5,Nequi/Daviplata,Para llevar,2023-08-25
TXN_5283053,Jugo,4,3.0,12.0,Nequi/Daviplata,,2023-04-30
TXN_1054912,Sandwich,3,4.0,12.0,Efectivo,,2023-08-02
TXN_9100081,Jugo,1,3.0,3.0,Efectivo,,2023-08-18
TXN_5129701,Granizado,2,4.0,8.0,Tarjeta Crédito,Para llevar,2023-11-09
TXN_7021592,Ensalada,4,5.0,20.0,Tarjeta Crédito,Restaurante,2023-07-01
TXN_8644119,Sandwich,ERROR,4.0,20.0,,,2023-10-01
TXN_3041142,Granizado,3,4.0,12.0,Nequi/Daviplata,ERROR,2023-12-22
TXN_5618631,Café,5,2.0,10.0,Tarjeta Crédito,Restaurante,2023-12-21
TXN_6496379,Sandwich,1,4.0,4.0,Efectivo,Para llevar,2023-12-24
TXN_1486119,Galleta,4,1.0,4.0,,DESCONOCIDO,2023-08-24
TXN_2386202,Ensalada,4,5.0,20.0,Efectivo,Restaurante,2023-01-22
TXN_6836109,Café,4,2.0,8.0,,Para llevar,2023-04-09
TXN_9190061,Ensalada,5,5.0,25.0,Efectivo,Para llevar,2023-06-14
TXN_1691512,Granizado,1,4.0,4.0,,DESCONOCIDO,2023-03-25
TXN_1059293,DESCONOCIDO,5,4.0,20.0,DESCONOCIDO,,2023-12-04
TXN_8813052,Te,4,1.5,6.0,,Restaurante,DESCONOCIDO
TXN_2495471,Ensalada,3,5.0,15.0,Tarjeta Crédito,Para llevar,2023-10-22
TXN_7708201,Ensalada,3,5.0,15.0,Efectivo,,2023-01-04
TXN_2038871,Te,2,1.5,3.0,,Para llevar,2023-07-15
TXN_7195393,Ensalada,2,5.0,10.0,Tarjeta Crédito,Restaurante,2023-01-24
TXN_8022892,Sandwich,4,4.0,16.0,Nequi/Daviplata,Restaurante,2023-08-07
TXN_4298189,Café,1,2.0,2.0,Nequi/Daviplata,Restaurante,2023-10-13
TXN_4967446,Sandwich,1,4.0,4.0,ERROR,Restaurante,2023-07-11
TXN_3368231,Te,3,1.5,4.5,,,2023-08-11
TXN_7353699,Te,5,1.5,7.5,Nequi/Daviplata,,2023-07-20
TXN_6888998,Café,5,2.0,10.0,,,2023-02-27
TXN_3541304,Sandwich,3,4.0,12.0,Efectivo,Restaurante,2023-04-22
TXN_8188818,Te,2,1.5,3.0,ERROR,,2023-10-07
TXN_9431971,Granizado,1,4.0,4.0,Tarjeta Crédito,ERROR,2023-07-17
TXN_4543742,Café,3,2.0,6.0,Nequi/Daviplata,,2023-03-28
TXN_5961027,Torta,2,3.0,6.0,Efectivo,Restaurante,
TXN_1807140,Ensalada,ERROR,5.0,5.0,Efectivo,,2023-03-22
TXN_3007866,Jugo,4,3.0,12.0,Tarjeta Crédito,Restaurante,2023-04-14
TXN_6779377,Granizado,5,4.0,20.0,,Restaurante,2023-10-06
TXN_7053830,Café,3,2.0,6.0,Nequi/Daviplata,,2023-02-14
TXN_3660048,Torta,1,,3.0,Tarjeta Crédito,ERROR,
TXN_6522299,Te,2,1.5,3.0,Efectivo,ERROR,2023-08-29
TXN_5811766,Torta,5,DESCONOCIDO,15.0,Nequi/Daviplata,Restaurante,DESCONOCIDO
TXN_2848421,Galleta,1,1.0,1.0,Nequi/Daviplata,Restaurante,2023-08-07
TXN_4935533,DESCONOCIDO,1,4.0,4.0,,Restaurante,2023-06-12
TXN_2389320,Café,2,2.0,4.0,,Para llevar,2023-07-26
TXN_8423155,Café,1,2.0,2.0,,Para llevar,2023-07-03
TXN_6053617,Sandwich,2,4.0,8.0,Tarjeta Crédito,,2023-11-25
TXN_8384372,Te,4,1.5,6.0,Nequi/Daviplata,,2023-08-07
TXN_3426338,Ensalada,1,5.0,5.0,Efectivo,Restaurante,2023-07-31
TXN_4581359,Jugo,2,3.0,6.0,Tarjeta Crédito,,2023-03-22
TXN_3561451,Ensalada,4,5.0,20.0,Tarjeta Crédito,,2023-05-31
TXN_7768989,Sandwich,2,4.0,ERROR,Efectivo,Restaurante,2023-10-02
TXN_5963316,Te,2,1.5,,Tarjeta Crédito,Para llevar,2023-06-25
TXN_4265942,Café,5,2.0,10.0,,DESCONOCIDO,2023-04-24
TXN_6014389,Galleta,5,1.0,5.0,Tarjeta Crédito,Restaurante,2023-07-21
TXN_7358729,Galleta,2,1.0,2.0,Efectivo,Para llevar,2023-02-25
TXN_9815521,Sandwich,3,4.0,12.0,Tarjeta Crédito,Restaurante,2023-05-26
TXN_8325221,,2,2.0,4.0,Tarjeta Crédito,ERROR,2023-11-17
TXN_8267031,Torta,,3.0,6.0,,Para llevar,2023-03-28
TXN_1950187,Te,2,1.5,3.0,Tarjeta Crédito,Para llevar,2023-04-13
TXN_9518691,Ensalada,2,5.0,10.0,Tarjeta Crédito,ERROR,2023-03-30
TXN_3612790,Granizado,1,,4.0,,,2023-09-01
TXN_5436816,Ensalada,3,5.0,15.0,Tarjeta Crédito,,2023-08-04
TXN_7896586,Sandwich,2,4.0,8.0,Tarjeta Crédito,,2023-09-04
TXN_5835004,Granizado,5,4.0,20.0,Tarjeta Crédito,Restaurante,2023-04-14
TXN_3774886,Sandwich,3,4.0,12.0,,,2023-06-01
TXN_5950951,Ensalada,1,5.0,,Tarjeta Crédito,Restaurante,2023-04-10
TXN_3918096,Jugo,4,3.0,12.0,,DESCONOCIDO,2023-08-17
TXN_2786231,Jugo,1,3.0,3.0,Efectivo,Para llevar,2023-08-17
TXN_3803063,,4,ERROR,12.0,Tarjeta Crédito,Para llevar,2023-11-23
TXN_4262451,Café,1,2.0,2.0,Nequi/Daviplata,Para llevar,2023-10-16
TXN_4773210,Café,1,2.0,2.0,Tarjeta Crédito,,2023-11-29
TXN_1231366,Sandwich,3,4.0,12.0,Nequi/Daviplata,Para llevar,2023-11-28
TXN_6596377,Galleta,5,ERROR,5.0,,,2023-08-02
TXN_2713279,Galleta,4,1.0,4.0,Nequi/Daviplata,Restaurante,2023-02-12
TXN_4247602,Ensalada,5,5.0,25.0,Tarjeta Crédito,Para llevar,2023-07-13
TXN_2446298,Jugo,ERROR,3.0,15.0,,Restaurante,2023-05-21
TXN_7258784,,4,2.0,8.0,Efectivo,Restaurante,2023-09-21
TXN_5164540,Te,2,1.5,3.0,,Para llevar,2023-01-05
TXN_6488040,Ensalada,1,5.0,ERROR,Nequi/Daviplata,Para llevar,2023-05-20
TXN_9850842,Te,3,ERROR,4.5,ERROR,,2023-01-23
TXN_7269738,Galleta,3,1.0,3.0,Efectivo,,2023-05-26
TXN_2638760,Torta,5,3.0,15.0,Efectivo,,2023-02-09
TXN_3459152,Torta,ERROR,3.0,9.0,Nequi/Daviplata,,2023-06-28
TXN_8013818,Te,2,1.5,3.0,,DESCONOCIDO,2023-07-24
TXN_8077367,Te,,DESCONOCIDO,7.5,Tarjeta Crédito,,2023-02-27
TXN_6643922,Café,5,2.0,10.0,Nequi/Daviplata,Restaurante,2023-06-24
TXN_8388056,Ensalada,1,5.0,5.0,Tarjeta Crédito,,2023-06-23
TXN_4728936,Jugo,4,3.0,12.0,Nequi/Daviplata,Para llevar,2023-02-27
TXN_6386388,Te,3,1.5,4.5,Tarjeta Crédito,Para llevar,2023-05-21
TXN_9443285,Torta,2,3.0,6.0,Tarjeta Crédito,,2023-05-27
TXN_6377838,Torta,2,3.0,6.0,Nequi/Daviplata,Para llevar,2023-02-19
TXN_7483986,Ensalada,2,5.0,10.0,,Para llevar,2023-03-24
TXN_7719510,Jugo,3,3.0,9.0,Tarjeta Crédito,Para llevar,2023-08-14
TXN_7908153,Galleta,3,1.0,3.0,Efectivo,Restaurante,2023-01-19
TXN_3083412,Café,5,DESCONOCIDO,10.0,Tarjeta Crédito,Restaurante,DESCONOCIDO
TXN_8159649,,4,2.0,8.0,,Restaurante,2023-06-15
TXN_5391160,Jugo,2,3.0,6.0,Efectivo,Restaurante,2023-03-09
TXN_8324715,Sandwich,5,4.0,20.0,Tarjeta Crédito,,2023-03-21
TXN_7353685,Sandwich,2,4.0,,,Restaurante,DESCONOCIDO
TXN_1985223,Granizado,3,4.0,12.0,Nequi/Daviplata,Para llevar,2023-09-21
TXN_2944460,Ensalada,1,5.0,5.0,Nequi/Daviplata,Restaurante,2023-04-16
TXN_6957157,Torta,1,3.0,3.0,,,2023-02-01
TXN_5693294,,3,3.0,9.0,Tarjeta Crédito,,2023-12-30
TXN_2887257,Galleta,3,1.0,3.0,Tarjeta Crédito,Restaurante,2023-08-27
TXN_3986876,Torta,3,3.0,9.0,Efectivo,Para llevar,2023-11-06
TXN_1066604,Sandwich,5,4.0,20.0,Tarjeta Crédito,,2023-05-18
TXN_2494494,Café,1,2.0,2.0,Efectivo,,2023-06-13
TXN_4464373,Galleta,2,1.0,2.0,Nequi/Daviplata,Restaurante,2023-04-22
TXN_7844770,Torta,2,3.0,6.0,Nequi/Daviplata,,2023-01-31
TXN_9968943,Granizado,1,4.0,4.0,Nequi/Daviplata,ERROR,2023-07-25
TXN_4051488,Galleta,4,1.0,4.0,,Para llevar,2023-06-09
TXN_2668838,Torta,4,3.0,12.0,,Para llevar,2023-05-11
TXN_8039752,,2,2.0,4.0,,Para llevar,2023-11-28
TXN_3388908,Galleta,4,ERROR,4.0,,Para llevar,2023-11-22
TXN_2096487,ERROR,5,4.0,20.0,Nequi/Daviplata,Para llevar,2023-08-09
TXN_8795794,Sandwich,3,4.0,12.0,Efectivo,Restaurante,2023-02-13
TXN_4627457,Torta,3,3.0,9.0,,Restaurante,2023-12-13
TXN_2352308,Galleta,2,1.0,2.0,Efectivo,,2023-11-10
TXN_3980743,Ensalada,1,5.0,5.0,,Para llevar,2023-09-21
TXN_6538210,Granizado,1,4.0,4.0,,Restaurante,2023-12-29
TXN_3749051,,ERROR,4.0,12.0,,Para llevar,2023-04-19
TXN_6683798,Galleta,1,1.0,ERROR,Nequi/Daviplata,Para llevar,2023-07-26
TXN_7246683,Granizado,1,4.0,4.0,Nequi/Daviplata,Para llevar,2023-05-17
TXN_6755348,,5,4.0,20.0,,,2023-06-23
TXN_3691228,Torta,3,3.0,9.0,Efectivo,Para llevar,2023-10-26
TXN_7407946,Ensalada,3,5.0,15.0,Tarjeta Crédito,,2023-03-26
TXN_8635803,Te,2,1.5,3.0,Efectivo,,2023-03-17
TXN_9550508,Granizado,5,ERROR,20.0,,,2023-11-18
TXN_8010562,Sandwich,1,4.0,4.0,Efectivo,,2023-07-23
TXN_2501648,Torta,2,3.0,6.0,Tarjeta Crédito,DESCONOCIDO,2023-12-05
TXN_9455679,Ensalada,5,5.0,25.0,,Para llevar,2023-05-18
TXN_8105705,Jugo,1,3.0,3.0,Nequi/Daviplata,Para llevar,2023-10-17
TXN_9676096,Torta,3,3.0,9.0,Nequi/Daviplata,,2023-04-05
TXN_8476828,,3,1.5,4.5,ERROR,Para llevar,2023-10-25
TXN_2126034,Café,4,,8.0,Efectivo,Restaurante,2023-10-30
TXN_2151258,Torta,3,3.0,9.0,Tarjeta Crédito,DESCONOCIDO,2023-08-09
TXN_3672345,Te,3,1.5,4.5,Tarjeta Crédito,,2023-10-17
TXN_6793298,Te,2,1.5,3.0,Tarjeta Crédito,,2023-04-14
TXN_3951329,Sandwich,ERROR,4.0,4.0,Tarjeta Crédito,Para llevar,2023-12-28
TXN_7480853,Granizado,2,ERROR,8.0,Nequi/Daviplata,Restaurante,2023-10-07
TXN_4944024,Granizado,2,4.0,8.0,,Para llevar,2023-09-26
TXN_6687528,Jugo,2,3.0,6.0,,,2023-05-06
TXN_5531648,Café,5,2.0,10.0,Efectivo,Para llevar,2023-01-23
TXN_8789736,Café,2,2.0,4.0,Tarjeta Crédito,,2023-05-06
TXN_9938977,Torta,5,3.0,15.0,Efectivo,Restaurante,2023-12-18
TXN_2730798,Te,4,1.5,6.0,Tarjeta Crédito,,2023-12-01
TXN_3749801,Torta,5,3.0,DESCONOCIDO,Tarjeta Crédito,Para llevar,2023-01-03
TXN_3326626,Torta,2,3.0,6.0,Efectivo,Para llevar,2023-09-26
TXN_4843989,Te,4,1.5,6.0,Nequi/Daviplata,Para llevar,2023-09-30
TXN_6606514,Jugo,1,3.0,3.0,Tarjeta Crédito,Restaurante,2023-06-25
TXN_6187752,Granizado,5,4.0,20.0,,Para llevar,2023-12-24
TXN_1666190,Granizado,4,4.0,16.0,,Para llevar,2023-07-28
TXN_9438576,Galleta,1,1.0,1.0,Tarjeta Crédito,Restaurante,2023-05-05
TXN_1344947,Torta,3,3.0,9.0,,Para llevar,2023-02-16
TXN_4978922,Galleta,4,1.0,4.0,Efectivo,,
TXN_3951552,Ensalada,2,DESCONOCIDO,10.0,Efectivo,Restaurante,2023-03-25
TXN_3916668,Jugo,2,3.0,6.0,Nequi/Daviplata,,2023-05-14
TXN_4789941,Sandwich,3,4.0,12.0,Tarjeta Crédito,,2023-04-17
TXN_6957001,Te,4,1.5,6.0,DESCONOCIDO,Restaurante,2023-08-08
TXN_3536893,Ensalada,2,5.0,10.0,,,2023-05-16
TXN_4519915,Granizado,,4.0,4.0,Nequi/Daviplata,Restaurante,2023-05-15
TXN_3269434,Jugo,1,3.0,3.0,Efectivo,,2023-02-01
TXN_3291988,Jugo,2,3.0,6.0,Tarjeta Crédito,,2023-07-03
TXN_7083611,Torta,2,3.0,6.0,,ERROR,2023-05-15
TXN_1875220,Te,3,1.5,4.5,Efectivo,Restaurante,2023-03-07
TXN_1926712,Café,5,2.0,DESCONOCIDO,Tarjeta Crédito,,2023-01-31
TXN_5552114,Sandwich,2,4.0,8.0,,Restaurante,2023-06-13
TXN_5672583,Jugo,2,3.0,,Efectivo,Para llevar,2023-04-09
TXN_3717444,Granizado,3,4.0,12.0,ERROR,,2023-09-07
TXN_1899114,Te,3,1.5,4.5,Nequi/Daviplata,Para llevar,2023-04-05
TXN_2625388,Café,5,2.0,10.0,Nequi/Daviplata,Restaurante,2023-02-09
TXN_7153665,Ensalada,5,5.0,25.0,Efectivo,Restaurante,2023-07-31
TXN_9161256,Granizado,2,4.0,8.0,Nequi/Daviplata,Restaurante,2023-01-01
TXN_2010060,DESCONOCIDO,1,3.0,3.0,Efectivo,,2023-11-09
TXN_9077843,Te,3,1.5,4.5,,,2023-03-28
TXN_5611262,DESCONOCIDO,2,5.0,10.0,Nequi/Daviplata,Restaurante,2023-05-22
TXN_3255254,Jugo,4,3.0,12.0,Efectivo,,2023-03-23
TXN_9275800,Granizado,3,4.0,12.0,Efectivo,,2023-05-01
TXN_2430215,ERROR,2,1.0,2.0,Nequi/Daviplata,,2023-04-10
TXN_1372003,Te,4,1.5,6.0,Nequi/Daviplata,Para llevar,2023-10-13
TXN_7364110,Café,5,2.0,10.0,Efectivo,,
TXN_7202644,Granizado,5,4.0,20.0,,Para llevar,2023-08-01
TXN_5330387,Café,3,2.0,6.0,,,2023-10-21
TXN_2119809,Ensalada,5,5.0,25.0,Nequi/Daviplata,Restaurante,2023-04-21
TXN_5587224,Ensalada,2,5.0,10.0,ERROR,Restaurante,2023-01-05
TXN_6332132,Jugo,3,3.0,9.0,DESCONOCIDO,Para llevar,DESCONOCIDO
TXN_2185661,Sandwich,4,4.0,,Efectivo,,2023-03-16
TXN_2491186,Ensalada,5,5.0,25.0,,,2023-11-28
TXN_1891217,Te,5,1.5,7.5,,,2023-04-02
TXN_8977555,Torta,2,3.0,ERROR,Efectivo,,2023-07-21
TXN_7179922,Torta,2,3.0,6.0,,Restaurante,2023-09-05
TXN_5114283,Te,1,1.5,1.5,Nequi/Daviplata,Restaurante,2023-05-28
TXN_1528454,Café,2,2.0,4.0,,Restaurante,2023-03-22
TXN_5615114,Te,4,1.5,6.0,Nequi/Daviplata,ERROR,2023-10-31
TXN_4968659,Te,5,1.5,7.5,Tarjeta Crédito,,2023-03-18
TXN_4858666,Torta,3,3.0,9.0,Tarjeta Crédito,,2023-03-18
TXN_3502394,DESCONOCIDO,3,2.0,6.0,Tarjeta Crédito,Restaurante,2023-09-02
TXN_4754723,Café,2,2.0,4.0,Tarjeta Crédito,,
TXN_1902009,DESCONOCIDO,2,3.0,6.0,Tarjeta Crédito,,2023-04-12
TXN_8492074,Te,3,1.5,4.5,Nequi/Daviplata,Restaurante,2023-11-12
TXN_6355908,Sandwich,3,4.0,12.0,Tarjeta Crédito,,2023-03-28
TXN_6856530,Granizado,5,4.0,20.0,Nequi/Daviplata,,2023-11-11
TXN_1180397,Granizado,3,4.0,12.0,Tarjeta Crédito,Para llevar,2023-04-05
TXN_4747863,Galleta,2,1.0,2.0,Nequi/Daviplata,Restaurante,2023-10-04
TXN_3979966,Granizado,5,4.0,20.0,,Para llevar,2023-08-23
TXN_5127984,Sandwich,3,4.0,12.0,Efectivo,Restaurante,2023-11-12
TXN_9904214,Sandwich,5,4.0,20.0,,Para llevar,2023-03-13
TXN_9948753,Te,2,1.5,3.0,,Para llevar,2023-05-09
TXN_8263172,ERROR,2,3.0,6.0,,Para llevar,2023-12-30
TXN_1196223,Jugo,3,3.0,9.0,Nequi/Daviplata,Restaurante,2023-10-14
TXN_2401073,Café,4,2.0,8.0,Tarjeta Crédito,,2023-02-10
TXN_9639089,Jugo,4,3.0,12.0,Tarjeta Crédito,Restaurante,2023-05-14
TXN_8654093,Café,3,2.0,6.0,Nequi/Daviplata,DESCONOCIDO,2023-11-29
TXN_1038397,Galleta,3,1.0,3.0,,Restaurante,2023-05-20
TXN_8872715,Galleta,2,1.0,2.0,Nequi/Daviplata,Para llevar,DESCONOCIDO
TXN_4638979,Ensalada,1,5.0,5.0,,,2023-06-28
TXN_5506097,,5,4.0,20.0,Efectivo,Para llevar,2023-05-04
TXN_9579984,Ensalada,5,5.0,25.0,Tarjeta Crédito,,2023-12-25
TXN_6087578,Te,1,1.5,1.5,Tarjeta Crédito,,2023-12-17
TXN_5297299,Café,5,2.0,10.0,,,2023-10-04
TXN_7526174,Jugo,3,3.0,9.0,Tarjeta Crédito,,2023-08-06
TXN_5401244,Ensalada,1,5.0,5.0,Tarjeta Crédito,Restaurante,2023-07-08
TXN_7470034,Granizado,5,4.0,20.0,Nequi/Daviplata,Para llevar,
TXN_7775760,Torta,4,3.0,,,,2023-02-21
TXN_5820892,Jugo,1,3.0,3.0,Nequi/Daviplata,ERROR,2023-11-14
TXN_3801338,Sandwich,3,4.0,12.0,Tarjeta Crédito,,2023-11-03
TXN_1521861,ERROR,5,3.0,15.0,Efectivo,Restaurante,2023-04-02
TXN_8365857,Granizado,5,4.0,20.0,Nequi/Daviplata,Para llevar,2023-10-06
TXN_9349657,Galleta,2,1.0,2.0,Tarjeta Crédito,Restaurante,2023-03-14
TXN_4503716,Torta,1,3.0,3.0,,,2023-11-12
TXN_5679014,Café,1,2.0,2.0,,Restaurante,2023-06-12
TXN_1161606,Sandwich,5,4.0,20.0,Tarjeta Crédito,Para llevar,2023-09-20
TXN_5938359,Galleta,2,1.0,2.0,Tarjeta Crédito,,2023-06-02
TXN_7565894,Ensalada,1,5.0,5.0,Efectivo,Para llevar,2023-07-15
TXN_1987311,Granizado,1,4.0,4.0,,Restaurante,2023-08-03
TXN_4656387,Galleta,2,1.0,2.0,Nequi/Daviplata,,2023-07-25
TXN_9277276,Torta,4,3.0,12.0,Tarjeta Crédito,Para llevar,2023-09-15
TXN_1576076,Café,3,2.0,6.0,Efectivo,Para llevar,2023-10-07
TXN_3676632,Granizado,4,4.0,16.0,Tarjeta Crédito,,2023-12-11
TXN_9945457,Galleta,4,1.0,4.0,Efectivo,,2023-06-28
TXN_6508674,ERROR,2,3.0,6.0,,Para llevar,2023-02-09
TXN_4579086,Torta,2,3.0,6.0,Tarjeta Crédito,Restaurante,2023-07-20
TXN_2421873,Café,2,2.0,4.0,Tarjeta Crédito,,2023-02-18
TXN_3601382,Ensalada,3,5.0,15.0,,,2023-02-12
TXN_2323650,Te,4,1.5,6.0,Nequi/Daviplata,,2023-10-09
TXN_3587916,Ensalada,3,5.0,15.0,Efectivo,Restaurante,2023-07-09
TXN_8914956,Galleta,2,1.0,2.0,Tarjeta Crédito,,2023-05-13
TXN_9080521,Café,2,2.0,4.0,Tarjeta Crédito,Restaurante,2023-01-24
TXN_1450705,Galleta,5,1.0,5.0,,,2023-10-07
TXN_9648941,Café,2,2.0,4.0,Efectivo,Para llevar,2023-06-30
TXN_9989719,Granizado,2,4.0,8.0,Tarjeta Crédito,Para llevar,2023-11-26
TXN_8409154,Torta,4,3.0,12.0,Nequi/Daviplata,,2023-06-20
TXN_4630633,Sandwich,1,4.0,4.0,DESCONOCIDO,Para llevar,2023-10-22
TXN_8332592,Jugo,DESCONOCIDO,3.0,15.0,,,2023-03-25
TXN_5736595,Café,3,2.0,6.0,Tarjeta Crédito,ERROR,2023-08-14
TXN_2264883,Jugo,2,3.0,6.0,Tarjeta Crédito,Para llevar,2023-12-24
TXN_6137394,Sandwich,1,4.0,4.0,ERROR,Restaurante,2023-11-22
TXN_4127927,Ensalada,5,5.0,25.0,,Para llevar,2023-08-04
TXN_7256205,Jugo,4,3.0,ERROR,Efectivo,,2023-04-08
TXN_1766527,DESCONOCIDO,4,5.0,DESCONOCIDO,Nequi/Daviplata,,2023-02-07
TXN_7591982,Ensalada,1,5.0,5.0,Efectivo,,2023-02-28
TXN_5530273,Torta,3,3.0,9.0,Nequi/Daviplata,ERROR,2023-01-13
TXN_2958213,,5,1.0,5.0,DESCONOCIDO,,2023-08-15
TXN_2057961,Jugo,2,3.0,6.0,,Restaurante,2023-10-04
TXN_9705027,Galleta,2,1.0,,Efectivo,,DESCONOCIDO
TXN_6367976,Jugo,1,3.0,3.0,Nequi/Daviplata,,2023-10-16
TXN_9921277,Torta,,3.0,3.0,,Para llevar,2023-01-29
TXN_4867316,Sandwich,1,4.0,4.0,Nequi/Daviplata,,2023-11-28
TXN_6704173,Granizado,2,4.0,8.0,Tarjeta Crédito,,2023-07-24
TXN_9510130,Ensalada,4,5.0,20.0,Efectivo,,2023-03-06
TXN_1192009,Café,1,2.0,2.0,ERROR,,2023-05-18
TXN_2899889,Ensalada,2,5.0,10.0,,Restaurante,2023-12-09
TXN_7172693,,5,5.0,25.0,Tarjeta Crédito,Restaurante,2023-03-23
TXN_6862603,Ensalada,4,5.0,20.0,Tarjeta Crédito,Para llevar,2023-04-17
TXN_5761207,Granizado,3,4.0,12.0,Tarjeta Crédito,,2023-04-19
TXN_9852820,Ensalada,2,5.0,10.0,Tarjeta Crédito,Restaurante,2023-08-27
TXN_5939783,Galleta,2,1.0,2.0,,Para llevar,DESCONOCIDO
TXN_2062604,Café,2,2.0,4.0,Efectivo,Restaurante,ERROR
TXN_9531812,Sandwich,2,4.0,8.0,Nequi/Daviplata,Restaurante,2023-02-04
TXN_1423173,Granizado,5,4.0,20.0,Tarjeta Crédito,,2023-10-02
TXN_9811007,Galleta,5,1.0,5.0,Tarjeta Crédito,,2023-03-07
TXN_4346813,Ensalada,5,5.0,25.0,,ERROR,2023-07-07
TXN_4383311,Torta,2,DESCONOCIDO,6.0,DESCONOCIDO,Restaurante,2023-09-23
TXN_5935353,,2,ERROR,8.0,Tarjeta Crédito,ERROR,2023-05-01
TXN_6778796,Torta,5,3.0,15.0,Efectivo,,2023-11-29
TXN_2119373,Ensalada,4,5.0,20.0,Tarjeta Crédito,Restaurante,2023-06-30
TXN_6803555,Te,2,1.5,3.0,Nequi/Daviplata,Para llevar,2023-05-31
TXN_7010218,Galleta,4,1.0,4.0,,Para llevar,2023-04-29
TXN_1707537,Torta,3,3.0,ERROR,Nequi/Daviplata,Para llevar,2023-10-17
TXN_8470187,Jugo,3,3.0,9.0,,Para llevar,2023-06-28
TXN_6087604,Sandwich,4,4.0,16.0,Nequi/Daviplata,,2023-01-27
TXN_9825905,Café,1,2.0,2.0,Nequi/Daviplata,ERROR,2023-01-04
TXN_2086557,Granizado,2,4.0,8.0,Efectivo,Restaurante,2023-01-13
TXN_9077087,Jugo,1,3.0,3.0,,Restaurante,2023-05-08
TXN_7714902,Café,4,2.0,8.0,Efectivo,,2023-09-10
TXN_2154477,Torta,4,3.0,12.0,,ERROR,2023-02-11
TXN_5949199,Te,5,1.5,7.5,,Restaurante,2023-02-28
TXN_8209124,Café,2,2.0,4.0,Efectivo,,2023-10-05
TXN_7519611,DESCONOCIDO,4,1.5,6.0,Tarjeta Crédito,Restaurante,2023-10-08
TXN_1318943,DESCONOCIDO,2,2.0,DESCONOCIDO,Efectivo,Restaurante,2023-06-13
TXN_4502922,,1,4.0,4.0,Tarjeta Crédito,Para llevar,2023-06-23
TXN_4554194,Granizado,3,DESCONOCIDO,12.0,Tarjeta Crédito,Para llevar,2023-10-04
TXN_3418612,Te,3,1.5,4.5,Nequi/Daviplata,,2023-01-31
TXN_2539469,Torta,2,3.0,6.0,Tarjeta Crédito,Para llevar,2023-09-24
TXN_2764544,Jugo,4,3.0,12.0,Efectivo,Restaurante,2023-04-02
TXN_8672939,Granizado,1,4.0,4.0,,ERROR,2023-11-02
TXN_1499346,Torta,5,3.0,15.0,,,2023-12-09
TXN_9930357,Jugo,1,3.0,3.0,Tarjeta Crédito,,DESCONOCIDO
TXN_7631216,Jugo,5,3.0,15.0,Tarjeta Crédito,,2023-02-16
TXN_3116803,Café,1,2.0,2.0,Tarjeta Crédito,Restaurante,2023-09-10
TXN_6050844,Te,2,1.5,3.0,,ERROR,2023-03-12
TXN_7403963,Sandwich,4,4.0,16.0,Efectivo,Restaurante,2023-07-27
TXN_2708387,Te,4,1.5,6.0,Tarjeta Crédito,,2023-11-12
TXN_7916758,Granizado,1,4.0,4.0,,Para llevar,2023-10-14
TXN_2944717,Galleta,2,1.0,2.0,Efectivo,,2023-12-11
TXN_7571571,Sandwich,2,4.0,8.0,Tarjeta Crédito,,2023-04-09
TXN_7250085,Café,4,2.0,8.0,,Para llevar,2023-09-19
TXN_1892102,ERROR,3,4.0,12.0,Efectivo,,2023-03-23
TXN_7039529,Galleta,3,1.0,,Nequi/Daviplata,Restaurante,2023-01-19
TXN_1452931,Te,1,1.5,1.5,Nequi/Daviplata,,2023-07-08
TXN_5148201,Granizado,5,4.0,20.0,DESCONOCIDO,,2023-11-18
TXN_7322317,Te,1,DESCONOCIDO,DESCONOCIDO,,,2023-03-16
TXN_4648214,Ensalada,1,5.0,5.0,,,2023-02-15
TXN_7902691,Jugo,ERROR,3.0,9.0,Nequi/Daviplata,Para llevar,2023-10-13
TXN_4966750,Galleta,3,1.0,3.0,Nequi/Daviplata,Restaurante,2023-12-24
TXN_7740239,Te,2,1.5,3.0,,,2023-01-26
TXN_6901162,,3,4.0,12.0,Nequi/Daviplata,Restaurante,
TXN_3689579,,2,4.0,8.0,Nequi/Daviplata,Para llevar,2023-12-02
TXN_7770188,Jugo,5,3.0,15.0,Nequi/Daviplata,Restaurante,2023-10-28
TXN_5088167,Café,5,2.0,10.0,Tarjeta Crédito,DESCONOCIDO,2023-09-02
TXN_1865302,Galleta,5,1.0,5.0,Tarjeta Crédito,Restaurante,2023-08-16
TXN_4224423,Jugo,3,3.0,9.0,Efectivo,Para llevar,2023-08-27
TXN_8269956,Granizado,DESCONOCIDO,4.0,20.0,,Para llevar,2023-08-02
TXN_9263959,Galleta,,1.0,5.0,Efectivo,,DESCONOCIDO
TXN_3879052,Café,3,2.0,6.0,Tarjeta Crédito,,2023-12-14
TXN_7340284,ERROR,5,1.0,5.0,,Para llevar,2023-09-05
TXN_9809696,Granizado,1,4.0,4.0,,Para llevar,2023-01-05
TXN_5719592,Café,1,2.0,2.0,Tarjeta Crédito,Restaurante,2023-08-07
TXN_6121301,Granizado,5,4.0,20.0,Nequi/Daviplata,Para llevar,2023-01-07
TXN_2097987,Sandwich,2,4.0,8.0,Nequi/Daviplata,Restaurante,
TXN_7514279,Ensalada,1,5.0,5.0,Tarjeta Crédito,Restaurante,2023-02-04
TXN_5153408,Granizado,1,4.0,4.0,Tarjeta Crédito,Para llevar,2023-08-22
TXN_4678948,Jugo,3,3.0,9.0,DESCONOCIDO,Para llevar,2023-07-02
TXN_8918253,DESCONOCIDO,3,DESCONOCIDO,12.0,Nequi/Daviplata,,2023-09-07
TXN_7292662,Sandwich,1,4.0,4.0,,Restaurante,ERROR
TXN_1209852,Galleta,2,1.0,2.0,Tarjeta Crédito,Restaurante,2023-11-18
TXN_4367311,Café,5,2.0,10.0,,Restaurante,2023-02-26
TXN_5985513,ERROR,ERROR,4.0,8.0,Tarjeta Crédito,,2023-08-02
TXN_2086325,Café,2,2.0,4.0,Tarjeta Crédito,,2023-08-14
TXN_4062032,Te,5,1.5,7.5,Nequi/Daviplata,,2023-10-28
TXN_4329558,,4,2.0,8.0,,,2023-04-22
TXN_2029301,Te,5,1.5,7.5,Nequi/Daviplata,,2023-08-06
TXN_4508067,Granizado,5,4.0,20.0,Tarjeta Crédito,Para llevar,2023-03-19
TXN_6637315,Torta,3,3.0,9.0,Efectivo,,2023-12-02
TXN_3660347,Granizado,5,4.0,20.0,,Restaurante,DESCONOCIDO
TXN_4251500,Galleta,4,1.0,,Nequi/Daviplata,Para llevar,2023-11-11
TXN_1516961,Sandwich,3,4.0,12.0,Tarjeta Crédito,Para llevar,2023-11-01
TXN_5033660,Café,2,2.0,4.0,ERROR,,2023-09-12
TXN_9506595,,3,1.5,4.5,Efectivo,Restaurante,2023-07-10
TXN_6646684,Galleta,3,1.0,3.0,Efectivo,,2023-06-01
TXN_6866644,Sandwich,1,4.0,4.0,,,2023-07-22
TXN_7228322,Galleta,1,1.0,DESCONOCIDO,Tarjeta Crédito,,2023-02-18
TXN_3595118,Jugo,2,3.0,6.0,Efectivo,Restaurante,2023-02-03
TXN_4040941,Galleta,1,1.0,1.0,Efectivo,Restaurante,2023-02-20
TXN_7753584,Café,4,2.0,8.0,,Para llevar,
TXN_4738349,Granizado,2,4.0,8.0,Nequi/Daviplata,,2023-02-06
TXN_9436284,Café,3,2.0,6.0,Tarjeta Crédito,,2023-03-28
TXN_1221801,Granizado,2,4.0,8.0,,,2023-06-17
TXN_3185929,Ensalada,3,5.0,15.0,,Para llevar,2023-07-27
TXN_2332609,,5,4.0,20.0,Tarjeta Crédito,Restaurante,2023-05-17
TXN_4183705,Te,2,1.5,3.0,Tarjeta Crédito,Restaurante,2023-11-23
TXN_5459138,Granizado,2,4.0,8.0,Nequi/Daviplata,Restaurante,
TXN_7435096,,4,1.5,6.0,,Restaurante,2023-10-21
TXN_2561471,Sandwich,1,4.0,4.0,,Restaurante,2023-07-12
TXN_3098503,Ensalada,1,5.0,,Tarjeta Crédito,Para llevar,2023-05-31
TXN_1148060,Galleta,5,1.0,5.0,Efectivo,,2023-10-12
TXN_5151780,Ensalada,4,5.0,20.0,Efectivo,Para llevar,2023-06-24
TXN_3398955,Galleta,3,1.0,3.0,Efectivo,ERROR,2023-10-19
TXN_8140360,Café,4,2.0,8.0,Nequi/Daviplata,Para llevar,2023-05-05
TXN_4448318,Café,4,2.0,8.0,Nequi/Daviplata,DESCONOCIDO,2023-08-07
TXN_8341520,Sandwich,3,4.0,ERROR,,Para llevar,2023-06-24
TXN_9883214,Jugo,3,3.0,9.0,,,2023-04-04
TXN_2912934,Galleta,5,1.0,5.0,Tarjeta Crédito,,2023-04-01
TXN_7694996,Ensalada,4,5.0,20.0,DESCONOCIDO,Restaurante,2023-03-11
TXN_5660244,Torta,5,3.0,15.0,Nequi/Daviplata,,2023-10-04
TXN_7873479,Galleta,1,1.0,1.0,Tarjeta Crédito,Para llevar,2023-03-18
TXN_7771516,Sandwich,3,4.0,12.0,DESCONOCIDO,,2023-05-26
TXN_1166001,,DESCONOCIDO,3.0,15.0,Efectivo,ERROR,
TXN_6775304,Te,4,1.5,6.0,Efectivo,Restaurante,2023-03-08
TXN_3801966,Sandwich,4,4.0,16.0,Nequi/Daviplata,Restaurante,2023-01-14
TXN_2849095,,3,2.0,6.0,Nequi/Daviplata,Restaurante,2023-07-13
TXN_1749930,Ensalada,5,5.0,25.0,DESCONOCIDO,Restaurante,2023-07-01
TXN_2210925,Jugo,4,3.0,12.0,Efectivo,Restaurante,2023-07-06
TXN_6810969,,1,4.0,4.0,DESCONOCIDO,Restaurante,2023-03-08
TXN_2651789,Galleta,1,1.0,1.0,,Para llevar,2023-02-10
TXN_7750963,Te,4,1.5,6.0,Tarjeta Crédito,Restaurante,2023-06-09
TXN_8134280,Galleta,1,1.0,1.0,Nequi/Daviplata,Para llevar,2023-01-29
TXN_2231082,Torta,DESCONOCIDO,3.0,15.0,Efectivo,Restaurante,2023-05-03
TXN_2014042,Galleta,4,1.0,4.0,Nequi/Daviplata,Para llevar,2023-10-27
TXN_1132293,Te,4,1.5,6.0,ERROR,,2023-07-05
TXN_3550177,Ensalada,5,5.0,25.0,Efectivo,,2023-09-13
TXN_5326795,Galleta,2,1.0,2.0,,,2023-04-05
TXN_1993503,Galleta,4,1.0,4.0,Tarjeta Crédito,ERROR,2023-08-16
TXN_4097922,Ensalada,3,5.0,15.0,Efectivo,,2023-01-16
TXN_2317041,Te,3,ERROR,4.5,Efectivo,Restaurante,2023-01-15
TXN_4648031,Te,4,1.5,6.0,Nequi/Daviplata,,2023-09-04
TXN_4942960,Jugo,1,3.0,3.0,ERROR,Para llevar,2023-04-12
TXN_8740501,Ensalada,5,5.0,25.0,,,2023-02-05
TXN_4523273,Torta,4,DESCONOCIDO,12.0,Nequi/Daviplata,,2023-10-17
TXN_7276478,Sandwich,5,4.0,20.0,Efectivo,Para llevar,2023-09-07
TXN_6036240,Torta,4,3.0,12.0,Tarjeta Crédito,Restaurante,2023-10-30
TXN_1449866,Ensalada,4,5.0,20.0,Efectivo,,2023-09-21
TXN_2882871,Ensalada,3,5.0,15.0,Tarjeta Crédito,Para llevar,2023-08-30
TXN_1047450,Café,2,2.0,4.0,Efectivo,Restaurante,2023-11-19
TXN_9673685,Ensalada,1,5.0,5.0,Efectivo,Restaurante,2023-12-11
TXN_3547569,Granizado,4,4.0,16.0,Nequi/Daviplata,Restaurante,2023-08-04
TXN_2866587,Sandwich,3,4.0,12.0,Tarjeta Crédito,,2023-09-16
TXN_1629218,Café,ERROR,2.0,6.0,Nequi/Daviplata,,2023-06-27
TXN_2964982,Sandwich,1,4.0,4.0,Nequi/Daviplata,Restaurante,2023-04-15
TXN_5974791,Galleta,2,1.0,2.0,Efectivo,,2023-10-22
TXN_1005472,Café,4,2.0,8.0,Tarjeta Crédito,,2023-04-21
TXN_7202898,Galleta,4,1.0,4.0,ERROR,ERROR,2023-07-18
TXN_4511996,DESCONOCIDO,3,3.0,9.0,Nequi/Daviplata,,2023-09-18
TXN_9896694,Sandwich,4,4.0,16.0,Efectivo,,2023-02-16
TXN_9881555,DESCONOCIDO,5,3.0,15.0,Efectivo,Restaurante,2023-04-09
TXN_9853220,Galleta,DESCONOCIDO,1.0,5.0,Tarjeta Crédito,Restaurante,2023-04-02
TXN_2354774,Café,5,2.0,10.0,,Restaurante,DESCONOCIDO
TXN_5723229,Jugo,5,3.0,15.0,Nequi/Daviplata,Para llevar,2023-06-23
TXN_1065721,Sandwich,4,4.0,16.0,Efectivo,Para llevar,2023-12-06
TXN_4921791,Ensalada,4,5.0,20.0,Tarjeta Crédito,,DESCONOCIDO
TXN_3692789,Sandwich,,4.0,8.0,Tarjeta Crédito,ERROR,DESCONOCIDO
TXN_8155446,Ensalada,3,5.0,15.0,Nequi/Daviplata,Para llevar,2023-12-20
TXN_2253852,Galleta,2,1.0,2.0,Tarjeta Crédito,Para llevar,2023-08-26
TXN_2810187,Café,ERROR,2.0,8.0,ERROR,Restaurante,2023-10-17
TXN_4962500,Jugo,5,3.0,15.0,,Para llevar,DESCONOCIDO
TXN_6994752,Jugo,4,3.0,12.0,Efectivo,Para llevar,2023-06-17
TXN_7598654,Café,3,2.0,6.0,Tarjeta Crédito,,2023-11-26
TXN_8039560,,5,2.0,10.0,Nequi/Daviplata,,2023-03-29
TXN_6785331,Torta,1,3.0,3.0,,,2023-04-12
TXN_8260297,Ensalada,2,5.0,10.0,Efectivo,Restaurante,2023-07-04
TXN_7152012,Sandwich,3,4.0,12.0,Nequi/Daviplata,Restaurante,2023-04-02
TXN_7907366,Café,4,2.0,8.0,Nequi/Daviplata,DESCONOCIDO,2023-01-13
TXN_3830888,Café,4,2.0,8.0,,Restaurante,2023-02-20
TXN_1565027,DESCONOCIDO,3,1.5,,,,2023-03-16
TXN_5618377,Sandwich,2,4.0,8.0,,Restaurante,2023-04-02
TXN_3645674,Te,4,1.5,6.0,Efectivo,Para llevar,2023-07-18
TXN_2464236,Galleta,5,1.0,5.0,Nequi/Daviplata,,2023-04-02
TXN_4543793,Sandwich,2,4.0,8.0,Efectivo,Restaurante,2023-10-12
TXN_5745921,Sandwich,2,4.0,8.0,,Restaurante,2023-03-01
TXN_7229419,Ensalada,2,5.0,10.0,,Para llevar,2023-05-15
TXN_9247075,Ensalada,3,5.0,15.0,,Restaurante,2023-07-05
TXN_6960459,Café,1,2.0,ERROR,Tarjeta Crédito,Restaurante,2023-07-24
TXN_4679083,Torta,5,3.0,DESCONOCIDO,,Para llevar,2023-12-25
TXN_3313534,Galleta,2,1.0,2.0,Nequi/Daviplata,Restaurante,2023-01-05
TXN_4969431,Ensalada,4,5.0,20.0,Tarjeta Crédito,Para llevar,2023-04-11
TXN_2977905,Granizado,3,4.0,12.0,,,2023-06-23
TXN_5341204,Café,DESCONOCIDO,2.0,2.0,,,2023-07-24
TXN_2147706,Jugo,5,3.0,,DESCONOCIDO,,2023-03-23
TXN_3663592,Granizado,2,4.0,8.0,,Para llevar,2023-08-26
TXN_4459351,Granizado,5,4.0,20.0,Tarjeta Crédito,,2023-12-08
TXN_2976052,Galleta,5,1.0,5.0,,Para llevar,2023-11-01
TXN_1373048,Ensalada,5,5.0,25.0,,Restaurante,2023-08-31
TXN_2575331,Galleta,5,1.0,5.0,Efectivo,Restaurante,2023-03-20
TXN_4764236,Jugo,1,3.0,3.0,Nequi/Daviplata,,2023-05-29
TXN_3544380,Jugo,1,3.0,3.0,Tarjeta Crédito,Restaurante,2023-09-13
TXN_2104473,Torta,3,3.0,9.0,Nequi/Daviplata,Para llevar,2023-01-01
TXN_3819405,Jugo,4,3.0,12.0,Nequi/Daviplata,Restaurante,2023-02-16
TXN_3512665,Ensalada,5,5.0,25.0,Tarjeta Crédito,,2023-10-16
TXN_1696813,Galleta,3,1.0,3.0,Efectivo,Restaurante,2023-04-02
TXN_4631228,DESCONOCIDO,1,3.0,3.0,Nequi/Daviplata,ERROR,2023-10-07
TXN_2084232,,4,1.5,6.0,Nequi/Daviplata,Para llevar,2023-10-11
TXN_5399303,Café,2,2.0,4.0,ERROR,DESCONOCIDO,2023-11-02
TXN_1251960,Sandwich,5,ERROR,20.0,Nequi/Daviplata,Para llevar,2023-11-20
TXN_1984774,Te,3,1.5,4.5,Efectivo,Para llevar,2023-11-13
TXN_9886794,Torta,1,3.0,3.0,Efectivo,,2023-06-06
TXN_3821298,,5,4.0,20.0,Tarjeta Crédito,ERROR,2023-04-26
TXN_1057760,Jugo,4,3.0,12.0,Tarjeta Crédito,Para llevar,2023-02-20
TXN_2294778,Galleta,,1.0,3.0,Nequi/Daviplata,,2023-05-29
TXN_6091431,Te,3,1.5,4.5,Tarjeta Crédito,,2023-11-16
TXN_1728644,Café,1,2.0,2.0,Efectivo,Para llevar,2023-04-07
TXN_6993624,Torta,4,3.0,12.0,Efectivo,,2023-05-09
TXN_4003831,Galleta,1,1.0,1.0,Tarjeta Crédito,,DESCONOCIDO
TXN_9018366,Jugo,5,ERROR,15.0,Efectivo,,2023-03-31
TXN_7708810,Granizado,1,4.0,4.0,Efectivo,,2023-06-09
TXN_8726874,Sandwich,2,4.0,8.0,,Para llevar,2023-09-30
TXN_4190431,Te,3,1.5,4.5,Nequi/Daviplata,,2023-09-23
TXN_5201123,Ensalada,2,5.0,10.0,Nequi/Daviplata,Para llevar,2023-07-12
TXN_6172528,Granizado,3,4.0,12.0,Tarjeta Crédito,Restaurante,2023-05-18
TXN_1193551,Galleta,1,1.0,1.0,,Para llevar,2023-01-07
TXN_9877722,Sandwich,5,4.0,20.0,Nequi/Daviplata,Restaurante,DESCONOCIDO
TXN_2702861,Galleta,4,ERROR,4.0,Nequi/Daviplata,Para llevar,2023-06-02
TXN_4255580,ERROR,1,,3.0,Efectivo,,
TXN_1256851,Sandwich,4,4.0,16.0,DESCONOCIDO,Restaurante,2023-07-29
TXN_4146795,Te,5,1.5,7.5,Efectivo,Restaurante,2023-10-29
TXN_2203873,Te,3,1.5,4.5,Nequi/Daviplata,,2023-01-26
TXN_5018462,Granizado,5,4.0,20.0,Efectivo,Restaurante,2023-11-28
TXN_6133971,Granizado,5,4.0,20.0,Tarjeta Crédito,,2023-04-18
TXN_1417400,Galleta,2,1.0,2.0,Efectivo,Restaurante,2023-03-20
TXN_4239859,Jugo,1,ERROR,3.0,,ERROR,2023-02-03
TXN_5369010,,4,5.0,20.0,Efectivo,Para llevar,2023-04-23
TXN_4877436,Jugo,4,3.0,12.0,,,2023-10-08
TXN_9697670,,3,3.0,9.0,Efectivo,Para llevar,2023-12-29
TXN_8643596,Café,5,2.0,10.0,Tarjeta Crédito,,2023-03-29
TXN_1654784,Galleta,5,1.0,5.0,,Restaurante,2023-12-31
TXN_4422898,Ensalada,2,5.0,10.0,Tarjeta Crédito,Restaurante,2023-04-20
TXN_4175191,Sandwich,2,4.0,8.0,Efectivo,ERROR,2023-11-20
TXN_3196388,Ensalada,3,5.0,15.0,Efectivo,Restaurante,2023-03-04
TXN_6960031,Sandwich,5,4.0,20.0,Nequi/Daviplata,Para llevar,2023-04-25
TXN_8963106,Café,5,2.0,10.0,Efectivo,Restaurante,2023-04-01
TXN_7167980,Granizado,3,4.0,ERROR,ERROR,,2023-10-05
TXN_8732716,Te,3,1.5,4.5,,,2023-12-29
TXN_3530118,Torta,5,3.0,15.0,Nequi/Daviplata,DESCONOCIDO,2023-11-14
TXN_7875743,Torta,5,3.0,15.0,Efectivo,Para llevar,2023-04-17
TXN_1526920,Sandwich,5,4.0,20.0,Nequi/Daviplata,Para llevar,ERROR
TXN_1933315,Jugo,2,3.0,6.0,Nequi/Daviplata,Restaurante,2023-09-29
TXN_5674503,Torta,3,3.0,9.0,ERROR,Para llevar,2023-12-14
TXN_5252187,Sandwich,1,4.0,4.0,Efectivo,,2023-01-20
TXN_4668931,Jugo,3,3.0,9.0,Efectivo,Restaurante,2023-07-09
TXN_2504703,Granizado,5,4.0,20.0,Nequi/Daviplata,Para llevar,2023-01-09
TXN_3113428,Jugo,2,3.0,6.0,Efectivo,Restaurante,2023-10-30
TXN_9663941,Jugo,4,3.0,12.0,Efectivo,Restaurante,ERROR
TXN_7595115,Sandwich,2,4.0,8.0,,Para llevar,2023-04-17
TXN_9034955,Galleta,1,1.0,1.0,Tarjeta Crédito,Restaurante,2023-09-07
TXN_7856009,Torta,2,3.0,6.0,,,2023-05-27
TXN_2375919,Sandwich,3,4.0,12.0,,ERROR,2023-11-23
TXN_9344399,Galleta,2,1.0,2.0,DESCONOCIDO,,2023-12-04
TXN_1091243,Sandwich,2,4.0,8.0,,Restaurante,2023-01-06
TXN_8800741,Café,4,,8.0,,,2023-06-26
TXN_3546303,Te,2,1.5,3.0,Nequi/Daviplata,Para llevar,2023-09-11
TXN_7595096,Jugo,1,3.0,3.0,,DESCONOCIDO,2023-11-02
TXN_4788849,Galleta,1,DESCONOCIDO,1.0,,Para llevar,2023-03-13
TXN_7838802,Galleta,2,1.0,2.0,Tarjeta Crédito,Para llevar,2023-11-20
TXN_6736326,Ensalada,2,5.0,10.0,Tarjeta Crédito,Restaurante,2023-04-14
TXN_2536021,Galleta,5,1.0,5.0,DESCONOCIDO,Para llevar,2023-10-02
TXN_2065683,DESCONOCIDO,3,DESCONOCIDO,6.0,,,2023-09-21
TXN_5538696,Café,2,2.0,4.0,ERROR,Restaurante,2023-08-30
TXN_8434651,,4,3.0,12.0,Nequi/Daviplata,,2023-01-27
TXN_4635386,Te,1,1.5,1.5,Tarjeta Crédito,Para llevar,ERROR
TXN_5466291,Ensalada,1,5.0,5.0,Tarjeta Crédito,ERROR,2023-09-19
TXN_2643389,Sandwich,2,4.0,8.0,Tarjeta Crédito,,2023-08-24
TXN_9817135,Ensalada,1,5.0,5.0,Nequi/Daviplata,ERROR,2023-03-25
TXN_7426086,Café,4,2.0,8.0,,ERROR,2023-01-13
TXN_9327861,Te,5,1.5,7.5,Tarjeta Crédito,Restaurante,2023-07-17
TXN_3971440,Torta,4,3.0,12.0,Nequi/Daviplata,Para llevar,2023-10-22
TXN_8494583,Galleta,5,1.0,5.0,Tarjeta Crédito,Restaurante,2023-11-29
TXN_8083377,Te,4,1.5,6.0,Nequi/Daviplata,Restaurante,2023-01-06
TXN_6883187,Jugo,2,ERROR,6.0,ERROR,,2023-11-16
TXN_8340038,Te,1,1.5,1.5,Nequi/Daviplata,Restaurante,2023-07-15
TXN_2275799,Sandwich,3,4.0,12.0,Nequi/Daviplata,Restaurante,2023-10-04
TXN_3497691,Granizado,4,4.0,16.0,Tarjeta Crédito,,2023-09-06
TXN_5881237,Galleta,2,1.0,2.0,,,2023-08-14
TXN_2271705,Te,5,1.5,7.5,,,2023-07-20
TXN_1640172,Ensalada,DESCONOCIDO,5.0,5.0,,,2023-04-13
TXN_4618211,Granizado,4,4.0,16.0,Efectivo,,2023-09-12
TXN_9618563,Granizado,1,4.0,4.0,,Para llevar,2023-02-24
TXN_4374260,Galleta,1,1.0,,Efectivo,DESCONOCIDO,2023-04-20
TXN_1946773,Sandwich,4,4.0,16.0,Efectivo,,2023-08-28
TXN_4387523,Torta,3,3.0,9.0,,,2023-02-07
TXN_7661094,Ensalada,4,5.0,20.0,Efectivo,,2023-07-21
TXN_6766664,Café,3,2.0,6.0,,,2023-05-21
TXN_9055374,Sandwich,1,4.0,,,Para llevar,DESCONOCIDO
TXN_1861717,Te,2,1.5,3.0,Efectivo,Restaurante,2023-11-10
TXN_3421079,Granizado,1,4.0,4.0,Tarjeta Crédito,Restaurante,2023-12-18
TXN_1637131,ERROR,4,ERROR,6.0,Efectivo,,DESCONOCIDO
TXN_7636536,Galleta,2,1.0,2.0,Efectivo,,2023-05-06
TXN_4971607,Granizado,5,4.0,20.0,Efectivo,Restaurante,2023-03-30
TXN_1852436,Jugo,4,ERROR,12.0,,,ERROR
TXN_9701622,Galleta,5,1.0,5.0,Nequi/Daviplata,,2023-09-24
TXN_6966241,Jugo,2,3.0,6.0,Nequi/Daviplata,Restaurante,2023-04-13
TXN_9252700,DESCONOCIDO,3,3.0,9.0,Tarjeta Crédito,,2023-08-24
TXN_1124900,,4,4.0,16.0,Tarjeta Crédito,Restaurante,2023-09-08
TXN_3964624,Te,3,1.5,4.5,,Restaurante,2023-09-20
TXN_2226371,Torta,1,3.0,3.0,Efectivo,,2023-11-18
TXN_5744797,Torta,,ERROR,3.0,Efectivo,Restaurante,2023-12-20
TXN_5777164,Granizado,1,4.0,4.0,Tarjeta Crédito,Para llevar,2023-02-07
TXN_5817802,Café,5,2.0,10.0,,Restaurante,2023-02-13
TXN_3787234,Te,2,1.5,3.0,Nequi/Daviplata,Restaurante,2023-03-15
TXN_4525646,Torta,3,3.0,9.0,Tarjeta Crédito,,2023-07-07
TXN_7004303,DESCONOCIDO,3,4.0,12.0,Efectivo,Restaurante,2023-10-06
TXN_8649416,Torta,5,3.0,15.0,Tarjeta Crédito,Para llevar,2023-09-21
TXN_3219599,DESCONOCIDO,2,3.0,6.0,,,2023-08-22
TXN_1394131,Jugo,4,3.0,12.0,,Para llevar,2023-06-13
TXN_9237291,Jugo,2,3.0,6.0,Tarjeta Crédito,ERROR,2023-09-22
TXN_9520855,Torta,4,3.0,12.0,,,2023-01-11
TXN_4565080,Granizado,4,4.0,16.0,Nequi/Daviplata,Restaurante,2023-09-28
TXN_8348710,Café,1,2.0,2.0,Efectivo,Restaurante,2023-12-27
TXN_5127819,Jugo,3,3.0,9.0,ERROR,,2023-04-03
TXN_7496394,Granizado,4,4.0,16.0,,,2023-06-12
TXN_8495889,Torta,1,3.0,3.0,Efectivo,Para llevar,2023-06-26
TXN_5064188,Sandwich,4,4.0,16.0,Tarjeta Crédito,DESCONOCIDO,2023-12-08
TXN_6104335,Granizado,2,4.0,8.0,Tarjeta Crédito,,2023-11-13
TXN_5313435,Ensalada,4,5.0,DESCONOCIDO,Efectivo,,2023-02-18
TXN_6700745,Jugo,3,3.0,,,Restaurante,2023-04-23
TXN_9897215,Torta,3,3.0,,Tarjeta Crédito,,2023-11-22
TXN_7764175,Ensalada,3,5.0,15.0,Efectivo,Restaurante,2023-09-02
TXN_3027490,Galleta,3,1.0,3.0,ERROR,Para llevar,2023-02-25
TXN_5368297,Granizado,2,4.0,8.0,,Para llevar,2023-10-04
TXN_2053125,Ensalada,1,5.0,5.0,Nequi/Daviplata,,2023-07-26
TXN_2522828,Granizado,4,4.0,16.0,Tarjeta Crédito,,2023-01-15
TXN_6616787,DESCONOCIDO,2,3.0,6.0,ERROR,Restaurante,2023-09-29
TXN_6419317,Sandwich,4,4.0,16.0,Tarjeta Crédito,ERROR,2023-02-25
TXN_5939950,Sandwich,2,4.0,8.0,Efectivo,ERROR,2023-06-16
TXN_4607296,Torta,5,3.0,15.0,ERROR,Restaurante,2023-04-02
TXN_8316135,Ensalada,3,5.0,15.0,Nequi/Daviplata,Para llevar,2023-11-06
TXN_7910956,Café,5,2.0,10.0,Nequi/Daviplata,Restaurante,2023-07-21
TXN_1142233,Te,5,1.5,7.5,Nequi/Daviplata,Para llevar,2023-09-01
TXN_9810581,,1,3.0,3.0,Efectivo,,2023-11-20
TXN_2588566,,3,5.0,15.0,,Para llevar,2023-01-10
TXN_3786518,Ensalada,1,5.0,,Tarjeta Crédito,Restaurante,2023-09-16
TXN_2009407,Jugo,5,DESCONOCIDO,15.0,Efectivo,Para llevar,2023-05-05
TXN_9163155,DESCONOCIDO,4,2.0,DESCONOCIDO,Tarjeta Crédito,Para llevar,2023-04-23
TXN_8272750,Ensalada,5,ERROR,25.0,,,2023-05-18
TXN_2532563,Ensalada,4,5.0,20.0,,Para llevar,
TXN_8532735,Café,2,2.0,4.0,Efectivo,Para llevar,2023-07-28
TXN_1697299,Granizado,3,4.0,12.0,Efectivo,Restaurante,2023-10-08
TXN_5785639,Ensalada,1,5.0,5.0,Tarjeta Crédito,,2023-04-10
TXN_8445753,Te,4,1.5,6.0,Efectivo,Para llevar,2023-04-07
TXN_3641519,,5,1.0,5.0,Nequi/Daviplata,Restaurante,2023-06-08
TXN_1985278,Sandwich,3,4.0,12.0,,Restaurante,2023-02-13
TXN_6612143,Te,5,1.5,7.5,Efectivo,Restaurante,2023-11-07
TXN_8352416,Ensalada,1,5.0,,Nequi/Daviplata,Restaurante,2023-07-26
TXN_5498693,Torta,4,3.0,12.0,DESCONOCIDO,,2023-05-13
TXN_2644561,,4,4.0,16.0,Nequi/Daviplata,,2023-09-13
TXN_8912001,Galleta,ERROR,1.0,1.0,Tarjeta Crédito,,2023-03-27
TXN_8330837,Jugo,3,3.0,9.0,Nequi/Daviplata,,2023-10-13
TXN_3703482,Torta,4,3.0,,,DESCONOCIDO,2023-01-08
TXN_3455103,Ensalada,1,5.0,5.0,Nequi/Daviplata,Para llevar,2023-04-22
TXN_1496962,Granizado,5,4.0,20.0,,Restaurante,2023-12-17
TXN_4216294,Te,4,1.5,6.0,Efectivo,Restaurante,2023-10-19
TXN_3002889,Café,3,2.0,6.0,Nequi/Daviplata,DESCONOCIDO,2023-10-22
TXN_4275827,DESCONOCIDO,2,1.5,3.0,Efectivo,Para llevar,2023-04-21
TXN_6044312,Torta,2,3.0,6.0,ERROR,Restaurante,2023-01-03
TXN_4008135,Galleta,5,1.0,5.0,Efectivo,Para llevar,2023-11-25
TXN_5336876,Granizado,ERROR,4.0,12.0,Tarjeta Crédito,,2023-07-07
TXN_8990020,Sandwich,4,4.0,16.0,ERROR,Restaurante,2023-09-09
TXN_5654331,Café,4,2.0,8.0,Efectivo,Restaurante,2023-07-31
TXN_1213938,Ensalada,5,5.0,25.0,Nequi/Daviplata,Para llevar,2023-07-06
TXN_2522182,Ensalada,2,5.0,,Nequi/Daviplata,Restaurante,2023-11-11
TXN_5329431,Sandwich,3,4.0,,Tarjeta Crédito,Restaurante,2023-10-03
TXN_9647494,,2,4.0,8.0,Tarjeta Crédito,DESCONOCIDO,2023-10-21
TXN_8482887,Ensalada,1,5.0,5.0,Nequi/Daviplata,Para llevar,2023-10-29
TXN_3883425,Granizado,5,4.0,20.0,Nequi/Daviplata,DESCONOCIDO,2023-07-09
TXN_4434185,Granizado,5,ERROR,20.0,Tarjeta Crédito,Para llevar,2023-04-30
TXN_7388851,Granizado,1,4.0,4.0,Nequi/Daviplata,,2023-09-30
TXN_8460225,Granizado,5,4.0,20.0,ERROR,Restaurante,2023-02-23
TXN_5471175,Galleta,4,1.0,4.0,Efectivo,,2023-04-16
TXN_1874601,Café,4,2.0,8.0,,,2023-12-10
TXN_3641001,Granizado,3,4.0,12.0,Nequi/Daviplata,ERROR,2023-11-10
TXN_6446441,Ensalada,3,5.0,15.0,Nequi/Daviplata,,2023-02-18
TXN_9718216,Jugo,4,3.0,12.0,,DESCONOCIDO,2023-07-07
TXN_7391138,Te,5,1.5,7.5,Efectivo,,2023-08-23
TXN_9548077,Te,2,1.5,3.0,Efectivo,Restaurante,2023-07-05
TXN_9185022,Sandwich,3,4.0,12.0,Nequi/Daviplata,Restaurante,2023-06-19
TXN_6841993,Jugo,3,3.0,9.0,Efectivo,Para llevar,2023-09-15
TXN_1701766,Torta,4,3.0,12.0,,,2023-11-22
TXN_9541057,Jugo,4,3.0,12.0,Efectivo,Restaurante,2023-04-24
TXN_4699706,Café,5,2.0,10.0,,Restaurante,2023-12-04
TXN_2451247,Te,4,1.5,6.0,Nequi/Daviplata,Para llevar,2023-02-14
TXN_6272908,Jugo,3,3.0,9.0,Efectivo,Para llevar,2023-12-01
TXN_9093708,Sandwich,3,DESCONOCIDO,12.0,Tarjeta Crédito,Restaurante,2023-12-08
TXN_7785034,Granizado,4,4.0,16.0,DESCONOCIDO,Para llevar,2023-11-09
TXN_4048690,Torta,3,3.0,9.0,Efectivo,Restaurante,2023-09-06
TXN_4971992,Torta,2,3.0,6.0,,,2023-09-24
TXN_6738516,Sandwich,DESCONOCIDO,4.0,20.0,Efectivo,,2023-10-07
TXN_3919995,Te,3,1.5,4.5,Efectivo,Para llevar,2023-01-26
TXN_3522385,Granizado,4,4.0,16.0,Tarjeta Crédito,Para llevar,2023-03-19
TXN_3140020,Jugo,5,3.0,15.0,,Restaurante,2023-06-19
TXN_9756401,Ensalada,3,5.0,15.0,Efectivo,Restaurante,2023-02-04
TXN_1937081,Torta,2,3.0,6.0,Tarjeta Crédito,,2023-06-07
TXN_9668584,Galleta,2,DESCONOCIDO,2.0,Nequi/Daviplata,,2023-12-13
TXN_2544072,Galleta,1,1.0,1.0,,Restaurante,2023-08-17
TXN_7260110,Ensalada,5,5.0,25.0,Tarjeta Crédito,Restaurante,2023-03-07
TXN_1588687,Café,2,2.0,4.0,Nequi/Daviplata,Para llevar,2023-08-22
TXN_2886505,Te,3,1.5,4.5,,,2023-09-05
TXN_3864453,Galleta,5,1.0,5.0,Nequi/Daviplata,,2023-11-15
TXN_5346027,Sandwich,2,4.0,8.0,,DESCONOCIDO,2023-12-19
TXN_3674876,Granizado,5,4.0,20.0,Efectivo,Para llevar,
TXN_8690361,Granizado,3,4.0,12.0,,,2023-07-12
TXN_8419805,Torta,5,3.0,15.0,,Restaurante,2023-07-24
TXN_3125699,Jugo,1,3.0,3.0,Tarjeta Crédito,Para llevar,2023-02-05
TXN_5106316,Sandwich,5,4.0,DESCONOCIDO,Nequi/Daviplata,Para llevar,2023-01-23
TXN_5666369,Jugo,2,3.0,6.0,Nequi/Daviplata,Restaurante,2023-07-17
TXN_7712807,Granizado,4,4.0,16.0,Tarjeta Crédito,,2023-02-17
TXN_8199561,Galleta,4,1.0,4.0,DESCONOCIDO,,2023-07-31
TXN_4334932,Café,2,2.0,4.0,ERROR,Restaurante,2023-12-27
TXN_4082099,Jugo,2,3.0,6.0,Tarjeta Crédito,Restaurante,2023-06-01
TXN_9191700,Te,5,1.5,7.5,,Restaurante,2023-10-01
TXN_2249212,Torta,2,3.0,6.0,ERROR,,
TXN_9921392,Café,5,2.0,10.0,,,2023-06-28
TXN_7125395,Ensalada,1,,5.0,Efectivo,Para llevar,2023-07-23
TXN_4521701,Torta,4,3.0,12.0,,Restaurante,2023-10-08
TXN_4243930,DESCONOCIDO,5,4.0,20.0,Efectivo,Restaurante,2023-06-07
TXN_1418829,Granizado,1,4.0,4.0,,Para llevar,2023-09-19
TXN_8955306,Café,3,2.0,6.0,Tarjeta Crédito,Restaurante,2023-10-14
TXN_7851403,Café,5,2.0,10.0,Tarjeta Crédito,Para llevar,2023-03-06
TXN_5288715,Jugo,3,3.0,9.0,Nequi/Daviplata,,2023-04-19
TXN_7108056,Jugo,3,3.0,9.0,Tarjeta Crédito,,2023-01-25
TXN_9950775,DESCONOCIDO,4,5.0,20.0,Tarjeta Crédito,Para llevar,2023-02-20
TXN_9688601,Jugo,1,3.0,3.0,,Restaurante,2023-10-16
TXN_9924732,Sandwich,DESCONOCIDO,4.0,,Tarjeta Crédito,Restaurante,2023-01-18
TXN_8807429,Galleta,4,1.0,4.0,Nequi/Daviplata,,2023-07-21
TXN_3340550,Jugo,2,3.0,6.0,Nequi/Daviplata,ERROR,2023-05-02
TXN_4380808,Jugo,4,3.0,12.0,,Restaurante,2023-04-30
TXN_6403012,Jugo,5,3.0,15.0,Efectivo,Restaurante,2023-07-23
TXN_4176272,Café,1,2.0,2.0,Nequi/Daviplata,,2023-06-06
TXN_9293877,Jugo,ERROR,3.0,15.0,Nequi/Daviplata,,2023-08-24
TXN_8609510,DESCONOCIDO,5,3.0,15.0,,Para llevar,2023-05-08
TXN_2294776,Jugo,4,3.0,12.0,Tarjeta Crédito,Para llevar,2023-04-10
TXN_8068515,Galleta,1,1.0,DESCONOCIDO,Efectivo,Para llevar,2023-06-16
TXN_7915173,DESCONOCIDO,3,1.0,3.0,Efectivo,Para llevar,
TXN_2556999,Te,1,1.5,1.5,Tarjeta Crédito,Para llevar,2023-08-14
TXN_3816131,Jugo,3,3.0,9.0,,ERROR,2023-01-23
TXN_6564856,Te,5,1.5,7.5,Nequi/Daviplata,Para llevar,2023-02-16
TXN_4822256,Granizado,1,4.0,4.0,Tarjeta Crédito,,2023-11-11
TXN_9397870,Torta,2,ERROR,6.0,,,2023-05-23
TXN_4976485,Ensalada,5,5.0,25.0,DESCONOCIDO,Para llevar,2023-07-10
TXN_4856060,Jugo,1,3.0,3.0,Efectivo,,2023-07-29
TXN_3967103,Café,5,2.0,10.0,Efectivo,,2023-11-14
TXN_8746881,Torta,2,3.0,6.0,DESCONOCIDO,,2023-11-07
TXN_4569448,,1,3.0,3.0,,,DESCONOCIDO
TXN_8732682,Ensalada,5,5.0,25.0,Tarjeta Crédito,Restaurante,2023-04-07
TXN_3687257,Te,4,1.5,DESCONOCIDO,Tarjeta Crédito,Para llevar,2023-03-27
TXN_3616839,Torta,4,3.0,12.0,Nequi/Daviplata,,2023-04-01
TXN_2875074,Torta,4,3.0,12.0,Tarjeta Crédito,Para llevar,2023-02-06
TXN_5470909,Galleta,4,1.0,ERROR,Tarjeta Crédito,Restaurante,2023-10-21
TXN_5680657,ERROR,5,3.0,15.0,Efectivo,Restaurante,2023-05-16
TXN_3587915,Ensalada,2,5.0,10.0,Nequi/Daviplata,Para llevar,2023-06-24
TXN_9406938,Ensalada,1,5.0,5.0,ERROR,,2023-10-09
TXN_9342366,Granizado,3,4.0,12.0,Tarjeta Crédito,,2023-02-18
TXN_3101697,,3,5.0,15.0,Efectivo,Restaurante,2023-05-29
TXN_6146889,Jugo,DESCONOCIDO,3.0,6.0,,Para llevar,2023-09-01
TXN_7226052,Sandwich,3,4.0,12.0,Efectivo,Restaurante,2023-02-21
TXN_3422336,Te,ERROR,1.5,7.5,,Para llevar,2023-08-02
TXN_8644398,Sandwich,4,4.0,16.0,,Para llevar,2023-02-08
TXN_8112788,Granizado,1,4.0,4.0,Tarjeta Crédito,Para llevar,2023-08-07
TXN_4179583,Granizado,3,4.0,12.0,Nequi/Daviplata,Para llevar,2023-06-13
TXN_3787265,Ensalada,1,5.0,5.0,Tarjeta Crédito,Restaurante,2023-12-16
TXN_3577683,Galleta,2,1.0,2.0,Nequi/Daviplata,Restaurante,2023-09-17
TXN_1310741,Sandwich,3,4.0,12.0,,Para llevar,2023-07-25
TXN_2862856,Torta,5,3.0,15.0,,Para llevar,2023-02-01
TXN_4940237,Torta,2,3.0,6.0,Efectivo,Para llevar,2023-08-03
TXN_8765822,Torta,1,3.0,3.0,Tarjeta Crédito,Para llevar,2023-03-22
TXN_3205813,Jugo,3,3.0,9.0,Efectivo,Restaurante,2023-04-25
TXN_8436045,Torta,,3.0,15.0,Tarjeta Crédito,,2023-08-08
TXN_5751040,Te,5,1.5,7.5,Efectivo,ERROR,2023-02-27
TXN_4657291,Café,DESCONOCIDO,2.0,4.0,DESCONOCIDO,Para llevar,2023-05-05
TXN_8018572,Galleta,5,1.0,ERROR,,Restaurante,2023-10-09
TXN_3454877,Sandwich,5,4.0,20.0,Tarjeta Crédito,,2023-04-19
TXN_1837764,Te,3,1.5,4.5,Efectivo,Restaurante,2023-07-30
TXN_4120124,Café,1,2.0,2.0,,,2023-06-08
TXN_1661682,ERROR,5,4.0,20.0,Nequi/Daviplata,,2023-07-13
TXN_1927404,Jugo,1,3.0,3.0,Nequi/Daviplata,,2023-12-22
TXN_9147596,Café,2,,4.0,Nequi/Daviplata,Para llevar,2023-10-08
TXN_5012988,Ensalada,3,5.0,,Tarjeta Crédito,,2023-08-17
TXN_1534763,Galleta,2,1.0,2.0,Efectivo,Para llevar,2023-09-17
TXN_4485458,Sandwich,4,4.0,16.0,Efectivo,Para llevar,2023-12-08
TXN_9288882,Sandwich,3,4.0,12.0,,Restaurante,2023-04-23
TXN_3964550,Te,3,1.5,4.5,Tarjeta Crédito,Para llevar,2023-06-09
TXN_2509803,Café,1,ERROR,2.0,DESCONOCIDO,,2023-02-22
TXN_3769567,DESCONOCIDO,1,1.0,1.0,Nequi/Daviplata,Restaurante,2023-02-10
TXN_4529101,Galleta,2,1.0,2.0,Nequi/Daviplata,Restaurante,2023-09-17
TXN_2391534,Galleta,3,1.0,3.0,Tarjeta Crédito,,2023-05-06
TXN_8379919,Galleta,3,1.0,3.0,Nequi/Daviplata,,2023-12-04
TXN_6474636,,3,1.5,4.5,,Restaurante,2023-10-25
TXN_6219977,Galleta,2,1.0,2.0,Tarjeta Crédito,,2023-12-17
TXN_5731238,Torta,2,3.0,ERROR,Tarjeta Crédito,,2023-03-27
TXN_7825796,Te,2,1.5,3.0,,,2023-04-03
TXN_2375667,Ensalada,1,5.0,5.0,Efectivo,,2023-12-28
TXN_5213761,Café,3,2.0,6.0,Nequi/Daviplata,Para llevar,2023-08-18
TXN_1427485,Café,3,2.0,6.0,Tarjeta Crédito,,2023-07-19
TXN_5954991,Sandwich,3,4.0,12.0,,Para llevar,2023-08-07
TXN_8860270,,1,4.0,4.0,Efectivo,Para llevar,2023-11-06
TXN_6482416,Café,1,2.0,2.0,,DESCONOCIDO,2023-07-20
TXN_4916611,Jugo,5,3.0,15.0,,Para llevar,2023-05-21
TXN_4814244,Granizado,3,4.0,12.0,ERROR,Restaurante,2023-06-01
TXN_7968892,Te,2,1.5,3.0,,Restaurante,2023-10-02
TXN_9535721,Torta,5,3.0,15.0,Nequi/Daviplata,Restaurante,2023-08-03
TXN_2161372,Jugo,1,3.0,3.0,Tarjeta Crédito,Para llevar,2023-12-17
TXN_8877714,Jugo,5,3.0,15.0,,,2023-03-28
TXN_5478129,Jugo,4,3.0,12.0,Tarjeta Crédito,,2023-01-22
TXN_7267366,Sandwich,3,4.0,12.0,Nequi/Daviplata,Para llevar,2023-06-02
TXN_4696403,,3,1.0,3.0,Efectivo,ERROR,2023-08-19
TXN_2480808,DESCONOCIDO,1,,4.0,Tarjeta Crédito,,2023-03-30
TXN_8688603,Café,2,2.0,4.0,Efectivo,,2023-05-05
TXN_6148811,Te,5,1.5,ERROR,Tarjeta Crédito,Para llevar,2023-06-18
TXN_2827259,Te,3,1.5,ERROR,Tarjeta Crédito,Para llevar,
TXN_4382406,Café,5,2.0,10.0,,Para llevar,2023-09-26
TXN_5426507,Jugo,2,3.0,6.0,Efectivo,Para llevar,2023-06-13
TXN_3855408,Galleta,1,1.0,1.0,Efectivo,Para llevar,2023-06-02
TXN_6992783,Te,1,1.5,1.5,Nequi/Daviplata,Para llevar,2023-01-29
TXN_8801160,Ensalada,2,5.0,10.0,Efectivo,Restaurante,
TXN_2638810,Te,2,1.5,3.0,,Para llevar,2023-11-16
TXN_9158251,Ensalada,2,5.0,10.0,Tarjeta Crédito,,2023-03-24
TXN_3390610,Sandwich,2,4.0,8.0,,,2023-02-01
TXN_6498876,Sandwich,3,4.0,12.0,,Para llevar,2023-08-20
TXN_1627038,Jugo,4,3.0,12.0,,Para llevar,2023-12-25
TXN_2785262,Ensalada,3,5.0,15.0,Efectivo,Para llevar,2023-08-30
TXN_9944730,Te,1,1.5,1.5,Nequi/Daviplata,,2023-04-10
TXN_7002929,Galleta,1,1.0,1.0,,Restaurante,2023-01-30
TXN_7484886,Granizado,3,4.0,12.0,,,2023-04-17
TXN_7316790,Café,1,2.0,DESCONOCIDO,Tarjeta Crédito,Restaurante,2023-11-07
TXN_4663529,Sandwich,5,4.0,20.0,Nequi/Daviplata,ERROR,2023-12-24
TXN_2675174,Ensalada,2,5.0,10.0,,Para llevar,2023-12-04
TXN_4350798,ERROR,1,5.0,5.0,Tarjeta Crédito,Restaurante,2023-11-23
TXN_7229543,Torta,1,3.0,3.0,Tarjeta Crédito,DESCONOCIDO,2023-07-10
TXN_4330643,Galleta,3,1.0,3.0,Efectivo,Para llevar,2023-05-15
TXN_2003488,Jugo,3,3.0,9.0,,Para llevar,2023-09-25
TXN_2206884,DESCONOCIDO,5,5.0,25.0,Tarjeta Crédito,,2023-06-22
TXN_3492393,Café,1,2.0,2.0,,Restaurante,2023-05-29
TXN_3894660,Jugo,2,3.0,6.0,,,2023-02-09
TXN_5766532,Granizado,5,4.0,DESCONOCIDO,Efectivo,Restaurante,2023-06-23
TXN_5476485,Jugo,2,3.0,6.0,Efectivo,Restaurante,2023-01-07
TXN_9335226,Sandwich,5,4.0,20.0,,,2023-05-08
TXN_2581559,Sandwich,1,4.0,4.0,Tarjeta Crédito,Para llevar,2023-03-25
TXN_9146123,Café,2,2.0,4.0,Nequi/Daviplata,,2023-12-12
TXN_1335256,Café,5,2.0,10.0,,Para llevar,2023-08-04
TXN_5968921,Ensalada,5,5.0,25.0,Tarjeta Crédito,Para llevar,2023-10-10
TXN_6895558,Café,2,2.0,4.0,Tarjeta Crédito,DESCONOCIDO,2023-04-10
TXN_6428404,Ensalada,2,5.0,10.0,Nequi/Daviplata,Restaurante,2023-02-06
TXN_6762311,Jugo,1,3.0,3.0,Tarjeta Crédito,Para llevar,ERROR
TXN_1190402,Torta,1,3.0,3.0,Tarjeta Crédito,Para llevar,2023-12-01
TXN_9607633,DESCONOCIDO,2,1.0,2.0,Nequi/Daviplata,,2023-08-25
TXN_3787941,Te,2,1.5,3.0,,,ERROR
TXN_6349424,Sandwich,5,4.0,20.0,Efectivo,Para llevar,2023-02-24
TXN_1401771,Sandwich,2,4.0,8.0,Efectivo,,2023-12-08
TXN_9188733,Ensalada,ERROR,5.0,15.0,,Restaurante,2023-08-19
TXN_3334632,,1,ERROR,2.0,Tarjeta Crédito,Para llevar,2023-11-20
TXN_3851928,Jugo,3,3.0,9.0,Tarjeta Crédito,Restaurante,2023-02-07
TXN_8267915,Sandwich,2,4.0,8.0,,Para llevar,2023-03-22
TXN_3726397,Ensalada,5,5.0,25.0,,Para llevar,2023-01-30
TXN_1210058,Te,5,1.5,7.5,,,2023-11-25
TXN_7791293,Ensalada,3,5.0,15.0,Tarjeta Crédito,Para llevar,2023-04-08
TXN_6343367,Jugo,2,3.0,6.0,,Restaurante,2023-09-17
TXN_2653224,Jugo,3,3.0,9.0,Nequi/Daviplata,,2023-03-27
TXN_6300001,Te,ERROR,1.5,1.5,Nequi/Daviplata,,2023-06-07
TXN_4693942,Sandwich,4,4.0,16.0,Efectivo,Para llevar,2023-12-16
TXN_3562418,DESCONOCIDO,2,4.0,8.0,Nequi/Daviplata,DESCONOCIDO,2023-08-13
TXN_7963324,Café,3,2.0,6.0,,Para llevar,2023-12-09
TXN_5563486,Jugo,5,3.0,15.0,Nequi/Daviplata,Restaurante,2023-03-13
TXN_3679582,,5,2.0,10.0,Tarjeta Crédito,Restaurante,2023-04-11
TXN_6932752,Granizado,5,4.0,20.0,,,2023-09-20
TXN_5697414,Torta,5,3.0,15.0,Tarjeta Crédito,Restaurante,2023-02-16
TXN_5434310,Granizado,3,4.0,12.0,Efectivo,,2023-11-21
TXN_8435360,DESCONOCIDO,3,1.5,4.5,Tarjeta Crédito,Restaurante,2023-07-03
TXN_5422843,Sandwich,2,4.0,8.0,Efectivo,Restaurante,2023-07-21
TXN_1704041,Café,4,2.0,ERROR,Tarjeta Crédito,,2023-05-21
TXN_9729178,Café,3,2.0,6.0,Tarjeta Crédito,,2023-05-28
TXN_4663964,Galleta,4,,4.0,Nequi/Daviplata,Restaurante,2023-06-29
TXN_6805057,Galleta,4,1.0,4.0,Tarjeta Crédito,,2023-10-15
TXN_8162690,Ensalada,2,5.0,10.0,Nequi/Daviplata,,2023-05-08
TXN_7089712,Torta,5,3.0,15.0,Efectivo,,2023-08-13
TXN_8077812,Ensalada,5,DESCONOCIDO,25.0,Efectivo,Restaurante,2023-01-16
TXN_4834450,Torta,2,3.0,6.0,Efectivo,,2023-06-26
TXN_9081686,Galleta,5,1.0,5.0,,,2023-06-11
TXN_6650875,Galleta,5,1.0,5.0,Tarjeta Crédito,Para llevar,2023-01-29
TXN_2133223,Torta,3,3.0,9.0,Efectivo,,2023-11-17
TXN_5879154,Ensalada,2,5.0,10.0,ERROR,Para llevar,2023-06-28
TXN_9575926,Sandwich,3,4.0,12.0,Tarjeta Crédito,DESCONOCIDO,2023-12-12
TXN_5425911,Granizado,1,4.0,4.0,Nequi/Daviplata,,2023-11-30
TXN_5604021,Sandwich,DESCONOCIDO,4.0,4.0,Efectivo,Para llevar,2023-09-10
TXN_9860308,Granizado,2,4.0,8.0,Nequi/Daviplata,,2023-02-20
TXN_5908078,DESCONOCIDO,1,2.0,2.0,DESCONOCIDO,Restaurante,2023-03-23
TXN_3507013,Jugo,1,ERROR,3.0,Nequi/Daviplata,Restaurante,2023-01-16
TXN_7896733,Torta,4,3.0,12.0,Nequi/Daviplata,,2023-06-03
TXN_3092390,Sandwich,3,DESCONOCIDO,12.0,,Restaurante,2023-07-24
TXN_8131570,Ensalada,4,5.0,20.0,,Restaurante,2023-12-02
TXN_3898445,Sandwich,3,4.0,12.0,Efectivo,Para llevar,2023-06-17
TXN_8588758,Sandwich,4,4.0,16.0,Tarjeta Crédito,Restaurante,ERROR
TXN_7641606,Café,3,2.0,6.0,Tarjeta Crédito,Para llevar,2023-12-26
TXN_1414039,Jugo,4,3.0,12.0,,DESCONOCIDO,2023-02-13
TXN_2322162,ERROR,5,3.0,15.0,Nequi/Daviplata,,2023-11-12
TXN_6190857,Te,1,1.5,1.5,,Restaurante,2023-10-14
TXN_7652830,DESCONOCIDO,2,3.0,6.0,,,2023-08-15
TXN_1688292,DESCONOCIDO,3,,9.0,Tarjeta Crédito,Restaurante,
TXN_1805937,Jugo,3,3.0,9.0,Tarjeta Crédito,,2023-06-12
TXN_7390866,Te,5,1.5,7.5,,Para llevar,
TXN_4717715,Sandwich,3,4.0,12.0,Nequi/Daviplata,,2023-07-27
TXN_1237674,,3,1.5,4.5,Tarjeta Crédito,DESCONOCIDO,2023-10-04
TXN_9686177,Torta,3,3.0,9.0,,Restaurante,
TXN_2672972,Sandwich,1,4.0,4.0,Nequi/Daviplata,Para llevar,2023-06-15
TXN_9582818,,1,4.0,4.0,Efectivo,Restaurante,2023-10-27
TXN_6970542,Sandwich,4,4.0,16.0,Tarjeta Crédito,,2023-08-04
TXN_6091542,Jugo,5,3.0,15.0,Nequi/Daviplata,Para llevar,2023-01-17
TXN_4184461,Ensalada,2,5.0,10.0,Nequi/Daviplata,Restaurante,2023-02-22
TXN_3224397,Galleta,4,1.0,4.0,Nequi/Daviplata,Para llevar,2023-05-15
TXN_2772639,Te,4,1.5,6.0,Tarjeta Crédito,Restaurante,2023-08-30
TXN_4385826,DESCONOCIDO,2,1.5,3.0,Tarjeta Crédito,Para llevar,2023-08-02
TXN_5109348,Torta,4,3.0,12.0,Nequi/Daviplata,Restaurante,2023-02-10
TXN_6137985,Café,5,2.0,DESCONOCIDO,Tarjeta Crédito,Restaurante,2023-03-15
TXN_3895871,ERROR,1,1.0,1.0,,Restaurante,2023-05-30
TXN_3526255,Granizado,4,4.0,16.0,DESCONOCIDO,Para llevar,2023-06-23
TXN_7310356,Jugo,4,3.0,12.0,Nequi/Daviplata,,2023-10-20
TXN_9054074,Torta,1,3.0,3.0,Tarjeta Crédito,Para llevar,2023-10-15
TXN_7538724,Sandwich,1,4.0,4.0,,Restaurante,2023-05-17
TXN_6715991,Jugo,1,3.0,3.0,Efectivo,,2023-06-18
TXN_2271725,Granizado,5,4.0,20.0,Efectivo,,2023-12-21
TXN_1488481,Café,4,2.0,8.0,Tarjeta Crédito,Para llevar,2023-07-28
TXN_4600894,,5,5.0,25.0,Nequi/Daviplata,,2023-09-17
TXN_3494652,Café,1,2.0,2.0,,,2023-05-23
TXN_2860281,Granizado,4,4.0,16.0,Efectivo,,2023-09-19
TXN_1232346,Ensalada,5,5.0,25.0,Nequi/Daviplata,Restaurante,2023-01-04
TXN_1911093,Te,2,1.5,3.0,Nequi/Daviplata,Restaurante,2023-10-07
TXN_1672229,Galleta,2,1.0,2.0,Efectivo,,2023-11-12
TXN_7056162,Granizado,3,4.0,12.0,Nequi/Daviplata,Restaurante,2023-03-04
TXN_2064049,Ensalada,4,5.0,20.0,Tarjeta Crédito,Para llevar,2023-09-21
TXN_8191202,Galleta,2,DESCONOCIDO,2.0,Nequi/Daviplata,Restaurante,2023-01-14
TXN_4518505,Te,DESCONOCIDO,1.5,7.5,Efectivo,,2023-05-09
TXN_2823220,Ensalada,4,5.0,DESCONOCIDO,,Restaurante,2023-05-17
TXN_6826409,Sandwich,1,4.0,4.0,Tarjeta Crédito,Para llevar,2023-10-21
TXN_2954833,Café,1,2.0,2.0,,,2023-01-29
TXN_5309677,Café,4,2.0,8.0,Efectivo,Restaurante,2023-08-09
TXN_6011106,Jugo,2,3.0,6.0,Nequi/Daviplata,,2023-09-07
TXN_4714592,Te,1,1.5,1.5,Efectivo,,2023-06-02
TXN_6704284,Ensalada,2,5.0,10.0,Tarjeta Crédito,Para llevar,2023-08-31
TXN_9506076,Ensalada,5,5.0,25.0,,,2023-01-17
TXN_2354394,Te,4,1.5,6.0,Efectivo,Restaurante,2023-04-17
TXN_3436344,Granizado,2,4.0,8.0,,,2023-02-28
TXN_7826516,Torta,4,3.0,12.0,Tarjeta Crédito,,2023-06-21
TXN_2699745,Café,4,2.0,8.0,,Restaurante,2023-12-30
TXN_6097664,Ensalada,4,5.0,20.0,Nequi/Daviplata,Restaurante,2023-11-27
TXN_3858288,Te,2,1.5,3.0,,,2023-04-12
TXN_1272815,Jugo,4,3.0,12.0,Tarjeta Crédito,,2023-08-07
TXN_4755623,Jugo,3,3.0,9.0,Efectivo,,2023-11-23
TXN_8261045,Te,3,1.5,4.5,Efectivo,,2023-01-21
TXN_2217015,Café,3,2.0,6.0,,Para llevar,2023-04-17
TXN_1660104,Granizado,2,4.0,8.0,Tarjeta Crédito,Para llevar,2023-02-04
TXN_6589078,Te,3,1.5,4.5,Nequi/Daviplata,,2023-08-03
TXN_6306555,Granizado,1,4.0,4.0,Nequi/Daviplata,Para llevar,2023-04-12
TXN_1208561,,ERROR,,20.0,Tarjeta Crédito,,2023-08-19
TXN_8751702,,5,,15.0,Efectivo,,2023-02-13
TXN_2079029,Torta,5,3.0,15.0,Efectivo,Restaurante,2023-05-11
TXN_5737641,Galleta,1,1.0,1.0,ERROR,,2023-02-16
TXN_2845506,Te,2,1.5,3.0,Nequi/Daviplata,Para llevar,2023-12-30
TXN_8565799,Granizado,4,4.0,16.0,Tarjeta Crédito,Restaurante,2023-04-22
TXN_3052584,Ensalada,1,5.0,5.0,Efectivo,Restaurante,2023-01-21
TXN_1530892,Jugo,2,3.0,6.0,Nequi/Daviplata,,2023-09-09
TXN_3392953,Café,1,2.0,,Nequi/Daviplata,Para llevar,2023-01-06
TXN_4606893,Jugo,5,3.0,15.0,Nequi/Daviplata,Restaurante,2023-05-24
TXN_7300653,Galleta,5,1.0,5.0,ERROR,,2023-04-24
TXN_1759063,Galleta,2,1.0,2.0,Nequi/Daviplata,Para llevar,2023-09-09
TXN_1706896,Granizado,3,4.0,12.0,Efectivo,,2023-07-15
TXN_3325234,Te,ERROR,1.5,1.5,ERROR,Restaurante,2023-08-26
TXN_5536245,Granizado,4,4.0,16.0,Efectivo,,
TXN_1976619,Café,2,2.0,4.0,Nequi/Daviplata,,2023-08-02
TXN_7953750,Sandwich,5,4.0,20.0,Efectivo,Restaurante,2023-06-16
TXN_9162296,DESCONOCIDO,3,4.0,12.0,Efectivo,Restaurante,2023-05-10
TXN_8367194,Jugo,1,3.0,3.0,Nequi/Daviplata,Para llevar,2023-02-04
TXN_6744733,Sandwich,1,4.0,,Efectivo,Para llevar,DESCONOCIDO
TXN_4959078,Torta,2,3.0,6.0,Nequi/Daviplata,Para llevar,2023-09-13
TXN_4552137,Te,2,1.5,3.0,,Restaurante,2023-04-05
TXN_1748121,Torta,2,3.0,6.0,,Restaurante,2023-12-07
TXN_7922350,Café,2,2.0,4.0,DESCONOCIDO,Para llevar,2023-05-09
TXN_1944293,Café,3,2.0,6.0,,Restaurante,2023-02-25
TXN_4528914,Ensalada,,5.0,5.0,ERROR,Restaurante,2023-08-06
TXN_1928401,Sandwich,5,4.0,20.0,Nequi/Daviplata,Restaurante,2023-06-15
TXN_7621213,Café,ERROR,2.0,6.0,,Restaurante,2023-03-07
TXN_7861799,Galleta,2,1.0,2.0,Efectivo,Para llevar,2023-05-23
TXN_5244674,Torta,5,3.0,15.0,,,2023-04-27
TXN_9679675,Café,1,2.0,2.0,Efectivo,,2023-07-07
TXN_2562041,Torta,5,3.0,15.0,Efectivo,Para llevar,2023-12-24
TXN_2738904,Granizado,4,4.0,16.0,Nequi/Daviplata,,2023-11-23
TXN_7359190,Ensalada,DESCONOCIDO,5.0,15.0,,,2023-12-19
TXN_9266499,Torta,1,3.0,ERROR,Nequi/Daviplata,DESCONOCIDO,2023-02-16
TXN_9196229,Sandwich,5,4.0,20.0,Tarjeta Crédito,,2023-12-08
TXN_3740505,,2,1.5,3.0,,,2023-11-21
TXN_4308634,Café,3,2.0,6.0,Efectivo,Restaurante,2023-02-14
TXN_3450880,Te,3,1.5,4.5,,Restaurante,2023-05-29
TXN_6838411,Café,1,2.0,2.0,Efectivo,,2023-07-04
TXN_7548396,Te,2,1.5,3.0,Nequi/Daviplata,,2023-04-06
TXN_8786286,Sandwich,5,4.0,20.0,Nequi/Daviplata,,2023-05-28
TXN_7439400,Ensalada,3,5.0,15.0,,Para llevar,2023-06-28
TXN_7461658,Café,3,2.0,6.0,Tarjeta Crédito,,2023-08-13
TXN_6017034,Torta,4,3.0,12.0,DESCONOCIDO,,2023-10-06
TXN_3649492,Ensalada,4,5.0,20.0,Nequi/Daviplata,,2023-12-01
TXN_4071743,ERROR,5,2.0,10.0,,Para llevar,2023-07-06
TXN_8150967,Granizado,3,4.0,12.0,Efectivo,,2023-01-08
TXN_3792683,Ensalada,4,5.0,20.0,Nequi/Daviplata,Restaurante,2023-08-06
TXN_4006067,Jugo,4,3.0,12.0,Efectivo,Para llevar,2023-01-30
TXN_1975184,Café,,2.0,DESCONOCIDO,Nequi/Daviplata,,2023-01-15
TXN_3456242,Sandwich,5,4.0,20.0,Tarjeta Crédito,,2023-04-28
TXN_1928131,Granizado,1,4.0,4.0,Tarjeta Crédito,Para llevar,2023-04-17
TXN_8318388,Torta,5,3.0,15.0,DESCONOCIDO,DESCONOCIDO,2023-11-26
TXN_8270768,Jugo,5,3.0,15.0,Nequi/Daviplata,Para llevar,2023-02-28
TXN_4157300,Te,4,1.5,6.0,Efectivo,Para llevar,2023-09-23
TXN_3224156,Galleta,1,1.0,1.0,Tarjeta Crédito,Restaurante,2023-03-16
TXN_3105633,,1,2.0,2.0,,Restaurante,2023-03-30
TXN_1964893,Granizado,1,4.0,4.0,,ERROR,ERROR
TXN_7936851,Sandwich,3,4.0,12.0,,,2023-10-07
TXN_6393305,Ensalada,5,5.0,25.0,Nequi/Daviplata,Restaurante,2023-10-19
TXN_7326720,Torta,2,3.0,6.0,ERROR,Restaurante,2023-12-08
TXN_3069563,Sandwich,2,4.0,8.0,Efectivo,DESCONOCIDO,2023-04-25
TXN_1728427,Café,5,2.0,10.0,Efectivo,,2023-02-11
TXN_9176288,Te,2,1.5,3.0,Nequi/Daviplata,Restaurante,2023-02-08
TXN_9071439,Jugo,3,3.0,9.0,Tarjeta Crédito,,2023-02-05
TXN_4659954,,3,4.0,12.0,Tarjeta Crédito,Restaurante,
TXN_1841204,Ensalada,3,5.0,15.0,Nequi/Daviplata,Restaurante,2023-04-18
TXN_8963470,Ensalada,,5.0,10.0,,Restaurante,2023-06-01
TXN_8330240,Sandwich,4,4.0,16.0,Nequi/Daviplata,,2023-06-06
TXN_3534588,Ensalada,1,5.0,5.0,Efectivo,ERROR,2023-07-05
TXN_2749289,Granizado,2,4.0,,Nequi/Daviplata,Para llevar,2023-05-05
TXN_6587628,Café,5,2.0,10.0,,Restaurante,2023-05-09
TXN_1711872,Jugo,1,3.0,3.0,,Para llevar,2023-01-27
TXN_3809533,Jugo,2,,ERROR,Nequi/Daviplata,Para llevar,2023-02-02
TXN_4339925,Galleta,1,1.0,1.0,Efectivo,Para llevar,2023-11-23
TXN_1183208,Granizado,5,4.0,20.0,ERROR,,2023-08-26
TXN_9089045,Café,,2.0,10.0,Efectivo,Restaurante,2023-03-12
TXN_9503145,Jugo,5,3.0,15.0,Nequi/Daviplata,,2023-09-21
TXN_8999360,Jugo,3,3.0,9.0,Efectivo,Para llevar,2023-09-27
TXN_6188262,Jugo,1,3.0,3.0,Efectivo,Para llevar,2023-10-24
TXN_5967452,Jugo,5,3.0,15.0,Tarjeta Crédito,,2023-03-07
TXN_9053365,Galleta,1,1.0,1.0,Nequi/Daviplata,Restaurante,2023-07-15
TXN_3706457,Te,5,1.5,7.5,Tarjeta Crédito,Para llevar,2023-07-18
TXN_9612533,Torta,2,3.0,6.0,Nequi/Daviplata,Restaurante,2023-01-26
TXN_4948026,Te,4,1.5,6.0,Nequi/Daviplata,Restaurante,2023-07-02
TXN_8741663,Granizado,1,4.0,4.0,Tarjeta Crédito,Para llevar,2023-01-21
TXN_7249396,Torta,1,3.0,3.0,Efectivo,,2023-09-26
TXN_8104914,Galleta,1,1.0,1.0,,Para llevar,DESCONOCIDO
TXN_8922585,Ensalada,5,5.0,25.0,Tarjeta Crédito,DESCONOCIDO,2023-06-22
TXN_2112522,Sandwich,5,4.0,20.0,Nequi/Daviplata,Para llevar,2023-04-30
TXN_2338617,ERROR,2,3.0,6.0,Nequi/Daviplata,DESCONOCIDO,2023-01-12
TXN_2464054,Café,ERROR,2.0,10.0,,Para llevar,2023-08-18
TXN_6133115,Granizado,5,4.0,20.0,,Restaurante,2023-12-08
TXN_8408353,Te,1,1.5,1.5,Tarjeta Crédito,DESCONOCIDO,2023-12-13
TXN_6420902,Torta,3,3.0,9.0,Tarjeta Crédito,Para llevar,2023-11-22
TXN_9400245,Ensalada,1,5.0,5.0,,Restaurante,2023-02-24
TXN_4767609,Café,3,2.0,6.0,Nequi/Daviplata,Restaurante,2023-10-15
TXN_1425591,Granizado,1,4.0,4.0,Efectivo,,2023-09-10
TXN_2292088,ERROR,1,4.0,4.0,Nequi/Daviplata,Para llevar,2023-03-04
TXN_6706599,Torta,1,3.0,3.0,,Para llevar,2023-09-20
TXN_4365321,Ensalada,4,5.0,20.0,Efectivo,Restaurante,2023-03-09
TXN_4457299,Granizado,3,4.0,12.0,Tarjeta Crédito,Restaurante,2023-09-19
TXN_4671375,Te,1,1.5,1.5,,,2023-06-28
TXN_1184715,Torta,2,3.0,6.0,,,2023-09-10
TXN_5981429,Jugo,2,,6.0,Nequi/Daviplata,,2023-12-24
TXN_9036527,Granizado,4,4.0,16.0,Nequi/Daviplata,,2023-06-27
TXN_2464706,Torta,4,DESCONOCIDO,12.0,Nequi/Daviplata,Para llevar,2023-11-09
TXN_8844497,Sandwich,3,4.0,12.0,,Para llevar,2023-11-18
TXN_5171519,Ensalada,3,5.0,15.0,,Restaurante,2023-04-06
TXN_6049240,Jugo,1,3.0,3.0,Efectivo,,2023-05-31
TXN_4428252,Sandwich,3,4.0,12.0,,Para llevar,2023-10-31
TXN_8344810,Granizado,2,4.0,8.0,,DESCONOCIDO,
TXN_8502079,Te,DESCONOCIDO,1.5,3.0,Efectivo,,2023-04-20
TXN_9460419,Torta,1,3.0,3.0,,Para llevar,DESCONOCIDO
TXN_1169615,Granizado,5,4.0,20.0,Nequi/Daviplata,Restaurante,2023-03-16
TXN_9778251,Te,ERROR,1.5,6.0,,Para llevar,2023-11-09
TXN_1949093,Granizado,2,4.0,8.0,Efectivo,,2023-02-05
TXN_8253472,Torta,1,3.0,3.0,,,DESCONOCIDO
TXN_9357808,Sandwich,4,4.0,16.0,Efectivo,,2023-05-20
TXN_9026468,Sandwich,2,4.0,8.0,Tarjeta Crédito,ERROR,2023-08-23
TXN_8273780,Ensalada,2,5.0,10.0,Nequi/Daviplata,Para llevar,2023-10-15
TXN_4224427,Jugo,4,3.0,12.0,Efectivo,Para llevar,2023-01-23
TXN_5344848,Ensalada,1,5.0,5.0,Nequi/Daviplata,Para llevar,2023-09-27
TXN_6411708,Café,4,2.0,8.0,Tarjeta Crédito,Restaurante,2023-05-20
TXN_7495283,Torta,DESCONOCIDO,3.0,15.0,Tarjeta Crédito,Para llevar,2023-04-14
TXN_8153550,Galleta,2,1.0,2.0,Efectivo,Para llevar,2023-10-12
TXN_8807600,DESCONOCIDO,1,4.0,4.0,Efectivo,Para llevar,2023-09-24
TXN_5921442,Granizado,4,4.0,16.0,Efectivo,Para llevar,2023-02-04
TXN_9496697,Te,1,1.5,1.5,,Restaurante,2023-09-27
TXN_3130865,Jugo,3,3.0,9.0,,Restaurante,DESCONOCIDO
TXN_2818204,Torta,1,3.0,3.0,Nequi/Daviplata,,2023-03-09
TXN_4122925,ERROR,4,1.0,4.0,,Para llevar,2023-10-20
TXN_9407169,Sandwich,1,4.0,4.0,Nequi/Daviplata,,2023-01-28
TXN_8966400,Torta,5,3.0,15.0,Tarjeta Crédito,Para llevar,2023-11-29
TXN_1191659,Café,4,2.0,ERROR,Tarjeta Crédito,Restaurante,2023-11-21
TXN_9187008,Te,4,1.5,6.0,ERROR,,2023-09-16
TXN_1958525,Galleta,3,1.0,3.0,,Para llevar,2023-10-08
TXN_6487003,Café,ERROR,2.0,8.0,Tarjeta Crédito,Para llevar,2023-11-15
TXN_4125474,ERROR,2,5.0,10.0,Tarjeta Crédito,Restaurante,2023-08-02
TXN_4556831,Jugo,2,3.0,6.0,Nequi/Daviplata,Restaurante,2023-05-28
TXN_3546629,Jugo,5,3.0,15.0,,Restaurante,2023-03-04
TXN_2153100,Te,2,DESCONOCIDO,3.0,Efectivo,,2023-12-29
TXN_4723089,Sandwich,4,4.0,16.0,Efectivo,Restaurante,2023-05-23
TXN_8545707,Torta,5,3.0,15.0,,Para llevar,2023-02-14
TXN_8938445,Torta,3,3.0,9.0,,Restaurante,2023-11-07
TXN_5846013,Te,2,1.5,3.0,Nequi/Daviplata,,2023-12-20
TXN_6494265,Café,2,2.0,4.0,,,2023-05-24
TXN_8563793,Jugo,4,3.0,12.0,,Restaurante,2023-03-26
TXN_8866974,Granizado,3,4.0,12.0,Nequi/Daviplata,Para llevar,2023-03-14
TXN_9954652,Café,2,2.0,4.0,Efectivo,Restaurante,2023-09-12
TXN_5762440,Sandwich,5,4.0,20.0,Efectivo,Restaurante,2023-03-05
TXN_6120851,Ensalada,5,5.0,25.0,Efectivo,Para llevar,2023-02-04
TXN_3124078,Torta,4,3.0,12.0,DESCONOCIDO,Restaurante,2023-08-06
TXN_7936002,Ensalada,2,5.0,10.0,Nequi/Daviplata,,2023-01-26
TXN_8076061,Te,4,1.5,6.0,Efectivo,Restaurante,2023-04-01
TXN_9668108,Torta,1,3.0,3.0,Efectivo,Restaurante,2023-01-20
TXN_3528020,Galleta,1,1.0,1.0,,Para llevar,2023-08-26
TXN_5548914,Jugo,2,3.0,ERROR,Nequi/Daviplata,Restaurante,2023-11-04
TXN_4302199,Te,3,1.5,4.5,,,2023-02-16
TXN_9933628,Granizado,5,4.0,20.0,Efectivo,Restaurante,2023-07-20
TXN_6796890,Te,4,1.5,6.0,DESCONOCIDO,,2023-08-24
TXN_4583012,ERROR,5,4.0,20.0,Nequi/Daviplata,,2023-02-27
TXN_8567525,Galleta,2,1.0,2.0,,Para llevar,2023-12-30
TXN_9226047,Granizado,3,4.0,12.0,Efectivo,,DESCONOCIDO
TXN_3142496,Granizado,DESCONOCIDO,4.0,4.0,Efectivo,Para llevar,2023-07-27
TXN_3297457,Torta,2,3.0,6.0,,DESCONOCIDO,2023-01-03
TXN_2858441,Sandwich,2,4.0,8.0,Tarjeta Crédito,Restaurante,2023-12-14
TXN_1784478,Jugo,5,3.0,15.0,Efectivo,,2023-07-31
TXN_9594133,Torta,5,3.0,,ERROR,,
TXN_1741685,Jugo,5,3.0,15.0,Efectivo,,2023-08-18
TXN_1538510,Café,5,2.0,10.0,Nequi/Daviplata,,2023-05-22
TXN_3897619,Sandwich,3,4.0,12.0,Efectivo,Para llevar,2023-02-24
TXN_2739140,Granizado,4,4.0,16.0,DESCONOCIDO,Restaurante,2023-07-05
TXN_4766549,Granizado,2,4.0,,Efectivo,,2023-10-20
TXN_7851634,DESCONOCIDO,4,4.0,16.0,,,2023-01-08
TXN_7672686,Café,2,2.0,4.0,,DESCONOCIDO,2023-08-30
TXN_9659401,,3,,3.0,Nequi/Daviplata,,2023-06-02
TXN_5255387,Café,4,2.0,8.0,Nequi/Daviplata,,2023-03-02
TXN_7695629,Galleta,3,,3.0,Nequi/Daviplata,,2023-12-02
TXN_6170729,Sandwich,3,4.0,12.0,Efectivo,Restaurante,2023-11-07
